id,chapitre,sujet,objectif,decision,motif,question_finale,cle,distracteur,texte_final,attrait,refutation,analyse_anterieure,critique_finale,date_relecture_pedagogique,controle_factuel,format,sha256_fr
n2-prerogatives-n2-aptitudes-001,01,Réglementation,P001,CONSERVEE,Conservée après nouvelle lecture : Inverser les fonctions encadrée/autonome aux deux profondeurs. La distinction interrogée reste utile au même objectif.,Quelles aptitudes d’exploration le brevet N2 FFESSM atteste-t-il ?,Autonomie jusqu’à 20 m (PA20) et plongée encadrée jusqu’à 40 m (PE40),1,Plongée encadrée jusqu’à 20 m (PE20) et autonomie jusqu’à 40 m (PA40),Inverser les fonctions encadrée/autonome aux deux profondeurs.,"N2 atteste PA20 et PE40, pas PE20 et PA40.",REGLEMENTATION_N2_2026-10-10.csv,"Recto autonome, clé unique, alternatives et corrigé relus ; pas de quota de corrections.",2026-10-10,"Sources historiques datées conservées ; recroisements du 10 octobre détaillés dans le journal, sans antidater les consultations.",QCM ; 4 choix ; modèle historique conservé,21701ce9a4f350f3062879e73558a03aca1730a3891aa1e62e4513d112b33ad2
n2-prerogatives-n2-aptitudes-001,01,Réglementation,P001,CONSERVEE,Conservée après nouvelle lecture : Remplacer la partie encadrée par une autonomie plus profonde. La distinction interrogée reste utile au même objectif.,Quelles aptitudes d’exploration le brevet N2 FFESSM atteste-t-il ?,Autonomie jusqu’à 20 m (PA20) et plongée encadrée jusqu’à 40 m (PE40),2,Autonomie jusqu’à 20 m (PA20) et autonomie jusqu’à 40 m (PA40),Remplacer la partie encadrée par une autonomie plus profonde.,N2 seul ne donne pas PA40.,REGLEMENTATION_N2_2026-10-10.csv,"Recto autonome, clé unique, alternatives et corrigé relus ; pas de quota de corrections.",2026-10-10,"Sources historiques datées conservées ; recroisements du 10 octobre détaillés dans le journal, sans antidater les consultations.",QCM ; 4 choix ; modèle historique conservé,21701ce9a4f350f3062879e73558a03aca1730a3891aa1e62e4513d112b33ad2
n2-prerogatives-n2-aptitudes-001,01,Réglementation,P001,CONSERVEE,Conservée après nouvelle lecture : Oublier PA20 et attribuer PA40. La distinction interrogée reste utile au même objectif.,Quelles aptitudes d’exploration le brevet N2 FFESSM atteste-t-il ?,Autonomie jusqu’à 20 m (PA20) et plongée encadrée jusqu’à 40 m (PE40),3,Plongée encadrée jusqu’à 40 m (PE40) et autonomie jusqu’à 40 m (PA40),Oublier PA20 et attribuer PA40.,La combinaison N2 est PA20 + PE40.,REGLEMENTATION_N2_2026-10-10.csv,"Recto autonome, clé unique, alternatives et corrigé relus ; pas de quota de corrections.",2026-10-10,"Sources historiques datées conservées ; recroisements du 10 octobre détaillés dans le journal, sans antidater les consultations.",QCM ; 4 choix ; modèle historique conservé,21701ce9a4f350f3062879e73558a03aca1730a3891aa1e62e4513d112b33ad2
n2-prerogatives-qualifications-separees-001,01,Réglementation,P004,CONSERVEE,Conservée après nouvelle lecture : Confondre parcours séparé et obligation de refaire le parcours combiné. La distinction interrogée reste utile au même objectif.,Un plongeur FFESSM titulaire de PE40 obtient ensuite PA20. Que permet cette seconde qualification pour la délivrance du N2 ?,La réunion des deux qualifications permet la délivrance du N2,1,La réunion des deux qualifications permet l’entrée dans une formation N2 à reprendre intégralement,Confondre parcours séparé et obligation de refaire le parcours combiné.,La seconde qualification entraîne la délivrance du N2 sans recommencer toute sa formation.,REGLEMENTATION_N2_2026-10-10.csv,"Recto autonome, clé unique, alternatives et corrigé relus ; pas de quota de corrections.",2026-10-10,"Sources historiques datées conservées ; recroisements du 10 octobre détaillés dans le journal, sans antidater les consultations.",QCM ; 3 choix ; modèle historique conservé,f0bc3602b7c21ca5b944a24cc353f89e803425097d2968e48ac580a491a2a806
n2-prerogatives-qualifications-separees-001,01,Réglementation,P004,CONSERVEE,Conservée après nouvelle lecture : Confondre profondeur encadrée et profondeur autonome du N2. La distinction interrogée reste utile au même objectif.,Un plongeur FFESSM titulaire de PE40 obtient ensuite PA20. Que permet cette seconde qualification pour la délivrance du N2 ?,La réunion des deux qualifications permet la délivrance du N2,2,La réunion des deux qualifications permet la délivrance du N2 après obtention complémentaire de PA40,Confondre profondeur encadrée et profondeur autonome du N2.,PA40 ne fait pas partie de la combinaison PA20 + PE40.,REGLEMENTATION_N2_2026-10-10.csv,"Recto autonome, clé unique, alternatives et corrigé relus ; pas de quota de corrections.",2026-10-10,"Sources historiques datées conservées ; recroisements du 10 octobre détaillés dans le journal, sans antidater les consultations.",QCM ; 3 choix ; modèle historique conservé,f0bc3602b7c21ca5b944a24cc353f89e803425097d2968e48ac580a491a2a806
n2-prerogatives-autonomie-dp-001,01,Réglementation,P006,CONSERVEE,Conservée après nouvelle lecture : Confondre encadrement immergé et direction de l’activité. La distinction interrogée reste utile au même objectif.,"En France, un établissement organise une exploration PA20. Quelle présence est requise pour l’organisation de cette plongée autonome ?","Un DP au lieu de mise à l’eau ou d’immersion, sans guide conduisant la palanquée",1,"Un guide conduisant la palanquée sous l’eau, sans DP au lieu de mise à l’eau ou d’immersion",Confondre encadrement immergé et direction de l’activité.,Un guide sous l’eau ne remplace pas le DP requis sur le site.,REGLEMENTATION_N2_2026-10-10.csv,"Recto autonome, clé unique, alternatives et corrigé relus ; pas de quota de corrections.",2026-10-10,"Sources historiques datées conservées ; recroisements du 10 octobre détaillés dans le journal, sans antidater les consultations.",QCM ; 3 choix ; modèle historique conservé,a5db5cf9281edc77d251f181acfd4769e2cb5beb7f2d97d2e260f263e7e3dffb
n2-prerogatives-autonomie-dp-001,01,Réglementation,P006,CONSERVEE,Conservée après nouvelle lecture : Confondre disponibilité par téléphone et présence sur le site. La distinction interrogée reste utile au même objectif.,"En France, un établissement organise une exploration PA20. Quelle présence est requise pour l’organisation de cette plongée autonome ?","Un DP au lieu de mise à l’eau ou d’immersion, sans guide conduisant la palanquée",2,"Un DP joignable à distance, sans guide conduisant la palanquée",Confondre disponibilité par téléphone et présence sur le site.,Le DP doit être présent au lieu de mise à l’eau ou d’immersion.,REGLEMENTATION_N2_2026-10-10.csv,"Recto autonome, clé unique, alternatives et corrigé relus ; pas de quota de corrections.",2026-10-10,"Sources historiques datées conservées ; recroisements du 10 octobre détaillés dans le journal, sans antidater les consultations.",QCM ; 3 choix ; modèle historique conservé,a5db5cf9281edc77d251f181acfd4769e2cb5beb7f2d97d2e260f263e7e3dffb
n2-prerogatives-pa20-effectif-001,01,Réglementation,P007,CONSERVEE,Conservée après nouvelle lecture : Compter un à deux membres au lieu d’un à deux équipiers. La distinction interrogée reste utile au même objectif.,"Quelle plage d’effectifs est autorisée pour une palanquée d’exploration autonome PA20 en France, en comptant tous ses membres ?",De deux à trois plongeurs,1,De un à deux plongeurs,Compter un à deux membres au lieu d’un à deux équipiers.,"Avec le plongeur lui-même, cela donne deux à trois membres.",REGLEMENTATION_N2_2026-10-10.csv,"Recto autonome, clé unique, alternatives et corrigé relus ; pas de quota de corrections.",2026-10-10,"Sources historiques datées conservées ; recroisements du 10 octobre détaillés dans le journal, sans antidater les consultations.",QCM ; 4 choix ; modèle historique conservé,5a4805b57a4e71e829a3264e0b847967dedc89930bbc400c36a291a32b1b2d47
n2-prerogatives-pa20-effectif-001,01,Réglementation,P007,CONSERVEE,Conservée après nouvelle lecture : Décaler les deux bornes d’un membre. La distinction interrogée reste utile au même objectif.,"Quelle plage d’effectifs est autorisée pour une palanquée d’exploration autonome PA20 en France, en comptant tous ses membres ?",De deux à trois plongeurs,2,De trois à quatre plongeurs,Décaler les deux bornes d’un membre.,"Le maximum est trois, et deux membres sont permis.",REGLEMENTATION_N2_2026-10-10.csv,"Recto autonome, clé unique, alternatives et corrigé relus ; pas de quota de corrections.",2026-10-10,"Sources historiques datées conservées ; recroisements du 10 octobre détaillés dans le journal, sans antidater les consultations.",QCM ; 4 choix ; modèle historique conservé,5a4805b57a4e71e829a3264e0b847967dedc89930bbc400c36a291a32b1b2d47
n2-prerogatives-pa20-effectif-001,01,Réglementation,P007,CONSERVEE,Conservée après nouvelle lecture : Transférer un effectif encadré à une palanquée autonome. La distinction interrogée reste utile au même objectif.,"Quelle plage d’effectifs est autorisée pour une palanquée d’exploration autonome PA20 en France, en comptant tous ses membres ?",De deux à trois plongeurs,3,De deux à quatre plongeurs,Transférer un effectif encadré à une palanquée autonome.,PA20 n’autorise pas quatre membres dans cette plage d’effectifs.,REGLEMENTATION_N2_2026-10-10.csv,"Recto autonome, clé unique, alternatives et corrigé relus ; pas de quota de corrections.",2026-10-10,"Sources historiques datées conservées ; recroisements du 10 octobre détaillés dans le journal, sans antidater les consultations.",QCM ; 4 choix ; modèle historique conservé,5a4805b57a4e71e829a3264e0b847967dedc89930bbc400c36a291a32b1b2d47
n2-prerogatives-pa20-equipiers-001,01,Réglementation,P008,CONSERVEE,Conservée après nouvelle lecture : Confondre même profondeur et même autonomie. La distinction interrogée reste utile au même objectif.,"Pour explorer ensemble jusqu’à 20 m en autonomie en France, quelles aptitudes chaque membre de la palanquée doit-il au minimum justifier ?",PA20,1,PE20,Confondre même profondeur et même autonomie.,PE20 reste encadré.,REGLEMENTATION_N2_2026-10-10.csv,"Recto autonome, clé unique, alternatives et corrigé relus ; pas de quota de corrections.",2026-10-10,"Sources historiques datées conservées ; recroisements du 10 octobre détaillés dans le journal, sans antidater les consultations.",QCM ; 4 choix ; modèle historique conservé,bff0880119d117e9b066d4aa4f0c552a50808c633bf362f036367daac7c1bd20
n2-prerogatives-pa20-equipiers-001,01,Réglementation,P008,CONSERVEE,Conservée après nouvelle lecture : Confondre profondeur supérieure et aptitude autonome. La distinction interrogée reste utile au même objectif.,"Pour explorer ensemble jusqu’à 20 m en autonomie en France, quelles aptitudes chaque membre de la palanquée doit-il au minimum justifier ?",PA20,2,PE40,Confondre profondeur supérieure et aptitude autonome.,PE40 reste encadré.,REGLEMENTATION_N2_2026-10-10.csv,"Recto autonome, clé unique, alternatives et corrigé relus ; pas de quota de corrections.",2026-10-10,"Sources historiques datées conservées ; recroisements du 10 octobre détaillés dans le journal, sans antidater les consultations.",QCM ; 4 choix ; modèle historique conservé,bff0880119d117e9b066d4aa4f0c552a50808c633bf362f036367daac7c1bd20
n2-prerogatives-pa20-equipiers-001,01,Réglementation,P008,CONSERVEE,Conservée après nouvelle lecture : Confondre aptitude autonome et espace d’évolution. La distinction interrogée reste utile au même objectif.,"Pour explorer ensemble jusqu’à 20 m en autonomie en France, quelles aptitudes chaque membre de la palanquée doit-il au minimum justifier ?",PA20,3,PA12,Confondre aptitude autonome et espace d’évolution.,PA12 ne permet pas 20 m en autonomie.,REGLEMENTATION_N2_2026-10-10.csv,"Recto autonome, clé unique, alternatives et corrigé relus ; pas de quota de corrections.",2026-10-10,"Sources historiques datées conservées ; recroisements du 10 octobre détaillés dans le journal, sans antidater les consultations.",QCM ; 4 choix ; modèle historique conservé,bff0880119d117e9b066d4aa4f0c552a50808c633bf362f036367daac7c1bd20
n2-prerogatives-aptitude-restrictive-001,01,Réglementation,P012,CONSERVEE,Conservée après nouvelle lecture : Confondre assistance et transfert d’aptitudes. La distinction interrogée reste utile au même objectif.,"En France, le DP autorise une palanquée autonome comprenant un PA20 et un PA12. Il n’ajoute pas de limite de profondeur plus basse. Quelle règle fixe la profondeur maximale du groupe ?","12 m, d’après les aptitudes les plus restrictives de la palanquée",1,"20 m, d’après les aptitudes du plongeur qui assure l’assistance",Confondre assistance et transfert d’aptitudes.,La capacité d’assistance du PA20 ne donne pas PA20 à son équipier.,REGLEMENTATION_N2_2026-10-10.csv,"Recto autonome, clé unique, alternatives et corrigé relus ; pas de quota de corrections.",2026-10-10,"Sources historiques datées conservées ; recroisements du 10 octobre détaillés dans le journal, sans antidater les consultations.",QCM ; 3 choix ; modèle historique conservé,e57fb1d7f714ff43a28487293b1a209deb126a9885613635565cdc31e8ad4096
n2-prerogatives-aptitude-restrictive-001,01,Réglementation,P012,CONSERVEE,Conservée après nouvelle lecture : Prendre le mieux qualifié comme référence de profondeur commune. La distinction interrogée reste utile au même objectif.,"En France, le DP autorise une palanquée autonome comprenant un PA20 et un PA12. Il n’ajoute pas de limite de profondeur plus basse. Quelle règle fixe la profondeur maximale du groupe ?","12 m, d’après les aptitudes les plus restrictives de la palanquée",2,"20 m, d’après les aptitudes du plongeur le plus qualifié",Prendre le mieux qualifié comme référence de profondeur commune.,La référence est le plongeur aux aptitudes les plus restrictives.,REGLEMENTATION_N2_2026-10-10.csv,"Recto autonome, clé unique, alternatives et corrigé relus ; pas de quota de corrections.",2026-10-10,"Sources historiques datées conservées ; recroisements du 10 octobre détaillés dans le journal, sans antidater les consultations.",QCM ; 3 choix ; modèle historique conservé,e57fb1d7f714ff43a28487293b1a209deb126a9885613635565cdc31e8ad4096
n2-prerogatives-age-pe40-001,01,Réglementation,P013,CONSERVEE,Conservée après nouvelle lecture : Transférer un âge associé aux formations de jeunes plongeurs. La distinction interrogée reste utile au même objectif.,"Dans le cursus FFESSM, quel est l’âge minimal pour entrer en formation et obtenir la qualification PE40 ?",14 ans,1,12 ans,Transférer un âge associé aux formations de jeunes plongeurs.,Le MFT N2 fixe PE40 à quatorze ans pour entrée et délivrance.,REGLEMENTATION_N2_2026-10-10.csv,"Recto autonome, clé unique, alternatives et corrigé relus ; pas de quota de corrections.",2026-10-10,"Sources historiques datées conservées ; recroisements du 10 octobre détaillés dans le journal, sans antidater les consultations.",QCM ; 4 choix ; modèle historique conservé,de33fd5d82d3ebe6a4514ba34c31fe4e40b7cae4eed1bfd1fca4db35ea736fca
n2-prerogatives-age-pe40-001,01,Réglementation,P013,CONSERVEE,Conservée après nouvelle lecture : Transférer le seuil PA20/N2 à PE40. La distinction interrogée reste utile au même objectif.,"Dans le cursus FFESSM, quel est l’âge minimal pour entrer en formation et obtenir la qualification PE40 ?",14 ans,2,15 ans,Transférer le seuil PA20/N2 à PE40.,"Le seuil PE40 est quatorze, pas quinze.",REGLEMENTATION_N2_2026-10-10.csv,"Recto autonome, clé unique, alternatives et corrigé relus ; pas de quota de corrections.",2026-10-10,"Sources historiques datées conservées ; recroisements du 10 octobre détaillés dans le journal, sans antidater les consultations.",QCM ; 4 choix ; modèle historique conservé,de33fd5d82d3ebe6a4514ba34c31fe4e40b7cae4eed1bfd1fca4db35ea736fca
n2-prerogatives-age-pe40-001,01,Réglementation,P013,CONSERVEE,Conservée après nouvelle lecture : Confondre fin des restrictions avant seize ans et entrée PE40. La distinction interrogée reste utile au même objectif.,"Dans le cursus FFESSM, quel est l’âge minimal pour entrer en formation et obtenir la qualification PE40 ?",14 ans,3,16 ans,Confondre fin des restrictions avant seize ans et entrée PE40.,PE40 est accessible à quatorze ans avec restrictions avant seize ans.,REGLEMENTATION_N2_2026-10-10.csv,"Recto autonome, clé unique, alternatives et corrigé relus ; pas de quota de corrections.",2026-10-10,"Sources historiques datées conservées ; recroisements du 10 octobre détaillés dans le journal, sans antidater les consultations.",QCM ; 4 choix ; modèle historique conservé,de33fd5d82d3ebe6a4514ba34c31fe4e40b7cae4eed1bfd1fca4db35ea736fca
n2-prerogatives-age-certification-001,01,Réglementation,P014,CONSERVEE,Conservée après nouvelle lecture : Transférer le seuil PE40 à la délivrance PA20/N2. La distinction interrogée reste utile au même objectif.,"Dans le cursus FFESSM, quel est l’âge minimal de délivrance de PA20 ou du N2, une fois les compétences acquises ?",15 ans,1,14 ans,Transférer le seuil PE40 à la délivrance PA20/N2.,PA20/N2 exigent quinze ans.,REGLEMENTATION_N2_2026-10-10.csv,"Recto autonome, clé unique, alternatives et corrigé relus ; pas de quota de corrections.",2026-10-10,"Sources historiques datées conservées ; recroisements du 10 octobre détaillés dans le journal, sans antidater les consultations.",QCM ; 4 choix ; modèle historique conservé,98779469dc15c337ec24c324bfc323b5c78eb4308427a2cec269a93dbca43a5b
n2-prerogatives-age-certification-001,01,Réglementation,P014,CONSERVEE,Conservée après nouvelle lecture : Confondre certification et exercice de l’autonomie. La distinction interrogée reste utile au même objectif.,"Dans le cursus FFESSM, quel est l’âge minimal de délivrance de PA20 ou du N2, une fois les compétences acquises ?",15 ans,2,16 ans,Confondre certification et exercice de l’autonomie.,L’exercice attend seize ans mais la délivrance est possible dès quinze.,REGLEMENTATION_N2_2026-10-10.csv,"Recto autonome, clé unique, alternatives et corrigé relus ; pas de quota de corrections.",2026-10-10,"Sources historiques datées conservées ; recroisements du 10 octobre détaillés dans le journal, sans antidater les consultations.",QCM ; 4 choix ; modèle historique conservé,98779469dc15c337ec24c324bfc323b5c78eb4308427a2cec269a93dbca43a5b
n2-prerogatives-age-certification-001,01,Réglementation,P014,CONSERVEE,Conservée après nouvelle lecture : Réutiliser l’ancien seuil adulte de PA20. La distinction interrogée reste utile au même objectif.,"Dans le cursus FFESSM, quel est l’âge minimal de délivrance de PA20 ou du N2, une fois les compétences acquises ?",15 ans,3,18 ans,Réutiliser l’ancien seuil adulte de PA20.,"Le MFT mai 2026 prévoit quinze ans pour la délivrance, pas dix-huit.",REGLEMENTATION_N2_2026-10-10.csv,"Recto autonome, clé unique, alternatives et corrigé relus ; pas de quota de corrections.",2026-10-10,"Sources historiques datées conservées ; recroisements du 10 octobre détaillés dans le journal, sans antidater les consultations.",QCM ; 4 choix ; modèle historique conservé,98779469dc15c337ec24c324bfc323b5c78eb4308427a2cec269a93dbca43a5b
n2-prerogatives-quinze-ans-n2-001,01,Réglementation,P016,CONSERVEE,Conservée après nouvelle lecture : Faire coïncider délivrance et autonomie effectivement exerçable. La distinction interrogée reste utile au même objectif.,"Un plongeur FFESSM de 15 ans vient d’obtenir son N2. À partir de quel âge pourra-t-il exercer l’autonomie PA20 en France, si les autres conditions sont remplies ?",16 ans,1,15 ans,Faire coïncider délivrance et autonomie effectivement exerçable.,La délivrance à quinze ans ne permet pas PA20 avant seize.,REGLEMENTATION_N2_2026-10-10.csv,"Recto autonome, clé unique, alternatives et corrigé relus ; pas de quota de corrections.",2026-10-10,"Sources historiques datées conservées ; recroisements du 10 octobre détaillés dans le journal, sans antidater les consultations.",QCM ; 4 choix ; modèle historique conservé,a82d8d8c86fbf27d5055872f355c0ac03e5bb973a2e597ce40de2073956030a7
n2-prerogatives-quinze-ans-n2-001,01,Réglementation,P016,CONSERVEE,Conservée après nouvelle lecture : Transférer l’âge réglementaire PA40 à PA20. La distinction interrogée reste utile au même objectif.,"Un plongeur FFESSM de 15 ans vient d’obtenir son N2. À partir de quel âge pourra-t-il exercer l’autonomie PA20 en France, si les autres conditions sont remplies ?",16 ans,2,17 ans,Transférer l’âge réglementaire PA40 à PA20.,Dix-sept ans concerne PA40 ; PA20 commence à seize.,REGLEMENTATION_N2_2026-10-10.csv,"Recto autonome, clé unique, alternatives et corrigé relus ; pas de quota de corrections.",2026-10-10,"Sources historiques datées conservées ; recroisements du 10 octobre détaillés dans le journal, sans antidater les consultations.",QCM ; 4 choix ; modèle historique conservé,a82d8d8c86fbf27d5055872f355c0ac03e5bb973a2e597ce40de2073956030a7
n2-prerogatives-quinze-ans-n2-001,01,Réglementation,P016,CONSERVEE,Conservée après nouvelle lecture : Confondre majorité et autonomie autorisée à un mineur. La distinction interrogée reste utile au même objectif.,"Un plongeur FFESSM de 15 ans vient d’obtenir son N2. À partir de quel âge pourra-t-il exercer l’autonomie PA20 en France, si les autres conditions sont remplies ?",16 ans,3,18 ans,Confondre majorité et autonomie autorisée à un mineur.,"Le seuil PA20 est seize, avec les autres conditions requises.",REGLEMENTATION_N2_2026-10-10.csv,"Recto autonome, clé unique, alternatives et corrigé relus ; pas de quota de corrections.",2026-10-10,"Sources historiques datées conservées ; recroisements du 10 octobre détaillés dans le journal, sans antidater les consultations.",QCM ; 4 choix ; modèle historique conservé,a82d8d8c86fbf27d5055872f355c0ac03e5bb973a2e597ce40de2073956030a7
n2-prerogatives-mineur-autorisation-001,01,Réglementation,P017,CONSERVEE,Conservée après nouvelle lecture : Confondre autorisation de formation et pratique autonome. La distinction interrogée reste utile au même objectif.,"Pour un plongeur FFESSM de 16 ans, que doit viser l’autorisation du responsable légal nécessaire à une exploration PA20 ?",La pratique de la plongée en autonomie,1,L’inscription à la formation N2,Confondre autorisation de formation et pratique autonome.,L’autorisation éclairée doit viser la pratique en autonomie.,REGLEMENTATION_N2_2026-10-10.csv,"Recto autonome, clé unique, alternatives et corrigé relus ; pas de quota de corrections.",2026-10-10,"Sources historiques datées conservées ; recroisements du 10 octobre détaillés dans le journal, sans antidater les consultations.",QCM ; 4 choix ; modèle historique conservé,3d5b7d52bf1419768610d6d5c83db6c3d7cdc9c90df90a77814d7068b4036c88
n2-prerogatives-mineur-autorisation-001,01,Réglementation,P017,CONSERVEE,Conservée après nouvelle lecture : Confondre autorisation de certification et exercice effectif. La distinction interrogée reste utile au même objectif.,"Pour un plongeur FFESSM de 16 ans, que doit viser l’autorisation du responsable légal nécessaire à une exploration PA20 ?",La pratique de la plongée en autonomie,2,La délivrance du brevet N2,Confondre autorisation de certification et exercice effectif.,"L’autorisation doit couvrir l’autonomie, pas seulement la délivrance du brevet.",REGLEMENTATION_N2_2026-10-10.csv,"Recto autonome, clé unique, alternatives et corrigé relus ; pas de quota de corrections.",2026-10-10,"Sources historiques datées conservées ; recroisements du 10 octobre détaillés dans le journal, sans antidater les consultations.",QCM ; 4 choix ; modèle historique conservé,3d5b7d52bf1419768610d6d5c83db6c3d7cdc9c90df90a77814d7068b4036c88
n2-prerogatives-mineur-autorisation-001,01,Réglementation,P017,CONSERVEE,Conservée après nouvelle lecture : Transférer l’autorisation de pratique encadrée. La distinction interrogée reste utile au même objectif.,"Pour un plongeur FFESSM de 16 ans, que doit viser l’autorisation du responsable légal nécessaire à une exploration PA20 ?",La pratique de la plongée en autonomie,3,La participation aux plongées encadrées,Transférer l’autorisation de pratique encadrée.,Une autorisation portant sur les seules plongées encadrées ne vise pas l’autonomie.,REGLEMENTATION_N2_2026-10-10.csv,"Recto autonome, clé unique, alternatives et corrigé relus ; pas de quota de corrections.",2026-10-10,"Sources historiques datées conservées ; recroisements du 10 octobre détaillés dans le journal, sans antidater les consultations.",QCM ; 4 choix ; modèle historique conservé,3d5b7d52bf1419768610d6d5c83db6c3d7cdc9c90df90a77814d7068b4036c88
n2-prerogatives-mineur-information-001,01,Réglementation,P018,CONSERVEE,Conservée après nouvelle lecture : Étendre aux autres palanquées l’information des partenaires de plongée. La distinction interrogée reste utile au même objectif.,Une palanquée PA20 FFESSM autorisée accueille un plongeur de 16 ans. Qui doit être informé de la présence d’un mineur ?,Les membres de la palanquée,1,Les membres des autres palanquées du même créneau,Étendre aux autres palanquées l’information des partenaires de plongée.,La condition fédérale vise les membres de la palanquée concernée.,REGLEMENTATION_N2_2026-10-10.csv,"Recto autonome, clé unique, alternatives et corrigé relus ; pas de quota de corrections.",2026-10-10,"Sources historiques datées conservées ; recroisements du 10 octobre détaillés dans le journal, sans antidater les consultations.",QCM ; 3 choix ; modèle historique conservé,35e95a43ec25992334a95dd4175f5684a68099e767c5d3dd8c177f7862a36af3
n2-prerogatives-mineur-information-001,01,Réglementation,P018,CONSERVEE,Conservée après nouvelle lecture : Prendre l’accord parental pour une information suffisante des acteurs. La distinction interrogée reste utile au même objectif.,Une palanquée PA20 FFESSM autorisée accueille un plongeur de 16 ans. Qui doit être informé de la présence d’un mineur ?,Les membres de la palanquée,2,Le responsable légal du mineur uniquement,Prendre l’accord parental pour une information suffisante des acteurs.,Les équipiers doivent aussi être informés de la présence du mineur.,REGLEMENTATION_N2_2026-10-10.csv,"Recto autonome, clé unique, alternatives et corrigé relus ; pas de quota de corrections.",2026-10-10,"Sources historiques datées conservées ; recroisements du 10 octobre détaillés dans le journal, sans antidater les consultations.",QCM ; 3 choix ; modèle historique conservé,35e95a43ec25992334a95dd4175f5684a68099e767c5d3dd8c177f7862a36af3
n2-prerogatives-pe40-moins-seize-paliers-001,01,Réglementation,P019,CONSERVEE,Conservée après nouvelle lecture : Confondre faible profondeur de palier et absence de palier obligatoire. La distinction interrogée reste utile au même objectif.,Quelle contrainte de désaturation doit respecter la planification d’une exploration PE40 FFESSM pour un plongeur de moins de 16 ans ?,Aucun palier de décompression obligatoire prévu par l’ordinateur ou les tables,1,"Un palier de décompression à 3 m au plus, prévu par l’ordinateur ou les tables",Confondre faible profondeur de palier et absence de palier obligatoire.,Un palier imposé à 3 m reste obligatoire et ne respecte pas cette planification.,REGLEMENTATION_N2_2026-10-10.csv,"Recto autonome, clé unique, alternatives et corrigé relus ; pas de quota de corrections.",2026-10-10,"Sources historiques datées conservées ; recroisements du 10 octobre détaillés dans le journal, sans antidater les consultations.",QCM ; 3 choix ; modèle historique conservé,049cfa9268485671af4464250ccd71c26ccc05bd1c42b900d3f6eeeecd4ccaf0
n2-prerogatives-pe40-moins-seize-paliers-001,01,Réglementation,P019,CONSERVEE,Conservée après nouvelle lecture : Confondre arrêt de sécurité de trois minutes et décompression obligatoire. La distinction interrogée reste utile au même objectif.,Quelle contrainte de désaturation doit respecter la planification d’une exploration PE40 FFESSM pour un plongeur de moins de 16 ans ?,Aucun palier de décompression obligatoire prévu par l’ordinateur ou les tables,2,"Trois minutes de décompression au plus, prévues par l’ordinateur ou les tables",Confondre arrêt de sécurité de trois minutes et décompression obligatoire.,La règle ne prévoit pas une tolérance de trois minutes obligatoires.,REGLEMENTATION_N2_2026-10-10.csv,"Recto autonome, clé unique, alternatives et corrigé relus ; pas de quota de corrections.",2026-10-10,"Sources historiques datées conservées ; recroisements du 10 octobre détaillés dans le journal, sans antidater les consultations.",QCM ; 3 choix ; modèle historique conservé,049cfa9268485671af4464250ccd71c26ccc05bd1c42b900d3f6eeeecd4ccaf0
n2-prerogatives-pe40-moins-seize-nombre-001,01,Réglementation,P020,CONSERVEE,Conservée après nouvelle lecture : Confondre limitation et interdiction d’une seconde plongée. La distinction interrogée reste utile au même objectif.,"Dans le cursus FFESSM, combien de plongées par jour au maximum peut effectuer un PE40 âgé de moins de 16 ans ?",Deux plongées,1,Une plongée,Confondre limitation et interdiction d’une seconde plongée.,Deux plongées sont possibles avec les restrictions associées.,REGLEMENTATION_N2_2026-10-10.csv,"Recto autonome, clé unique, alternatives et corrigé relus ; pas de quota de corrections.",2026-10-10,"Sources historiques datées conservées ; recroisements du 10 octobre détaillés dans le journal, sans antidater les consultations.",QCM ; 4 choix ; modèle historique conservé,b894ed0a49a5c59d6352a41a8732f10a0c678c193fb4464c30e8216763ca5d05
n2-prerogatives-pe40-moins-seize-nombre-001,01,Réglementation,P020,CONSERVEE,Conservée après nouvelle lecture : Transférer le chiffre de trois heures au nombre de plongées. La distinction interrogée reste utile au même objectif.,"Dans le cursus FFESSM, combien de plongées par jour au maximum peut effectuer un PE40 âgé de moins de 16 ans ?",Deux plongées,2,Trois plongées,Transférer le chiffre de trois heures au nombre de plongées.,Trois est l’intervalle en heures ; le nombre maximal est deux.,REGLEMENTATION_N2_2026-10-10.csv,"Recto autonome, clé unique, alternatives et corrigé relus ; pas de quota de corrections.",2026-10-10,"Sources historiques datées conservées ; recroisements du 10 octobre détaillés dans le journal, sans antidater les consultations.",QCM ; 4 choix ; modèle historique conservé,b894ed0a49a5c59d6352a41a8732f10a0c678c193fb4464c30e8216763ca5d05
n2-prerogatives-pe40-moins-seize-nombre-001,01,Réglementation,P020,CONSERVEE,Conservée après nouvelle lecture : Confondre petits espacements multiples et plafond journalier. La distinction interrogée reste utile au même objectif.,"Dans le cursus FFESSM, combien de plongées par jour au maximum peut effectuer un PE40 âgé de moins de 16 ans ?",Deux plongées,3,Quatre plongées,Confondre petits espacements multiples et plafond journalier.,Le maximum reste deux indépendamment de plongées plus courtes.,REGLEMENTATION_N2_2026-10-10.csv,"Recto autonome, clé unique, alternatives et corrigé relus ; pas de quota de corrections.",2026-10-10,"Sources historiques datées conservées ; recroisements du 10 octobre détaillés dans le journal, sans antidater les consultations.",QCM ; 4 choix ; modèle historique conservé,b894ed0a49a5c59d6352a41a8732f10a0c678c193fb4464c30e8216763ca5d05
n2-prerogatives-pe40-moins-seize-intervalle-001,01,Réglementation,P020,CONSERVEE,Conservée après nouvelle lecture : Transférer un intervalle court général aux restrictions des moins de seize ans. La distinction interrogée reste utile au même objectif.,"Dans le cursus FFESSM, quelle durée minimale doit séparer les deux plongées de la journée d’un PE40 âgé de moins de 16 ans ?",Trois heures,1,Une heure,Transférer un intervalle court général aux restrictions des moins de seize ans.,Le minimum fédéral de ce cas est trois heures.,REGLEMENTATION_N2_2026-10-10.csv,"Recto autonome, clé unique, alternatives et corrigé relus ; pas de quota de corrections.",2026-10-10,"Sources historiques datées conservées ; recroisements du 10 octobre détaillés dans le journal, sans antidater les consultations.",QCM ; 4 choix ; modèle historique conservé,e2e0cfe821bf41ead8b6d6b2a5c3f099e43a4c4d0d074a43e95e726d924407b8
n2-prerogatives-pe40-moins-seize-intervalle-001,01,Réglementation,P020,CONSERVEE,Conservée après nouvelle lecture : Confondre deux plongées et deux heures. La distinction interrogée reste utile au même objectif.,"Dans le cursus FFESSM, quelle durée minimale doit séparer les deux plongées de la journée d’un PE40 âgé de moins de 16 ans ?",Trois heures,2,Deux heures,Confondre deux plongées et deux heures.,"Le nombre est deux, l’intervalle minimal est trois heures.",REGLEMENTATION_N2_2026-10-10.csv,"Recto autonome, clé unique, alternatives et corrigé relus ; pas de quota de corrections.",2026-10-10,"Sources historiques datées conservées ; recroisements du 10 octobre détaillés dans le journal, sans antidater les consultations.",QCM ; 4 choix ; modèle historique conservé,e2e0cfe821bf41ead8b6d6b2a5c3f099e43a4c4d0d074a43e95e726d924407b8
n2-prerogatives-pe40-moins-seize-intervalle-001,01,Réglementation,P020,CONSERVEE,"Conservée après nouvelle lecture : Mémoire approximative de la valeur de l’intervalle, voisine de trois heures ; pas de confusion 40 m/4 h revendiquée. La distinction interrogée reste utile au même objectif.","Dans le cursus FFESSM, quelle durée minimale doit séparer les deux plongées de la journée d’un PE40 âgé de moins de 16 ans ?",Trois heures,3,Quatre heures,"Mémoire approximative de la valeur de l’intervalle, voisine de trois heures ; pas de confusion 40 m/4 h revendiquée.",Le MFT N2 p.3 fixe un minimum de trois heures entre les deux plongées.,REGLEMENTATION_N2_2026-10-10.csv,"Recto autonome, clé unique, alternatives et corrigé relus ; pas de quota de corrections.",2026-10-10,"Sources historiques datées conservées ; recroisements du 10 octobre détaillés dans le journal, sans antidater les consultations.",QCM ; 4 choix ; modèle historique conservé,e2e0cfe821bf41ead8b6d6b2a5c3f099e43a4c4d0d074a43e95e726d924407b8
n2-prerogatives-pe40-moins-seize-seconde-001,01,Réglementation,P021,CONSERVEE,Conservée après nouvelle lecture : Confondre seuil de la première plongée et plafond de la seconde. La distinction interrogée reste utile au même objectif.,Un PE40 FFESSM de 15 ans a atteint 32 m lors de sa première plongée du jour. Quelle profondeur maximale s’applique à sa seconde plongée si les autres conditions sont réunies ?,20 m,1,30 m,Confondre seuil de la première plongée et plafond de la seconde.,Dépasser 30 m à la première impose 20 m à la seconde.,REGLEMENTATION_N2_2026-10-10.csv,"Recto autonome, clé unique, alternatives et corrigé relus ; pas de quota de corrections.",2026-10-10,"Sources historiques datées conservées ; recroisements du 10 octobre détaillés dans le journal, sans antidater les consultations.",QCM ; 3 choix ; modèle historique conservé,0dcf193e3dc0cb9d62e09b3ee80036a700a8d871d8d213c9d036b633a7f8e438
n2-prerogatives-pe40-moins-seize-seconde-001,01,Réglementation,P021,CONSERVEE,Conservée après nouvelle lecture : Réutiliser la limite générale de PE40 malgré la restriction d’âge et de succession. La distinction interrogée reste utile au même objectif.,Un PE40 FFESSM de 15 ans a atteint 32 m lors de sa première plongée du jour. Quelle profondeur maximale s’applique à sa seconde plongée si les autres conditions sont réunies ?,20 m,2,40 m,Réutiliser la limite générale de PE40 malgré la restriction d’âge et de succession.,La restriction particulière prévaut sur le plafond général de 40 m.,REGLEMENTATION_N2_2026-10-10.csv,"Recto autonome, clé unique, alternatives et corrigé relus ; pas de quota de corrections.",2026-10-10,"Sources historiques datées conservées ; recroisements du 10 octobre détaillés dans le journal, sans antidater les consultations.",QCM ; 3 choix ; modèle historique conservé,0dcf193e3dc0cb9d62e09b3ee80036a700a8d871d8d213c9d036b633a7f8e438
n2-prerogatives-documents-formation-001,01,Réglementation,P022,CONSERVEE,Conservée après nouvelle lecture : Recontrôler le niveau et le médical mais oublier l’affiliation. La distinction interrogée reste utile au même objectif.,"Les justificatifs de niveau, d’expérience et d’âge d’un candidat à la formation N2 FFESSM ont déjà été vérifiés. Quelle paire complémentaire doit encore être vérifiée pour son admission ?",Licence FFESSM valide + CACI conforme aux règles fédérales,1,Carte N1 + CACI conforme aux règles fédérales,Recontrôler le niveau et le médical mais oublier l’affiliation.,La carte N1 ne remplace pas la licence valide ; le niveau est déjà vérifié au recto.,REGLEMENTATION_N2_2026-10-10.csv,"Recto autonome, clé unique, alternatives et corrigé relus ; pas de quota de corrections.",2026-10-10,"Sources historiques datées conservées ; recroisements du 10 octobre détaillés dans le journal, sans antidater les consultations.",QCM ; 4 choix ; modèle historique conservé,6d52b3a4cffd361389e4993701282ef8934f38e8d6c964fcad936d0580c0f91d
n2-prerogatives-documents-formation-001,01,Réglementation,P022,CONSERVEE,Conservée après nouvelle lecture : Utiliser le carnet comme substitut au justificatif médical. La distinction interrogée reste utile au même objectif.,"Les justificatifs de niveau, d’expérience et d’âge d’un candidat à la formation N2 FFESSM ont déjà été vérifiés. Quelle paire complémentaire doit encore être vérifiée pour son admission ?",Licence FFESSM valide + CACI conforme aux règles fédérales,2,Licence FFESSM valide + carnet de plongée,Utiliser le carnet comme substitut au justificatif médical.,"Le carnet retrace l’expérience, pas l’absence de contre-indication.",REGLEMENTATION_N2_2026-10-10.csv,"Recto autonome, clé unique, alternatives et corrigé relus ; pas de quota de corrections.",2026-10-10,"Sources historiques datées conservées ; recroisements du 10 octobre détaillés dans le journal, sans antidater les consultations.",QCM ; 4 choix ; modèle historique conservé,6d52b3a4cffd361389e4993701282ef8934f38e8d6c964fcad936d0580c0f91d
n2-prerogatives-documents-formation-001,01,Réglementation,P022,CONSERVEE,Conservée après nouvelle lecture : Ne garder que niveau et expérience. La distinction interrogée reste utile au même objectif.,"Les justificatifs de niveau, d’expérience et d’âge d’un candidat à la formation N2 FFESSM ont déjà été vérifiés. Quelle paire complémentaire doit encore être vérifiée pour son admission ?",Licence FFESSM valide + CACI conforme aux règles fédérales,3,Carte N1 + carnet de plongée,Ne garder que niveau et expérience.,Cette paire ne comporte ni licence ni CACI à vérifier encore.,REGLEMENTATION_N2_2026-10-10.csv,"Recto autonome, clé unique, alternatives et corrigé relus ; pas de quota de corrections.",2026-10-10,"Sources historiques datées conservées ; recroisements du 10 octobre détaillés dans le journal, sans antidater les consultations.",QCM ; 4 choix ; modèle historique conservé,6d52b3a4cffd361389e4993701282ef8934f38e8d6c964fcad936d0580c0f91d
n2-prerogatives-prerequis-niveau-001,01,Réglementation,P023,CONSERVEE,Conservée après nouvelle lecture : Prendre une des qualifications visées pour le niveau d’entrée. La distinction interrogée reste utile au même objectif.,"Pour l’entrée en formation N2 FFESSM avec une certification d’un autre organisme, à quel niveau doit se rapporter l’équivalence minimale attendue ?",Des aptitudes jugées équivalentes au N1 FFESSM,1,Des aptitudes jugées équivalentes au PE40 FFESSM,Prendre une des qualifications visées pour le niveau d’entrée.,PE40 peut se préparer dans le cursus ; ce n’est pas le niveau préalable exigé.,REGLEMENTATION_N2_2026-10-10.csv,"Recto autonome, clé unique, alternatives et corrigé relus ; pas de quota de corrections.",2026-10-10,"Sources historiques datées conservées ; recroisements du 10 octobre détaillés dans le journal, sans antidater les consultations.",QCM ; 3 choix ; modèle historique conservé,f9650ccceed396ec3b204648aa237d815386bb8e03202cb4873ae896ba67419a
n2-prerogatives-prerequis-niveau-001,01,Réglementation,P023,CONSERVEE,Conservée après nouvelle lecture : Prendre l’autonomie à acquérir pour un prérequis. La distinction interrogée reste utile au même objectif.,"Pour l’entrée en formation N2 FFESSM avec une certification d’un autre organisme, à quel niveau doit se rapporter l’équivalence minimale attendue ?",Des aptitudes jugées équivalentes au N1 FFESSM,2,Des aptitudes jugées équivalentes au PA20 FFESSM,Prendre l’autonomie à acquérir pour un prérequis.,PA20 peut se préparer dans le cursus ; le niveau préalable est le N1 ou son équivalent.,REGLEMENTATION_N2_2026-10-10.csv,"Recto autonome, clé unique, alternatives et corrigé relus ; pas de quota de corrections.",2026-10-10,"Sources historiques datées conservées ; recroisements du 10 octobre détaillés dans le journal, sans antidater les consultations.",QCM ; 3 choix ; modèle historique conservé,f9650ccceed396ec3b204648aa237d815386bb8e03202cb4873ae896ba67419a
n2-prerogatives-experience-naturel-001,01,Réglementation,P024,CONSERVEE,Conservée après nouvelle lecture : Sous-estimer l’expérience minimale avec deux plongées. La distinction interrogée reste utile au même objectif.,"Combien de plongées attestées en milieu naturel sont demandées au minimum pour débuter une formation PA20, PE40 ou N2 FFESSM ?",Quatre,1,Deux,Sous-estimer l’expérience minimale avec deux plongées.,Le MFT demande au moins quatre plongées attestées en milieu naturel.,REGLEMENTATION_N2_2026-10-10.csv,"Recto autonome, clé unique, alternatives et corrigé relus ; pas de quota de corrections.",2026-10-10,"Sources historiques datées conservées ; recroisements du 10 octobre détaillés dans le journal, sans antidater les consultations.",QCM ; 4 choix ; modèle historique conservé,c14c959eed104b42a8b4370e079928736d797560a62ed327c0744c944d71692a
n2-prerogatives-experience-naturel-001,01,Réglementation,P024,CONSERVEE,Conservée après nouvelle lecture : Confondre minimum d’entrée et volume de formation supplémentaire. La distinction interrogée reste utile au même objectif.,"Combien de plongées attestées en milieu naturel sont demandées au minimum pour débuter une formation PA20, PE40 ou N2 FFESSM ?",Quatre,2,Six,Confondre minimum d’entrée et volume de formation supplémentaire.,"Le minimum demandé pour débuter est quatre, pas six.",REGLEMENTATION_N2_2026-10-10.csv,"Recto autonome, clé unique, alternatives et corrigé relus ; pas de quota de corrections.",2026-10-10,"Sources historiques datées conservées ; recroisements du 10 octobre détaillés dans le journal, sans antidater les consultations.",QCM ; 4 choix ; modèle historique conservé,c14c959eed104b42a8b4370e079928736d797560a62ed327c0744c944d71692a
n2-prerogatives-experience-naturel-001,01,Réglementation,P024,CONSERVEE,Conservée après nouvelle lecture : Confondre minimum d’entrée et nombre de plongées d’un parcours. La distinction interrogée reste utile au même objectif.,"Combien de plongées attestées en milieu naturel sont demandées au minimum pour débuter une formation PA20, PE40 ou N2 FFESSM ?",Quatre,3,Huit,Confondre minimum d’entrée et nombre de plongées d’un parcours.,"Le minimum d’accès est quatre, pas huit ; la certification exige des compétences.",REGLEMENTATION_N2_2026-10-10.csv,"Recto autonome, clé unique, alternatives et corrigé relus ; pas de quota de corrections.",2026-10-10,"Sources historiques datées conservées ; recroisements du 10 octobre détaillés dans le journal, sans antidater les consultations.",QCM ; 4 choix ; modèle historique conservé,c14c959eed104b42a8b4370e079928736d797560a62ed327c0744c944d71692a
n2-prerogatives-cmas-etoiles-001,01,Réglementation,P026,CONSERVEE,Conservée après nouvelle lecture : Transférer la référence associée au niveau précédent. La distinction interrogée reste utile au même objectif.,À quelle certification CMAS le N2 FFESSM est-il associé dans le cursus fédéral ?,Plongeur deux étoiles,1,Plongeur une étoile,Transférer la référence associée au niveau précédent.,"Le N2 est associé à deux étoiles, pas une.",REGLEMENTATION_N2_2026-10-10.csv,"Recto autonome, clé unique, alternatives et corrigé relus ; pas de quota de corrections.",2026-10-10,"Sources historiques datées conservées ; recroisements du 10 octobre détaillés dans le journal, sans antidater les consultations.",QCM ; 3 choix ; modèle historique conservé,cb0c0deff59351bb486d6f3cd1bb943d6178b2c9711785f556a1462c09f04385
n2-prerogatives-cmas-etoiles-001,01,Réglementation,P026,CONSERVEE,Conservée après nouvelle lecture : Transférer la référence d’un niveau supérieur. La distinction interrogée reste utile au même objectif.,À quelle certification CMAS le N2 FFESSM est-il associé dans le cursus fédéral ?,Plongeur deux étoiles,2,Plongeur trois étoiles,Transférer la référence d’un niveau supérieur.,"Le N2 est associé à deux étoiles, pas trois.",REGLEMENTATION_N2_2026-10-10.csv,"Recto autonome, clé unique, alternatives et corrigé relus ; pas de quota de corrections.",2026-10-10,"Sources historiques datées conservées ; recroisements du 10 octobre détaillés dans le journal, sans antidater les consultations.",QCM ; 3 choix ; modèle historique conservé,cb0c0deff59351bb486d6f3cd1bb943d6178b2c9711785f556a1462c09f04385
n2-prerogatives-etranger-regles-001,01,Réglementation,P027,CORRIGEE,"Le recto donnait déjà la limite numérique correcte ; tester la portée de la reconnaissance du brevet, au même objectif.","À l’étranger, un centre reconnaît le N2/CMAS deux étoiles. Quel cadre détermine les plongées que ce titulaire peut y effectuer ?",La réglementation locale et les conditions de plongée du centre,1,Les prérogatives françaises du N2 et les conditions de plongée du centre,Reconnaissance CMAS prise pour transfert des prérogatives françaises.,Les prérogatives françaises ne remplacent pas la réglementation du pays où se déroule la plongée.,Analyse refaite dans le contrôle final,"Recto autonome, clé unique, alternatives et corrigé relus ; pas de quota de corrections.",2026-10-10,"Sources historiques datées conservées ; recroisements du 10 octobre détaillés dans le journal, sans antidater les consultations.",QCM ; 3 choix ; modèle historique conservé,8b2b653c68ec5731ffb49bb82426f17133a83469474ae883ac14ffa3cf214c52
n2-prerogatives-etranger-regles-001,01,Réglementation,P027,CORRIGEE,"Le recto donnait déjà la limite numérique correcte ; tester la portée de la reconnaissance du brevet, au même objectif.","À l’étranger, un centre reconnaît le N2/CMAS deux étoiles. Quel cadre détermine les plongées que ce titulaire peut y effectuer ?",La réglementation locale et les conditions de plongée du centre,2,Les standards CMAS de formation et les conditions de plongée du centre,Confondre standard de certification et règles d’exercice sur le site.,La reconnaissance de formation CMAS ne se substitue pas à la réglementation locale.,Analyse refaite dans le contrôle final,"Recto autonome, clé unique, alternatives et corrigé relus ; pas de quota de corrections.",2026-10-10,"Sources historiques datées conservées ; recroisements du 10 octobre détaillés dans le journal, sans antidater les consultations.",QCM ; 3 choix ; modèle historique conservé,8b2b653c68ec5731ffb49bb82426f17133a83469474ae883ac14ffa3cf214c52
n2-organisation-palanquee-001,02,Réglementation,P028,CONSERVEE,Conservée après nouvelle lecture : Admettre une profondeur individuelle dans un trajet commun. La distinction interrogée reste utile au même objectif.,"En France, quels paramètres doivent caractériser la plongée effectuée en commun par les membres d’une palanquée ?","Durée, profondeur et trajet communs",1,"Durée et trajet communs, profondeur choisie séparément",Admettre une profondeur individuelle dans un trajet commun.,La profondeur fait aussi partie des caractéristiques communes.,REGLEMENTATION_N2_2026-10-10.csv,"Recto autonome, clé unique, alternatives et corrigé relus ; pas de quota de corrections.",2026-10-10,"Sources historiques datées conservées ; recroisements du 10 octobre détaillés dans le journal, sans antidater les consultations.",QCM ; 4 choix ; modèle historique conservé,a9e536e5712c51ea5106e294d60702e2c7cde8263dd32613e2a06d452ab750c1
n2-organisation-palanquee-001,02,Réglementation,P028,CONSERVEE,Conservée après nouvelle lecture : Admettre une durée individuelle dans un trajet commun. La distinction interrogée reste utile au même objectif.,"En France, quels paramètres doivent caractériser la plongée effectuée en commun par les membres d’une palanquée ?","Durée, profondeur et trajet communs",2,"Profondeur et trajet communs, durée choisie séparément",Admettre une durée individuelle dans un trajet commun.,La durée fait aussi partie des caractéristiques communes.,REGLEMENTATION_N2_2026-10-10.csv,"Recto autonome, clé unique, alternatives et corrigé relus ; pas de quota de corrections.",2026-10-10,"Sources historiques datées conservées ; recroisements du 10 octobre détaillés dans le journal, sans antidater les consultations.",QCM ; 4 choix ; modèle historique conservé,a9e536e5712c51ea5106e294d60702e2c7cde8263dd32613e2a06d452ab750c1
n2-organisation-palanquee-001,02,Réglementation,P028,CONSERVEE,Conservée après nouvelle lecture : Admettre des trajets distincts à durée/profondeur communes. La distinction interrogée reste utile au même objectif.,"En France, quels paramètres doivent caractériser la plongée effectuée en commun par les membres d’une palanquée ?","Durée, profondeur et trajet communs",3,"Durée et profondeur communes, trajet choisi séparément",Admettre des trajets distincts à durée/profondeur communes.,Le trajet fait aussi partie de la plongée commune définissant la palanquée.,REGLEMENTATION_N2_2026-10-10.csv,"Recto autonome, clé unique, alternatives et corrigé relus ; pas de quota de corrections.",2026-10-10,"Sources historiques datées conservées ; recroisements du 10 octobre détaillés dans le journal, sans antidater les consultations.",QCM ; 4 choix ; modèle historique conservé,a9e536e5712c51ea5106e294d60702e2c7cde8263dd32613e2a06d452ab750c1
n2-organisation-melanges-contraintes-001,02,Réglementation,P030,CONSERVEE,Conservée après nouvelle lecture : Limiter la règle collective aux aptitudes. La distinction interrogée reste utile au même objectif.,"En France, une palanquée regroupe des plongeurs aux aptitudes différentes utilisant des mélanges différents. Quelles contraintes fixent les limites de tout le groupe ?",Les aptitudes les plus restrictives et le mélange le plus contraignant,1,Les aptitudes les plus restrictives ; chaque mélange limite seulement son utilisateur,Limiter la règle collective aux aptitudes.,Le mélange le plus contraignant limite aussi tout le groupe.,REGLEMENTATION_N2_2026-10-10.csv,"Recto autonome, clé unique, alternatives et corrigé relus ; pas de quota de corrections.",2026-10-10,"Sources historiques datées conservées ; recroisements du 10 octobre détaillés dans le journal, sans antidater les consultations.",QCM ; 4 choix ; modèle historique conservé,2c06099e94d63e62980758f6a2937fc31b4989539e59718de36ab231ff417282
n2-organisation-melanges-contraintes-001,02,Réglementation,P030,CONSERVEE,Conservée après nouvelle lecture : Limiter la règle collective au mélange. La distinction interrogée reste utile au même objectif.,"En France, une palanquée regroupe des plongeurs aux aptitudes différentes utilisant des mélanges différents. Quelles contraintes fixent les limites de tout le groupe ?",Les aptitudes les plus restrictives et le mélange le plus contraignant,2,Le mélange le plus contraignant ; chaque aptitude limite seulement son titulaire,Limiter la règle collective au mélange.,Les aptitudes les plus restrictives limitent aussi tout le groupe.,REGLEMENTATION_N2_2026-10-10.csv,"Recto autonome, clé unique, alternatives et corrigé relus ; pas de quota de corrections.",2026-10-10,"Sources historiques datées conservées ; recroisements du 10 octobre détaillés dans le journal, sans antidater les consultations.",QCM ; 4 choix ; modèle historique conservé,2c06099e94d63e62980758f6a2937fc31b4989539e59718de36ab231ff417282
n2-organisation-melanges-contraintes-001,02,Réglementation,P030,CONSERVEE,Conservée après nouvelle lecture : Prendre le conducteur comme référence pour le groupe. La distinction interrogée reste utile au même objectif.,"En France, une palanquée regroupe des plongeurs aux aptitudes différentes utilisant des mélanges différents. Quelles contraintes fixent les limites de tout le groupe ?",Les aptitudes les plus restrictives et le mélange le plus contraignant,3,Les aptitudes et le mélange du plongeur qui conduit le groupe,Prendre le conducteur comme référence pour le groupe.,Les maxima ne sont pas ceux du mieux qualifié ou de celui qui conduit.,REGLEMENTATION_N2_2026-10-10.csv,"Recto autonome, clé unique, alternatives et corrigé relus ; pas de quota de corrections.",2026-10-10,"Sources historiques datées conservées ; recroisements du 10 octobre détaillés dans le journal, sans antidater les consultations.",QCM ; 4 choix ; modèle historique conservé,2c06099e94d63e62980758f6a2937fc31b4989539e59718de36ab231ff417282
n2-organisation-dp-parametres-001,02,Réglementation,P032,CONSERVEE,Conservée après nouvelle lecture : Confondre conduite immergée et définition des caractéristiques de la sortie. La distinction interrogée reste utile au même objectif.,"Pour une plongée avec DP organisée en France par un établissement, quelle fonction est chargée de fixer les paramètres prévus, notamment la profondeur et la durée ?",Le directeur de plongée,1,Le guide de palanquée,Confondre conduite immergée et définition des caractéristiques de la sortie.,Le GP adapte le déroulement dans le cadre fixé par le DP.,REGLEMENTATION_N2_2026-10-10.csv,"Recto autonome, clé unique, alternatives et corrigé relus ; pas de quota de corrections.",2026-10-10,"Sources historiques datées conservées ; recroisements du 10 octobre détaillés dans le journal, sans antidater les consultations.",QCM ; 4 choix ; modèle historique conservé,58637f3ce172fded46ee68bcf7a60fef070a5b0faab7afd7a1a85338cca7d04e
n2-organisation-dp-parametres-001,02,Réglementation,P032,CONSERVEE,Conservée après nouvelle lecture : Confondre planification autonome et fixation du cadre global. La distinction interrogée reste utile au même objectif.,"Pour une plongée avec DP organisée en France par un établissement, quelle fonction est chargée de fixer les paramètres prévus, notamment la profondeur et la durée ?",Le directeur de plongée,2,Les équipiers autonomes,Confondre planification autonome et fixation du cadre global.,Les autonomes planifient dans les caractéristiques fixées par le DP.,REGLEMENTATION_N2_2026-10-10.csv,"Recto autonome, clé unique, alternatives et corrigé relus ; pas de quota de corrections.",2026-10-10,"Sources historiques datées conservées ; recroisements du 10 octobre détaillés dans le journal, sans antidater les consultations.",QCM ; 4 choix ; modèle historique conservé,58637f3ce172fded46ee68bcf7a60fef070a5b0faab7afd7a1a85338cca7d04e
n2-organisation-dp-parametres-001,02,Réglementation,P032,CONSERVEE,Conservée après nouvelle lecture : Confondre rang de qualification et fonction désignée. La distinction interrogée reste utile au même objectif.,"Pour une plongée avec DP organisée en France par un établissement, quelle fonction est chargée de fixer les paramètres prévus, notamment la profondeur et la durée ?",Le directeur de plongée,3,L’encadrant le plus qualifié présent,Confondre rang de qualification et fonction désignée.,Le plus qualifié n’est pas nécessairement le DP responsable.,REGLEMENTATION_N2_2026-10-10.csv,"Recto autonome, clé unique, alternatives et corrigé relus ; pas de quota de corrections.",2026-10-10,"Sources historiques datées conservées ; recroisements du 10 octobre détaillés dans le journal, sans antidater les consultations.",QCM ; 4 choix ; modèle historique conservé,58637f3ce172fded46ee68bcf7a60fef070a5b0faab7afd7a1a85338cca7d04e
n2-organisation-dp-secours-001,02,Réglementation,P033,CONSERVEE,Conservée après nouvelle lecture : Confondre responsabilité de la palanquée et organisation technique sur site. La distinction interrogée reste utile au même objectif.,"Dans une plongée avec DP organisée en France par un établissement, quelle fonction porte la responsabilité technique de l’organisation de la sécurité et du déclenchement des secours ?",Le directeur de plongée,1,Le guide de palanquée,Confondre responsabilité de la palanquée et organisation technique sur site.,Le GP conduit sa palanquée ; la responsabilité technique visée relève du DP.,REGLEMENTATION_N2_2026-10-10.csv,"Recto autonome, clé unique, alternatives et corrigé relus ; pas de quota de corrections.",2026-10-10,"Sources historiques datées conservées ; recroisements du 10 octobre détaillés dans le journal, sans antidater les consultations.",QCM ; 4 choix ; modèle historique conservé,9c97b9155673e0278e733cd47faae893189869098142b36d08d44fda3a447bc9
n2-organisation-dp-secours-001,02,Réglementation,P033,CONSERVEE,Conservée après nouvelle lecture : Confondre navigation et organisation de la plongée. La distinction interrogée reste utile au même objectif.,"Dans une plongée avec DP organisée en France par un établissement, quelle fonction porte la responsabilité technique de l’organisation de la sécurité et du déclenchement des secours ?",Le directeur de plongée,2,Le chef de bord,Confondre navigation et organisation de la plongée.,Le chef de bord a ses fonctions nautiques ; la fonction désignée ici est DP.,REGLEMENTATION_N2_2026-10-10.csv,"Recto autonome, clé unique, alternatives et corrigé relus ; pas de quota de corrections.",2026-10-10,"Sources historiques datées conservées ; recroisements du 10 octobre détaillés dans le journal, sans antidater les consultations.",QCM ; 4 choix ; modèle historique conservé,9c97b9155673e0278e733cd47faae893189869098142b36d08d44fda3a447bc9
n2-organisation-dp-secours-001,02,Réglementation,P033,CONSERVEE,Conservée après nouvelle lecture : Confondre qualification supérieure et responsabilité fonctionnelle. La distinction interrogée reste utile au même objectif.,"Dans une plongée avec DP organisée en France par un établissement, quelle fonction porte la responsabilité technique de l’organisation de la sécurité et du déclenchement des secours ?",Le directeur de plongée,3,L’encadrant le plus qualifié présent,Confondre qualification supérieure et responsabilité fonctionnelle.,"Le DP, pas nécessairement le plus qualifié présent, porte cette responsabilité.",REGLEMENTATION_N2_2026-10-10.csv,"Recto autonome, clé unique, alternatives et corrigé relus ; pas de quota de corrections.",2026-10-10,"Sources historiques datées conservées ; recroisements du 10 octobre détaillés dans le journal, sans antidater les consultations.",QCM ; 4 choix ; modèle historique conservé,9c97b9155673e0278e733cd47faae893189869098142b36d08d44fda3a447bc9
n2-organisation-fiche-securite-001,02,Réglementation,P035,CONSERVEE,Conservée après nouvelle lecture : Confondre fiche de sortie et historique individuel de désaturation. La distinction interrogée reste utile au même objectif.,"Lors d’une sortie en établissement avec DP, quels paramètres la fiche de sécurité doit-elle retracer en plus des noms, aptitudes et fonctions dans la palanquée ?",Les paramètres prévus avant immersion et ceux réellement réalisés,1,Les paramètres prévus avant immersion et ceux des plongées précédentes,Confondre fiche de sortie et historique individuel de désaturation.,"L’obligation porte sur les paramètres prévus et réalisés de la sortie, pas sur les précédentes à leur place.",REGLEMENTATION_N2_2026-10-10.csv,"Recto autonome, clé unique, alternatives et corrigé relus ; pas de quota de corrections.",2026-10-10,"Sources historiques datées conservées ; recroisements du 10 octobre détaillés dans le journal, sans antidater les consultations.",QCM ; 3 choix ; modèle historique conservé,8e29899cd13acd6adf7c3ff8d46e2805e40eab8e71a1910e5e588248d7b10843
n2-organisation-fiche-securite-001,02,Réglementation,P035,CONSERVEE,Conservée après nouvelle lecture : Confondre carnet historique et fiche préparée par le DP. La distinction interrogée reste utile au même objectif.,"Lors d’une sortie en établissement avec DP, quels paramètres la fiche de sécurité doit-elle retracer en plus des noms, aptitudes et fonctions dans la palanquée ?",Les paramètres prévus avant immersion et ceux réellement réalisés,2,Les paramètres réellement réalisés et ceux des plongées précédentes,Confondre carnet historique et fiche préparée par le DP.,"Les paramètres prévus sont également requis, avant de connaître les paramètres réalisés.",REGLEMENTATION_N2_2026-10-10.csv,"Recto autonome, clé unique, alternatives et corrigé relus ; pas de quota de corrections.",2026-10-10,"Sources historiques datées conservées ; recroisements du 10 octobre détaillés dans le journal, sans antidater les consultations.",QCM ; 3 choix ; modèle historique conservé,8e29899cd13acd6adf7c3ff8d46e2805e40eab8e71a1910e5e588248d7b10843
n2-organisation-guide-conduite-001,02,Réglementation,P038,CORRIGEE,"Deux corrections successives : retirer « les circonstances justifient 20 m », puis rejeter le QCM 20/35/40 sous un maximum déjà donné de 30 m. Tester enfin la mission de guide face aux missions réelles du DP et de l’enseignant.","En exploration encadrée en France, quelle mission relève de la fonction de guide de palanquée ?",Conduire l’immersion et l’adapter aux aptitudes des plongeurs et aux circonstances,1,Fixer les paramètres du site et organiser le déclenchement des secours,"Assimiler le guide à la direction de l’activité, puisque tous deux assurent la sécurité.",Organisation du site et fixation des paramètres relèvent du DP ; le guide conduit l’immersion dans ce cadre.,Analyse refaite dans le contrôle final,"Recto autonome, clé unique, alternatives et corrigé relus ; pas de quota de corrections.",2026-10-10,"Sources historiques datées conservées ; recroisements du 10 octobre détaillés dans le journal, sans antidater les consultations.",QCM ; 3 choix ; modèle historique conservé,6659ef827ac1ab702f2ed9f00cd3af0b2b24ea68f37ccf96a948ee5b24575408
n2-organisation-guide-conduite-001,02,Réglementation,P038,CORRIGEE,"Deux corrections successives : retirer « les circonstances justifient 20 m », puis rejeter le QCM 20/35/40 sous un maximum déjà donné de 30 m. Tester enfin la mission de guide face aux missions réelles du DP et de l’enseignant.","En exploration encadrée en France, quelle mission relève de la fonction de guide de palanquée ?",Conduire l’immersion et l’adapter aux aptitudes des plongeurs et aux circonstances,2,Valider les compétences enseignées et certifier le brevet à l’issue de la formation,Assimiler conduite d’une exploration et enseignement/certification.,La seule fonction de guide ne comprend pas la validation et la délivrance du brevet ; une autre fonction d’enseignement peut être détenue par la même personne.,Analyse refaite dans le contrôle final,"Recto autonome, clé unique, alternatives et corrigé relus ; pas de quota de corrections.",2026-10-10,"Sources historiques datées conservées ; recroisements du 10 octobre détaillés dans le journal, sans antidater les consultations.",QCM ; 3 choix ; modèle historique conservé,6659ef827ac1ab702f2ed9f00cd3af0b2b24ea68f37ccf96a948ee5b24575408
n2-organisation-autonomie-collective-001,02,Réglementation,P039,CORRIGEE,"Les deux leurres invoquaient un guide explicitement absent ; comparer maintenant les limites de détection et de prise en charge, MFT N2 p.14.",Quelle étendue de prise en charge doit maîtriser chaque équipier formé à l’autonomie PA20 face à un plongeur en difficulté ?,Difficulté signalée ou observable ; assistance et remontée jusqu’à la prise en charge en surface,1,Difficulté signalée par un signe conventionnel ; assistance et remontée jusqu’à la prise en charge en surface,Croire qu’une assistance attend un signe conventionnel explicite.,Le MFT N2 p.14 exige aussi la reconnaissance de manifestations observables sans signe.,Analyse refaite dans le contrôle final,"Recto autonome, clé unique, alternatives et corrigé relus ; pas de quota de corrections.",2026-10-10,"Sources historiques datées conservées ; recroisements du 10 octobre détaillés dans le journal, sans antidater les consultations.",QCM ; 3 choix ; modèle historique conservé,2addfd175c82c37d0359130de74aff4fe55ebd814d71a8b73962765e4565ee72
n2-organisation-autonomie-collective-001,02,Réglementation,P039,CORRIGEE,"Les deux leurres invoquaient un guide explicitement absent ; comparer maintenant les limites de détection et de prise en charge, MFT N2 p.14.",Quelle étendue de prise en charge doit maîtriser chaque équipier formé à l’autonomie PA20 face à un plongeur en difficulté ?,Difficulté signalée ou observable ; assistance et remontée jusqu’à la prise en charge en surface,2,Difficulté signalée ou observable ; assistance limitée à la stabilisation à la profondeur du problème,"Limiter la compétence à l’intervention initiale au fond, en laissant la remontée à un autre équipier.",La compétence attendue englobe la prise en charge et une remontée contrôlée jusqu’au relais en surface.,Analyse refaite dans le contrôle final,"Recto autonome, clé unique, alternatives et corrigé relus ; pas de quota de corrections.",2026-10-10,"Sources historiques datées conservées ; recroisements du 10 octobre détaillés dans le journal, sans antidater les consultations.",QCM ; 3 choix ; modèle historique conservé,2addfd175c82c37d0359130de74aff4fe55ebd814d71a8b73962765e4565ee72
n2-organisation-plan-secours-001,02,Réglementation,P041,CONSERVEE,Conservée après nouvelle lecture : Confondre destinataires du plan de secours et autorisation des mineurs. La distinction interrogée reste utile au même objectif.,"En France, quelle liste complète de fonctions doit connaître le plan de secours d’une plongée en établissement ?","Le DP, les personnes encadrant les palanquées et les plongeurs autonomes",1,"Le DP, les personnes encadrant les palanquées et les responsables légaux des mineurs",Confondre destinataires du plan de secours et autorisation des mineurs.,Les autonomes sont destinataires ; les responsables légaux ne les remplacent pas dans la liste obligatoire.,REGLEMENTATION_N2_2026-10-10.csv,"Recto autonome, clé unique, alternatives et corrigé relus ; pas de quota de corrections.",2026-10-10,"Sources historiques datées conservées ; recroisements du 10 octobre détaillés dans le journal, sans antidater les consultations.",QCM ; 3 choix ; modèle historique conservé,ceab66aad7263f7058f1a2e32e561f692041ea06785a05f79e656977c392e799
n2-organisation-plan-secours-001,02,Réglementation,P041,CONSERVEE,Conservée après nouvelle lecture : Omettre les encadrants en ajoutant un destinataire lié aux mineurs. La distinction interrogée reste utile au même objectif.,"En France, quelle liste complète de fonctions doit connaître le plan de secours d’une plongée en établissement ?","Le DP, les personnes encadrant les palanquées et les plongeurs autonomes",2,"Le DP, les plongeurs autonomes et les responsables légaux des mineurs",Omettre les encadrants en ajoutant un destinataire lié aux mineurs.,Les encadrants sont expressément destinataires du plan.,REGLEMENTATION_N2_2026-10-10.csv,"Recto autonome, clé unique, alternatives et corrigé relus ; pas de quota de corrections.",2026-10-10,"Sources historiques datées conservées ; recroisements du 10 octobre détaillés dans le journal, sans antidater les consultations.",QCM ; 3 choix ; modèle historique conservé,ceab66aad7263f7058f1a2e32e561f692041ea06785a05f79e656977c392e799
n2-organisation-vhf-001,02,Réglementation,P043,CONSERVEE,Conservée après nouvelle lecture : Transférer à la VHF le champ du moyen de rappel. La distinction interrogée reste utile au même objectif.,"En France, dans quelle situation la VHF est-elle exigée pour la plongée en établissement, en plus de l’exigence générale de moyen d’alerte ?","En mer, au départ d’une embarcation support de plongée",1,"En milieu naturel, au départ de toute embarcation support de plongée",Transférer à la VHF le champ du moyen de rappel.,Le moyen de rappel vise toute embarcation en milieu naturel ; la VHF vise la mer au départ d’une embarcation.,REGLEMENTATION_N2_2026-10-10.csv,"Recto autonome, clé unique, alternatives et corrigé relus ; pas de quota de corrections.",2026-10-10,"Sources historiques datées conservées ; recroisements du 10 octobre détaillés dans le journal, sans antidater les consultations.",QCM ; 3 choix ; modèle historique conservé,7959554088ffdff718f0fe1d61e24b41d1f27df1fc1c79b2e0d2c581108070b1
n2-organisation-vhf-001,02,Réglementation,P043,CONSERVEE,Conservée après nouvelle lecture : Oublier la condition de départ depuis une embarcation. La distinction interrogée reste utile au même objectif.,"En France, dans quelle situation la VHF est-elle exigée pour la plongée en établissement, en plus de l’exigence générale de moyen d’alerte ?","En mer, au départ d’une embarcation support de plongée",2,"En mer, pour toute mise à l’eau même depuis le rivage",Oublier la condition de départ depuis une embarcation.,Une mise à l’eau du bord n’entre pas dans cette exigence VHF spécifique.,REGLEMENTATION_N2_2026-10-10.csv,"Recto autonome, clé unique, alternatives et corrigé relus ; pas de quota de corrections.",2026-10-10,"Sources historiques datées conservées ; recroisements du 10 octobre détaillés dans le journal, sans antidater les consultations.",QCM ; 3 choix ; modèle historique conservé,7959554088ffdff718f0fe1d61e24b41d1f27df1fc1c79b2e0d2c581108070b1
n2-organisation-eau-couverture-001,02,Réglementation,P044,CONSERVEE,Conservée après nouvelle lecture : Confondre deux dispositifs de protection/réchauffement. La distinction interrogée reste utile au même objectif.,"En France, quelle paire fait partie du matériel de secours à tenir disponible pour une plongée en établissement ?",Eau douce potable et couverture isothermique,1,Eau douce potable et couverture chauffante électrique,Confondre deux dispositifs de protection/réchauffement.,"L’obligation nomme une couverture isothermique, pas une couverture électrique en remplacement.",REGLEMENTATION_N2_2026-10-10.csv,"Recto autonome, clé unique, alternatives et corrigé relus ; pas de quota de corrections.",2026-10-10,"Sources historiques datées conservées ; recroisements du 10 octobre détaillés dans le journal, sans antidater les consultations.",QCM ; 3 choix ; modèle historique conservé,338239dc04ee14b0085751fc2b42c7d4022cdf8a7b814af07c80c0d5e3944bf3
n2-organisation-eau-couverture-001,02,Réglementation,P044,CONSERVEE,Conservée après nouvelle lecture : Confondre liquide médical et eau potable disponible. La distinction interrogée reste utile au même objectif.,"En France, quelle paire fait partie du matériel de secours à tenir disponible pour une plongée en établissement ?",Eau douce potable et couverture isothermique,2,Sérum physiologique et couverture isothermique,Confondre liquide médical et eau potable disponible.,"Le texte exige de l’eau douce potable, pas du sérum à sa place.",REGLEMENTATION_N2_2026-10-10.csv,"Recto autonome, clé unique, alternatives et corrigé relus ; pas de quota de corrections.",2026-10-10,"Sources historiques datées conservées ; recroisements du 10 octobre détaillés dans le journal, sans antidater les consultations.",QCM ; 3 choix ; modèle historique conservé,338239dc04ee14b0085751fc2b42c7d4022cdf8a7b814af07c80c0d5e3944bf3
n2-organisation-oxygene-capacite-001,02,Réglementation,P045,CONSERVEE,Conservée après nouvelle lecture : Prendre le retour au port pour la fin du besoin de réserve. La distinction interrogée reste utile au même objectif.,"Pour une plongée organisée en France, jusqu’à quel moment la réserve d’oxygène médical doit-elle permettre une prise en charge adaptée de la victime ?",Jusqu’à l’arrivée des secours médicaux,1,Jusqu’au retour du bateau au port,Prendre le retour au port pour la fin du besoin de réserve.,Le port ne garantit pas l’arrivée des secours médicaux.,REGLEMENTATION_N2_2026-10-10.csv,"Recto autonome, clé unique, alternatives et corrigé relus ; pas de quota de corrections.",2026-10-10,"Sources historiques datées conservées ; recroisements du 10 octobre détaillés dans le journal, sans antidater les consultations.",QCM ; 3 choix ; modèle historique conservé,19fe0ee72a055fd2b79366349508dd25ddebd46982bac4989c854ea7bc25afe7
n2-organisation-oxygene-capacite-001,02,Réglementation,P045,CONSERVEE,Conservée après nouvelle lecture : Prendre une étape logistique pour le relais médical. La distinction interrogée reste utile au même objectif.,"Pour une plongée organisée en France, jusqu’à quel moment la réserve d’oxygène médical doit-elle permettre une prise en charge adaptée de la victime ?",Jusqu’à l’arrivée des secours médicaux,2,Jusqu’au début du transport vers le centre de soins,Prendre une étape logistique pour le relais médical.,Le début d’un transport ne garantit pas que les secours médicaux ont pris le relais.,REGLEMENTATION_N2_2026-10-10.csv,"Recto autonome, clé unique, alternatives et corrigé relus ; pas de quota de corrections.",2026-10-10,"Sources historiques datées conservées ; recroisements du 10 octobre détaillés dans le journal, sans antidater les consultations.",QCM ; 3 choix ; modèle historique conservé,19fe0ee72a055fd2b79366349508dd25ddebd46982bac4989c854ea7bc25afe7
n2-organisation-fiche-evacuation-001,02,Réglementation,P047,CORRIGEE,"Correction factuelle : fiches d’évacuation dans le matériel de secours (A322-78 I), et non d’assistance (II).","En France, quel modèle de document fait partie du matériel de secours à tenir disponible pour une plongée en établissement ?",Le modèle réglementaire de fiche d’évacuation d’une victime,1,Le modèle fédéral de déclaration d’accident à l’assureur,Confondre transmission de secours et formalité d’assurance après accident.,La déclaration à l’assureur ne remplace pas les fiches réglementaires d’évacuation.,REGLEMENTATION_N2_2026-10-10.csv,"Recto autonome, clé unique, alternatives et corrigé relus ; pas de quota de corrections.",2026-10-10,"Sources historiques datées conservées ; recroisements du 10 octobre détaillés dans le journal, sans antidater les consultations.",QCM ; 3 choix ; modèle historique conservé,038b974a63dd825fbab397f3788d60c94388f6b2bfe185709da78d728d36806f
n2-organisation-fiche-evacuation-001,02,Réglementation,P047,CORRIGEE,"Correction factuelle : fiches d’évacuation dans le matériel de secours (A322-78 I), et non d’assistance (II).","En France, quel modèle de document fait partie du matériel de secours à tenir disponible pour une plongée en établissement ?",Le modèle réglementaire de fiche d’évacuation d’une victime,2,Le modèle médical de certificat d’absence de contre-indication,Confondre document médical d’accès et document de secours.,Le CACI atteste une absence de contre-indication ; ce n’est pas la fiche de prise en charge requise.,REGLEMENTATION_N2_2026-10-10.csv,"Recto autonome, clé unique, alternatives et corrigé relus ; pas de quota de corrections.",2026-10-10,"Sources historiques datées conservées ; recroisements du 10 octobre détaillés dans le journal, sans antidater les consultations.",QCM ; 3 choix ; modèle historique conservé,038b974a63dd825fbab397f3788d60c94388f6b2bfe185709da78d728d36806f
n2-organisation-bloc-secours-001,02,Réglementation,P048,CONSERVEE,Conservée après nouvelle lecture : Prendre un raccordement au bloc pour un détendeur complet. La distinction interrogée reste utile au même objectif.,"Pour une plongée à l’air organisée en France, quelle configuration satisfait l’exigence de bouteille de secours du matériel d’assistance sur le site ?",Un bloc d’air disponible avec un détendeur complet monté,1,Un bloc d’air disponible avec un premier étage monté mais sans deuxième étage,Prendre un raccordement au bloc pour un détendeur complet.,Il manque le deuxième étage qui fournit le gaz au plongeur.,REGLEMENTATION_N2_2026-10-10.csv,"Recto autonome, clé unique, alternatives et corrigé relus ; pas de quota de corrections.",2026-10-10,"Sources historiques datées conservées ; recroisements du 10 octobre détaillés dans le journal, sans antidater les consultations.",QCM ; 3 choix ; modèle historique conservé,6dfc0800b272a4d88493f6bfc5216d02290a14307d2986d3b3484402bc303853
n2-organisation-bloc-secours-001,02,Réglementation,P048,CONSERVEE,Conservée après nouvelle lecture : Confondre réserve de gaz d’assistance et ensemble d’oxygénothérapie. La distinction interrogée reste utile au même objectif.,"Pour une plongée à l’air organisée en France, quelle configuration satisfait l’exigence de bouteille de secours du matériel d’assistance sur le site ?",Un bloc d’air disponible avec un détendeur complet monté,2,Un bloc d’oxygène médical disponible avec son manodétendeur d’oxygénothérapie,Confondre réserve de gaz d’assistance et ensemble d’oxygénothérapie.,L’oxygène médical sert à une autre fonction et ne remplace pas le bloc d’air exigé.,REGLEMENTATION_N2_2026-10-10.csv,"Recto autonome, clé unique, alternatives et corrigé relus ; pas de quota de corrections.",2026-10-10,"Sources historiques datées conservées ; recroisements du 10 octobre détaillés dans le journal, sans antidater les consultations.",QCM ; 3 choix ; modèle historique conservé,6dfc0800b272a4d88493f6bfc5216d02290a14307d2986d3b3484402bc303853
n2-organisation-rappel-bateau-001,02,Réglementation,P049,CONSERVEE,Conservée après nouvelle lecture : Transférer le champ de la VHF au rappel. La distinction interrogée reste utile au même objectif.,"Pour une plongée organisée en France par un établissement, quel est le champ complet des situations où un moyen de rappel des plongeurs depuis la surface est obligatoire ?",Toute plongée en milieu naturel au départ d’une embarcation,1,Toute plongée en mer au départ d’une embarcation,Transférer le champ de la VHF au rappel.,"Le rappel vise le milieu naturel, donc aussi les départs d’une embarcation en eau douce.",REGLEMENTATION_N2_2026-10-10.csv,"Recto autonome, clé unique, alternatives et corrigé relus ; pas de quota de corrections.",2026-10-10,"Sources historiques datées conservées ; recroisements du 10 octobre détaillés dans le journal, sans antidater les consultations.",QCM ; 3 choix ; modèle historique conservé,b4ffe8167d20b34d7492cf56344567b61a3517dd586653f3224b0fe51973fdf5
n2-organisation-rappel-bateau-001,02,Réglementation,P049,CONSERVEE,Conservée après nouvelle lecture : Limiter le rappel à la plongée autonome. La distinction interrogée reste utile au même objectif.,"Pour une plongée organisée en France par un établissement, quel est le champ complet des situations où un moyen de rappel des plongeurs depuis la surface est obligatoire ?",Toute plongée en milieu naturel au départ d’une embarcation,2,Toute plongée autonome au départ d’une embarcation,Limiter le rappel à la plongée autonome.,La règle ne distingue pas encadré et autonome dans ce champ.,REGLEMENTATION_N2_2026-10-10.csv,"Recto autonome, clé unique, alternatives et corrigé relus ; pas de quota de corrections.",2026-10-10,"Sources historiques datées conservées ; recroisements du 10 octobre détaillés dans le journal, sans antidater les consultations.",QCM ; 3 choix ; modèle historique conservé,b4ffe8167d20b34d7492cf56344567b61a3517dd586653f3224b0fe51973fdf5
n2-organisation-tables-assistance-001,02,Réglementation,P050,CONSERVEE,Conservée après nouvelle lecture : Transférer un repère usuel de profondeur à ce seuil d’assistance. La distinction interrogée reste utile au même objectif.,"En milieu naturel en France, le jeu de tables collectif doit être disponible sur le lieu de mise à l’eau ou d’immersion dès que la profondeur prévue dépasse quel seuil ?",6 m,1,10 m,Transférer un repère usuel de profondeur à ce seuil d’assistance.,"Le seuil légal est au-delà de six mètres, pas dix.",REGLEMENTATION_N2_2026-10-10.csv,"Recto autonome, clé unique, alternatives et corrigé relus ; pas de quota de corrections.",2026-10-10,"Sources historiques datées conservées ; recroisements du 10 octobre détaillés dans le journal, sans antidater les consultations.",QCM ; 4 choix ; modèle historique conservé,81c3aca4e9d7d7d0fc0b4c66cbe5c2ca53cb192dbe2dd976ef4304079c79965f
n2-organisation-tables-assistance-001,02,Réglementation,P050,CONSERVEE,Conservée après nouvelle lecture : Transférer la limite PA20 au matériel collectif. La distinction interrogée reste utile au même objectif.,"En milieu naturel en France, le jeu de tables collectif doit être disponible sur le lieu de mise à l’eau ou d’immersion dès que la profondeur prévue dépasse quel seuil ?",6 m,2,20 m,Transférer la limite PA20 au matériel collectif.,"Le seuil est six mètres, pas vingt.",REGLEMENTATION_N2_2026-10-10.csv,"Recto autonome, clé unique, alternatives et corrigé relus ; pas de quota de corrections.",2026-10-10,"Sources historiques datées conservées ; recroisements du 10 octobre détaillés dans le journal, sans antidater les consultations.",QCM ; 4 choix ; modèle historique conservé,81c3aca4e9d7d7d0fc0b4c66cbe5c2ca53cb192dbe2dd976ef4304079c79965f
n2-organisation-tables-assistance-001,02,Réglementation,P050,CONSERVEE,Conservée après nouvelle lecture : Transférer la limite PE40 au matériel collectif. La distinction interrogée reste utile au même objectif.,"En milieu naturel en France, le jeu de tables collectif doit être disponible sur le lieu de mise à l’eau ou d’immersion dès que la profondeur prévue dépasse quel seuil ?",6 m,3,40 m,Transférer la limite PE40 au matériel collectif.,"Le seuil est six mètres, pas quarante.",REGLEMENTATION_N2_2026-10-10.csv,"Recto autonome, clé unique, alternatives et corrigé relus ; pas de quota de corrections.",2026-10-10,"Sources historiques datées conservées ; recroisements du 10 octobre détaillés dans le journal, sans antidater les consultations.",QCM ; 4 choix ; modèle historique conservé,81c3aca4e9d7d7d0fc0b4c66cbe5c2ca53cb192dbe2dd976ef4304079c79965f
n2-organisation-gilet-surface-001,02,Réglementation,P052,CONSERVEE,Conservée après nouvelle lecture : Assimiler possibilité de gonflage oral et exigence de gonflage comprimé. La distinction interrogée reste utile au même objectif.,"En milieu naturel en France, quelle exigence minimale s’applique au système permettant à chaque plongeur en circuit ouvert de regagner la surface et de s’y maintenir ?",Un système individuel gonflable au gaz comprimé,1,Un système individuel gonflable uniquement à la bouche,Assimiler possibilité de gonflage oral et exigence de gonflage comprimé.,Le système individuel doit être gonflable au gaz comprimé.,REGLEMENTATION_N2_2026-10-10.csv,"Recto autonome, clé unique, alternatives et corrigé relus ; pas de quota de corrections.",2026-10-10,"Sources historiques datées conservées ; recroisements du 10 octobre détaillés dans le journal, sans antidater les consultations.",QCM ; 4 choix ; modèle historique conservé,83821841510df25234a21e3f1569e8f70da1e62627d078dbb1e4c18ae3b42681
n2-organisation-gilet-surface-001,02,Réglementation,P052,CONSERVEE,Conservée après nouvelle lecture : Transférer l’obligation de chaque plongeur à son seul guide. La distinction interrogée reste utile au même objectif.,"En milieu naturel en France, quelle exigence minimale s’applique au système permettant à chaque plongeur en circuit ouvert de regagner la surface et de s’y maintenir ?",Un système individuel gonflable au gaz comprimé,2,Un système au gaz comprimé porté seulement par le guide,Transférer l’obligation de chaque plongeur à son seul guide.,Chaque plongeur en circuit ouvert doit en être muni.,REGLEMENTATION_N2_2026-10-10.csv,"Recto autonome, clé unique, alternatives et corrigé relus ; pas de quota de corrections.",2026-10-10,"Sources historiques datées conservées ; recroisements du 10 octobre détaillés dans le journal, sans antidater les consultations.",QCM ; 4 choix ; modèle historique conservé,83821841510df25234a21e3f1569e8f70da1e62627d078dbb1e4c18ae3b42681
n2-organisation-gilet-surface-001,02,Réglementation,P052,CONSERVEE,Conservée après nouvelle lecture : Confondre signalisation collective et maintien individuel en surface. La distinction interrogée reste utile au même objectif.,"En milieu naturel en France, quelle exigence minimale s’applique au système permettant à chaque plongeur en circuit ouvert de regagner la surface et de s’y maintenir ?",Un système individuel gonflable au gaz comprimé,3,Un parachute gonflable commun à la palanquée,Confondre signalisation collective et maintien individuel en surface.,Le parachute de palanquée ne remplace pas le système individuel requis.,REGLEMENTATION_N2_2026-10-10.csv,"Recto autonome, clé unique, alternatives et corrigé relus ; pas de quota de corrections.",2026-10-10,"Sources historiques datées conservées ; recroisements du 10 octobre détaillés dans le journal, sans antidater les consultations.",QCM ; 4 choix ; modèle historique conservé,83821841510df25234a21e3f1569e8f70da1e62627d078dbb1e4c18ae3b42681
n2-organisation-gaz-equipier-001,02,Réglementation,P053,CONSERVEE,Conservée après nouvelle lecture : Transférer à chaque autonome la configuration respiratoire de l’encadrant. La distinction interrogée reste utile au même objectif.,"En milieu naturel en France, quelle configuration représente le minimum imposé à un autonome pour alimenter un équipier, en complément de son détendeur principal ?",Un deuxième étage de secours raccordé au premier étage personnel,1,Un détendeur complet supplémentaire raccordé à une autre sortie du bloc,Transférer à chaque autonome la configuration respiratoire de l’encadrant.,Deux sorties indépendantes ne sont pas le minimum de cet autonome.,REGLEMENTATION_N2_2026-10-10.csv,"Recto autonome, clé unique, alternatives et corrigé relus ; pas de quota de corrections.",2026-10-10,"Sources historiques datées conservées ; recroisements du 10 octobre détaillés dans le journal, sans antidater les consultations.",QCM ; 3 choix ; modèle historique conservé,f44ad84eccc29b9f27f61b2948d1d37c28f3c901b8d120cf9e3949083f22b120
n2-organisation-gaz-equipier-001,02,Réglementation,P053,CONSERVEE,Conservée après nouvelle lecture : Confondre deuxième source accessible et obligation d’un bloc supplémentaire. La distinction interrogée reste utile au même objectif.,"En milieu naturel en France, quelle configuration représente le minimum imposé à un autonome pour alimenter un équipier, en complément de son détendeur principal ?",Un deuxième étage de secours raccordé au premier étage personnel,2,Un détendeur complet supplémentaire raccordé à un deuxième bloc,Confondre deuxième source accessible et obligation d’un bloc supplémentaire.,"La règle impose un embout distinct alimenté, pas un deuxième bloc à chaque autonome.",REGLEMENTATION_N2_2026-10-10.csv,"Recto autonome, clé unique, alternatives et corrigé relus ; pas de quota de corrections.",2026-10-10,"Sources historiques datées conservées ; recroisements du 10 octobre détaillés dans le journal, sans antidater les consultations.",QCM ; 3 choix ; modèle historique conservé,f44ad84eccc29b9f27f61b2948d1d37c28f3c901b8d120cf9e3949083f22b120
n2-organisation-parametres-personnels-001,02,Réglementation,P054,CONSERVEE,Conservée après nouvelle lecture : Assimiler historique identique et droit à un contrôle partagé. La distinction interrogée reste utile au même objectif.,"En milieu naturel en France, deux autonomes suivent le même profil. Quelle répartition répond à l’obligation de contrôler les caractéristiques personnelles de leur plongée et de leur remontée ?","Chacun porte ses équipements de contrôle, même si leurs profils sont identiques",1,"Un équipier porte les équipements communs, si leurs plongées précédentes sont identiques",Assimiler historique identique et droit à un contrôle partagé.,"L’obligation est individuelle, sans exception d’historique identique.",REGLEMENTATION_N2_2026-10-10.csv,"Recto autonome, clé unique, alternatives et corrigé relus ; pas de quota de corrections.",2026-10-10,"Sources historiques datées conservées ; recroisements du 10 octobre détaillés dans le journal, sans antidater les consultations.",QCM ; 3 choix ; modèle historique conservé,edc3a926143f1e7a591bce2410383d3be3c7259f59aa81897d281462948f1c85
n2-organisation-parametres-personnels-001,02,Réglementation,P054,CONSERVEE,Conservée après nouvelle lecture : Limiter le contrôle personnel au cas de paliers obligatoires. La distinction interrogée reste utile au même objectif.,"En milieu naturel en France, deux autonomes suivent le même profil. Quelle répartition répond à l’obligation de contrôler les caractéristiques personnelles de leur plongée et de leur remontée ?","Chacun porte ses équipements de contrôle, même si leurs profils sont identiques",2,"Un équipier porte les équipements communs, si tous deux restent sans palier obligatoire",Limiter le contrôle personnel au cas de paliers obligatoires.,"Le contrôle porte aussi sur profondeur, durée et remontée sans palier.",REGLEMENTATION_N2_2026-10-10.csv,"Recto autonome, clé unique, alternatives et corrigé relus ; pas de quota de corrections.",2026-10-10,"Sources historiques datées conservées ; recroisements du 10 octobre détaillés dans le journal, sans antidater les consultations.",QCM ; 3 choix ; modèle historique conservé,edc3a926143f1e7a591bce2410383d3be3c7259f59aa81897d281462948f1c85
n2-organisation-encadrant-detendeurs-001,02,Réglementation,P055,CONSERVEE,Conservée après nouvelle lecture : Compter les sorties disponibles plutôt que les ensembles montés. La distinction interrogée reste utile au même objectif.,"En milieu naturel en France, quelle est la configuration respiratoire minimale exigée pour la personne qui encadre la palanquée ?","Deux sorties indépendantes, chacune équipée d’un détendeur complet",1,"Deux sorties indépendantes, avec un seul détendeur complet monté",Compter les sorties disponibles plutôt que les ensembles montés.,Deux sorties sans deux détendeurs complets ne suffisent pas.,REGLEMENTATION_N2_2026-10-10.csv,"Recto autonome, clé unique, alternatives et corrigé relus ; pas de quota de corrections.",2026-10-10,"Sources historiques datées conservées ; recroisements du 10 octobre détaillés dans le journal, sans antidater les consultations.",QCM ; 4 choix ; modèle historique conservé,8632d7f6989d07a3df33f980fafc53e2dba9f2317b02f2aa8c47122505754179
n2-organisation-encadrant-detendeurs-001,02,Réglementation,P055,CONSERVEE,Conservée après nouvelle lecture : Compter deux deuxièmes étages comme deux détendeurs complets. La distinction interrogée reste utile au même objectif.,"En milieu naturel en France, quelle est la configuration respiratoire minimale exigée pour la personne qui encadre la palanquée ?","Deux sorties indépendantes, chacune équipée d’un détendeur complet",2,Une sortie équipée d’un premier étage et de deux deuxièmes étages,Compter deux deuxièmes étages comme deux détendeurs complets.,Un seul premier étage ne constitue pas deux ensembles complets indépendants.,REGLEMENTATION_N2_2026-10-10.csv,"Recto autonome, clé unique, alternatives et corrigé relus ; pas de quota de corrections.",2026-10-10,"Sources historiques datées conservées ; recroisements du 10 octobre détaillés dans le journal, sans antidater les consultations.",QCM ; 4 choix ; modèle historique conservé,8632d7f6989d07a3df33f980fafc53e2dba9f2317b02f2aa8c47122505754179
n2-organisation-encadrant-detendeurs-001,02,Réglementation,P055,CONSERVEE,Conservée après nouvelle lecture : Faire dépendre la conformité du nombre d’embouts sur un premier étage. La distinction interrogée reste utile au même objectif.,"En milieu naturel en France, quelle est la configuration respiratoire minimale exigée pour la personne qui encadre la palanquée ?","Deux sorties indépendantes, chacune équipée d’un détendeur complet",3,Une sortie équipée d’un premier étage et de trois deuxièmes étages,Faire dépendre la conformité du nombre d’embouts sur un premier étage.,Trois deuxièmes étages ne remplacent pas deux sorties avec deux ensembles complets.,REGLEMENTATION_N2_2026-10-10.csv,"Recto autonome, clé unique, alternatives et corrigé relus ; pas de quota de corrections.",2026-10-10,"Sources historiques datées conservées ; recroisements du 10 octobre détaillés dans le journal, sans antidater les consultations.",QCM ; 4 choix ; modèle historique conservé,8632d7f6989d07a3df33f980fafc53e2dba9f2317b02f2aa8c47122505754179
n2-organisation-parachute-palanquee-001,02,Réglementation,P056,CONSERVEE,Conservée après nouvelle lecture : Étendre l’obligation de la palanquée à chaque personne. La distinction interrogée reste utile au même objectif.,"En milieu naturel en France, quel est le minimum exigé pour la disponibilité d’un parachute de palier ?",Au moins un parachute par palanquée,1,Au moins un parachute par plongeur,Étendre l’obligation de la palanquée à chaque personne.,"Un parachute individuel peut être utile, mais le minimum exigé est un par palanquée.",REGLEMENTATION_N2_2026-10-10.csv,"Recto autonome, clé unique, alternatives et corrigé relus ; pas de quota de corrections.",2026-10-10,"Sources historiques datées conservées ; recroisements du 10 octobre détaillés dans le journal, sans antidater les consultations.",QCM ; 3 choix ; modèle historique conservé,02ca29a2c4710437ea11e8eb761cbdf20506300344cec20dd171d9b4d5f233de
n2-organisation-parachute-palanquee-001,02,Réglementation,P056,CONSERVEE,Conservée après nouvelle lecture : Confondre équipement du site et équipement de chaque palanquée. La distinction interrogée reste utile au même objectif.,"En milieu naturel en France, quel est le minimum exigé pour la disponibilité d’un parachute de palier ?",Au moins un parachute par palanquée,2,Au moins un parachute pour toutes les palanquées du bateau,Confondre équipement du site et équipement de chaque palanquée.,Un seul parachute commun à toutes les palanquées ne satisfait pas le minimum de chacune.,REGLEMENTATION_N2_2026-10-10.csv,"Recto autonome, clé unique, alternatives et corrigé relus ; pas de quota de corrections.",2026-10-10,"Sources historiques datées conservées ; recroisements du 10 octobre détaillés dans le journal, sans antidater les consultations.",QCM ; 3 choix ; modèle historique conservé,02ca29a2c4710437ea11e8eb761cbdf20506300344cec20dd171d9b4d5f233de
n2-documents-caci-validite-medecin-001,03,Réglementation,P061,CONSERVEE,Conservée après nouvelle lecture : Transférer un médecin spécialisé requis dans certains cas au cas général adulte à l’air. La distinction interrogée reste utile au même objectif.,"Pour un adulte pratiquant la plongée FFESSM à l’air, hors cas médical particulier, quelle ancienneté maximale du CACI et quelle exigence de médecin s’appliquent ?",Moins d’un an ; médecin fédéral non obligatoire,1,Moins d’un an ; médecin fédéral obligatoire,Transférer un médecin spécialisé requis dans certains cas au cas général adulte à l’air.,Un médecin fédéral n’est pas obligatoire dans ce contexte explicite.,REGLEMENTATION_N2_2026-10-10.csv,"Recto autonome, clé unique, alternatives et corrigé relus ; pas de quota de corrections.",2026-10-10,"Sources historiques datées conservées ; recroisements du 10 octobre détaillés dans le journal, sans antidater les consultations.",QCM ; 4 choix ; modèle historique conservé,976c73f9b6fa9e4604c2fca9c8a12254daa128f4ba7c37454478f1adca1ce730
n2-documents-caci-validite-medecin-001,03,Réglementation,P061,CONSERVEE,Conservée après nouvelle lecture : Transférer une périodicité d’autres pratiques à la plongée en scaphandre. La distinction interrogée reste utile au même objectif.,"Pour un adulte pratiquant la plongée FFESSM à l’air, hors cas médical particulier, quelle ancienneté maximale du CACI et quelle exigence de médecin s’appliquent ?",Moins d’un an ; médecin fédéral non obligatoire,2,Moins de deux ans ; médecin fédéral non obligatoire,Transférer une périodicité d’autres pratiques à la plongée en scaphandre.,Le CACI doit dater de moins d’un an.,REGLEMENTATION_N2_2026-10-10.csv,"Recto autonome, clé unique, alternatives et corrigé relus ; pas de quota de corrections.",2026-10-10,"Sources historiques datées conservées ; recroisements du 10 octobre détaillés dans le journal, sans antidater les consultations.",QCM ; 4 choix ; modèle historique conservé,976c73f9b6fa9e4604c2fca9c8a12254daa128f4ba7c37454478f1adca1ce730
n2-documents-caci-validite-medecin-001,03,Réglementation,P061,CONSERVEE,Conservée après nouvelle lecture : Cumuler une durée plus longue et une spécialité non requise. La distinction interrogée reste utile au même objectif.,"Pour un adulte pratiquant la plongée FFESSM à l’air, hors cas médical particulier, quelle ancienneté maximale du CACI et quelle exigence de médecin s’appliquent ?",Moins d’un an ; médecin fédéral non obligatoire,3,Moins de trois ans ; médecin fédéral obligatoire,Cumuler une durée plus longue et une spécialité non requise.,"Dans ce contexte, ni trois ans ni l’obligation de médecin fédéral ne conviennent.",REGLEMENTATION_N2_2026-10-10.csv,"Recto autonome, clé unique, alternatives et corrigé relus ; pas de quota de corrections.",2026-10-10,"Sources historiques datées conservées ; recroisements du 10 octobre détaillés dans le journal, sans antidater les consultations.",QCM ; 4 choix ; modèle historique conservé,976c73f9b6fa9e4604c2fca9c8a12254daa128f4ba7c37454478f1adca1ce730
n2-documents-licence-affiliation-001,03,Réglementation,P063,CONSERVEE,Conservée après nouvelle lecture : Confondre licence de pratique et brevet de niveau. La distinction interrogée reste utile au même objectif.,"Un plongeur présente une licence FFESSM de pratique valide. Quel élément est établi par cette licence, indépendamment de ses autres justificatifs ?",Son affiliation fédérale pour la période couverte,1,Ses aptitudes d’exploration pour la période couverte,Confondre licence de pratique et brevet de niveau.,"Les aptitudes relèvent de la certification, pas de la seule licence.",REGLEMENTATION_N2_2026-10-10.csv,"Recto autonome, clé unique, alternatives et corrigé relus ; pas de quota de corrections.",2026-10-10,"Sources historiques datées conservées ; recroisements du 10 octobre détaillés dans le journal, sans antidater les consultations.",QCM ; 3 choix ; modèle historique conservé,657e77227d5918829ed0a2e8915ab637020360e08732f31ea3f17458934d535a
n2-documents-licence-affiliation-001,03,Réglementation,P063,CONSERVEE,Conservée après nouvelle lecture : Confondre licence et justificatif médical présenté pour pratiquer. La distinction interrogée reste utile au même objectif.,"Un plongeur présente une licence FFESSM de pratique valide. Quel élément est établi par cette licence, indépendamment de ses autres justificatifs ?",Son affiliation fédérale pour la période couverte,2,Son absence de contre-indication pour la période couverte,Confondre licence et justificatif médical présenté pour pratiquer.,Le CACI est un document distinct ; la licence seule n’atteste pas l’absence de contre-indication.,REGLEMENTATION_N2_2026-10-10.csv,"Recto autonome, clé unique, alternatives et corrigé relus ; pas de quota de corrections.",2026-10-10,"Sources historiques datées conservées ; recroisements du 10 octobre détaillés dans le journal, sans antidater les consultations.",QCM ; 3 choix ; modèle historique conservé,657e77227d5918829ed0a2e8915ab637020360e08732f31ea3f17458934d535a
n2-documents-assurance-rc-aia-001,03,Réglementation,P064,CONSERVEE,Conservée après nouvelle lecture : Inverser le bénéficiaire de chaque garantie. La distinction interrogée reste utile au même objectif.,Quelle répartition des risques distingue la responsabilité civile (RC) de la licence FFESSM et une assurance individuelle accident ?,RC : dommages causés à autrui ; individuelle accident : propres blessures selon le contrat,1,RC : propres blessures ; individuelle accident : dommages causés à autrui,Inverser le bénéficiaire de chaque garantie.,RC concerne les dommages causés à autrui ; individuelle concerne les blessures propres selon contrat.,REGLEMENTATION_N2_2026-10-10.csv,"Recto autonome, clé unique, alternatives et corrigé relus ; pas de quota de corrections.",2026-10-10,"Sources historiques datées conservées ; recroisements du 10 octobre détaillés dans le journal, sans antidater les consultations.",QCM ; 3 choix ; modèle historique conservé,3d434f2a10106cb65b7aaffd4eb7d6feafe91ac667f0ef14db19c0f623646571
n2-documents-assurance-rc-aia-001,03,Réglementation,P064,CONSERVEE,Conservée après nouvelle lecture : Confondre différence de risque couvert et différence de plafond. La distinction interrogée reste utile au même objectif.,Quelle répartition des risques distingue la responsabilité civile (RC) de la licence FFESSM et une assurance individuelle accident ?,RC : dommages causés à autrui ; individuelle accident : propres blessures selon le contrat,2,"RC et individuelle accident : mêmes blessures personnelles, seuls les plafonds diffèrent",Confondre différence de risque couvert et différence de plafond.,Les garanties ne couvrent pas la même catégorie de risque.,REGLEMENTATION_N2_2026-10-10.csv,"Recto autonome, clé unique, alternatives et corrigé relus ; pas de quota de corrections.",2026-10-10,"Sources historiques datées conservées ; recroisements du 10 octobre détaillés dans le journal, sans antidater les consultations.",QCM ; 3 choix ; modèle historique conservé,3d434f2a10106cb65b7aaffd4eb7d6feafe91ac667f0ef14db19c0f623646571
n2-documents-zones-reglementees-001,03,Réglementation,P069,CONSERVEE,Conservée après nouvelle lecture : Confondre deux activités réglementées sur la même zone. La distinction interrogée reste utile au même objectif.,Une structure prépare une plongée dans le cœur marin d’un parc national. Quelle règle permet de déterminer les restrictions et autorisations propres à ce site ?,La réglementation du cœur marin concerné pour la plongée,1,La réglementation de la pêche sous-marine dans ce secteur,Confondre deux activités réglementées sur la même zone.,Le régime de pêche ne détermine pas à lui seul celui de la plongée d’observation.,REGLEMENTATION_N2_2026-10-10.csv,"Recto autonome, clé unique, alternatives et corrigé relus ; pas de quota de corrections.",2026-10-10,"Sources historiques datées conservées ; recroisements du 10 octobre détaillés dans le journal, sans antidater les consultations.",QCM ; 3 choix ; modèle historique conservé,182c60f70ff7a6f6d06c74639e77a2ba45bde2d795af3a5478c52b58847139af
n2-documents-zones-reglementees-001,03,Réglementation,P069,CONSERVEE,Conservée après nouvelle lecture : Confondre aptitude du plongeur et autorisation d’accès au site. La distinction interrogée reste utile au même objectif.,Une structure prépare une plongée dans le cœur marin d’un parc national. Quelle règle permet de déterminer les restrictions et autorisations propres à ce site ?,La réglementation du cœur marin concerné pour la plongée,2,La réglementation générale des aptitudes PE et PA du Code du sport,Confondre aptitude du plongeur et autorisation d’accès au site.,PE/PA fixent des conditions d’évolution ; il faut aussi les règles propres au site.,REGLEMENTATION_N2_2026-10-10.csv,"Recto autonome, clé unique, alternatives et corrigé relus ; pas de quota de corrections.",2026-10-10,"Sources historiques datées conservées ; recroisements du 10 octobre détaillés dans le journal, sans antidater les consultations.",QCM ; 3 choix ; modèle historique conservé,182c60f70ff7a6f6d06c74639e77a2ba45bde2d795af3a5478c52b58847139af
n2-documents-prelevements-observation-001,03,Réglementation,P070,CONSERVEE,Conservée après nouvelle lecture : Limiter le principe de non-prélèvement aux organismes vivants. La distinction interrogée reste utile au même objectif.,"Lors d’une plongée d’observation, que recommande la Charte du plongeur responsable pour une coquille vide reposant sur le fond ?",La laisser en place et la photographier sans la déplacer,1,La prélever comme souvenir après avoir vérifié qu’elle est vide,Limiter le principe de non-prélèvement aux organismes vivants.,"La recommandation porte sur tout prélèvement, pas seulement sur le vivant.",REGLEMENTATION_N2_2026-10-10.csv,"Recto autonome, clé unique, alternatives et corrigé relus ; pas de quota de corrections.",2026-10-10,"Sources historiques datées conservées ; recroisements du 10 octobre détaillés dans le journal, sans antidater les consultations.",QCM ; 3 choix ; modèle historique conservé,8bf6e3c3264fa0822452251401a3b31e4586e005375439e8bb0b98a6c8087c35
n2-documents-prelevements-observation-001,03,Réglementation,P070,CONSERVEE,Conservée après nouvelle lecture : Assimiler absence d’emport et absence d’impact. La distinction interrogée reste utile au même objectif.,"Lors d’une plongée d’observation, que recommande la Charte du plongeur responsable pour une coquille vide reposant sur le fond ?",La laisser en place et la photographier sans la déplacer,2,La déplacer pour la photographie puis la déposer ailleurs sur le fond,Assimiler absence d’emport et absence d’impact.,Déplacer un élément naturel pour l’image ne correspond pas à l’observation sans déplacement.,REGLEMENTATION_N2_2026-10-10.csv,"Recto autonome, clé unique, alternatives et corrigé relus ; pas de quota de corrections.",2026-10-10,"Sources historiques datées conservées ; recroisements du 10 octobre détaillés dans le journal, sans antidater les consultations.",QCM ; 3 choix ; modèle historique conservé,8bf6e3c3264fa0822452251401a3b31e4586e005375439e8bb0b98a6c8087c35
n2-documents-decouverte-archeologique-001,03,Réglementation,P071,CONSERVEE,Conservée après nouvelle lecture : Transférer un délai administratif d’une semaine. La distinction interrogée reste utile au même objectif.,"Lors d’une plongée en mer en France, un objet d’intérêt archéologique est découvert fortuitement. Au retour au premier port, quelle démarche respecter ?",Le laisser intact sur place et déclarer la découverte dans les 48 heures,1,Le laisser intact sur place et déclarer la découverte dans les sept jours,Transférer un délai administratif d’une semaine.,"Le délai prévu est de 48 heures, pas sept jours.",REGLEMENTATION_N2_2026-10-10.csv,"Recto autonome, clé unique, alternatives et corrigé relus ; pas de quota de corrections.",2026-10-10,"Sources historiques datées conservées ; recroisements du 10 octobre détaillés dans le journal, sans antidater les consultations.",QCM ; 3 choix ; modèle historique conservé,df9bec2beb43aa75794dcf337d4690bb46dab9d7d58aa8a4081cdfbf7620ed58
n2-documents-decouverte-archeologique-001,03,Réglementation,P071,CONSERVEE,Conservée après nouvelle lecture : Confondre déclaration et remise d’un objet trouvé. La distinction interrogée reste utile au même objectif.,"Lors d’une plongée en mer en France, un objet d’intérêt archéologique est découvert fortuitement. Au retour au premier port, quelle démarche respecter ?",Le laisser intact sur place et déclarer la découverte dans les 48 heures,2,Le ramener au port et déclarer la découverte dans les 48 heures,Confondre déclaration et remise d’un objet trouvé.,Le bien reste en place et intact ; le ramener détruit son contexte.,REGLEMENTATION_N2_2026-10-10.csv,"Recto autonome, clé unique, alternatives et corrigé relus ; pas de quota de corrections.",2026-10-10,"Sources historiques datées conservées ; recroisements du 10 octobre détaillés dans le journal, sans antidater les consultations.",QCM ; 3 choix ; modèle historique conservé,df9bec2beb43aa75794dcf337d4690bb46dab9d7d58aa8a4081cdfbf7620ed58
n2-documents-peche-scaphandre-001,03,Réglementation,P073,CONSERVEE,Conservée après nouvelle lecture : Confondre absence d’usage conjoint et détention simultanée. La distinction interrogée reste utile au même objectif.,"En pêche sous-marine de loisir en mer en France, quelles règles s’appliquent à l’usage d’un scaphandre et à la présence d’un scaphandre avec un fusil sous-marin sur le même bateau ?",Usage pour pêcher interdit ; présence des deux à bord interdite sauf dérogation préfectorale,1,Usage pour pêcher interdit ; présence des deux à bord autorisée si les utilisateurs sont différents,Confondre absence d’usage conjoint et détention simultanée.,Deux utilisateurs distincts n’écartent pas l’interdiction de détention simultanée à bord sauf dérogation.,REGLEMENTATION_N2_2026-10-10.csv,"Recto autonome, clé unique, alternatives et corrigé relus ; pas de quota de corrections.",2026-10-10,"Sources historiques datées conservées ; recroisements du 10 octobre détaillés dans le journal, sans antidater les consultations.",QCM ; 3 choix ; modèle historique conservé,fbe5fa937a81cb2582683b0c13ada3dba554f8f5a0683e3143488991ccf5d101
n2-documents-peche-scaphandre-001,03,Réglementation,P073,CONSERVEE,Conservée après nouvelle lecture : Transférer une permission hors réserve à un mode de pêche interdit. La distinction interrogée reste utile au même objectif.,"En pêche sous-marine de loisir en mer en France, quelles règles s’appliquent à l’usage d’un scaphandre et à la présence d’un scaphandre avec un fusil sous-marin sur le même bateau ?",Usage pour pêcher interdit ; présence des deux à bord interdite sauf dérogation préfectorale,2,Usage pour pêcher autorisé hors réserve ; présence des deux à bord interdite sauf dérogation préfectorale,Transférer une permission hors réserve à un mode de pêche interdit.,La pêche avec appareil respiratoire est interdite indépendamment de la réserve.,REGLEMENTATION_N2_2026-10-10.csv,"Recto autonome, clé unique, alternatives et corrigé relus ; pas de quota de corrections.",2026-10-10,"Sources historiques datées conservées ; recroisements du 10 octobre détaillés dans le journal, sans antidater les consultations.",QCM ; 3 choix ; modèle historique conservé,fbe5fa937a81cb2582683b0c13ada3dba554f8f5a0683e3143488991ccf5d101
n2-documents-pavillon-alpha-001,03,Réglementation,P074,CONSERVEE,Conservée après nouvelle lecture : Confondre deux pavillons associés aux plongeurs. La distinction interrogée reste utile au même objectif.,Quelles sont les couleurs du pavillon Alpha utilisé pour signaler la plongée depuis une embarcation en mer ?,Bleu et blanc,1,Rouge avec une diagonale blanche,Confondre deux pavillons associés aux plongeurs.,Rouge à diagonale blanche n’est pas Alpha.,REGLEMENTATION_N2_2026-10-10.csv,"Recto autonome, clé unique, alternatives et corrigé relus ; pas de quota de corrections.",2026-10-10,"Sources historiques datées conservées ; recroisements du 10 octobre détaillés dans le journal, sans antidater les consultations.",QCM ; 4 choix ; modèle historique conservé,6058cda46c780db3c08ac9bdb72cb86f70ccacad46cd15e7977eeccf6bf705f6
n2-documents-pavillon-alpha-001,03,Réglementation,P074,CONSERVEE,Conservée après nouvelle lecture : Confondre Alpha et le pavillon de plongée à croix blanche. La distinction interrogée reste utile au même objectif.,Quelles sont les couleurs du pavillon Alpha utilisé pour signaler la plongée depuis une embarcation en mer ?,Bleu et blanc,2,Rouge avec une croix blanche,Confondre Alpha et le pavillon de plongée à croix blanche.,Alpha est bleu et blanc.,REGLEMENTATION_N2_2026-10-10.csv,"Recto autonome, clé unique, alternatives et corrigé relus ; pas de quota de corrections.",2026-10-10,"Sources historiques datées conservées ; recroisements du 10 octobre détaillés dans le journal, sans antidater les consultations.",QCM ; 4 choix ; modèle historique conservé,6058cda46c780db3c08ac9bdb72cb86f70ccacad46cd15e7977eeccf6bf705f6
n2-documents-pavillon-alpha-001,03,Réglementation,P074,CONSERVEE,Conservée après nouvelle lecture : Confondre un pavillon bicolore du code des signaux avec Alpha. La distinction interrogée reste utile au même objectif.,Quelles sont les couleurs du pavillon Alpha utilisé pour signaler la plongée depuis une embarcation en mer ?,Bleu et blanc,3,Jaune et bleu,Confondre un pavillon bicolore du code des signaux avec Alpha.,"Le bicolore jaune/bleu n’est pas Alpha, qui est bleu/blanc.",REGLEMENTATION_N2_2026-10-10.csv,"Recto autonome, clé unique, alternatives et corrigé relus ; pas de quota de corrections.",2026-10-10,"Sources historiques datées conservées ; recroisements du 10 octobre détaillés dans le journal, sans antidater les consultations.",QCM ; 4 choix ; modèle historique conservé,6058cda46c780db3c08ac9bdb72cb86f70ccacad46cd15e7977eeccf6bf705f6
n2-documents-distance-navires-locale-001,03,Réglementation,P076,CONSERVEE,Conservée après nouvelle lecture : Transférer la formation fédérale à la police maritime. La distinction interrogée reste utile au même objectif.,"Avant une plongée sur un site côtier français, dans quels textes vérifier les distances d’approche et limitations de vitesse imposées aux navires autour des plongeurs signalés ?",Les arrêtés maritimes applicables au secteur de plongée,1,Le règlement technique fédéral applicable au brevet,Transférer la formation fédérale à la police maritime.,Les distances d’approche et vitesses se vérifient dans les arrêtés maritimes du secteur.,REGLEMENTATION_N2_2026-10-10.csv,"Recto autonome, clé unique, alternatives et corrigé relus ; pas de quota de corrections.",2026-10-10,"Sources historiques datées conservées ; recroisements du 10 octobre détaillés dans le journal, sans antidater les consultations.",QCM ; 3 choix ; modèle historique conservé,90ca42827ed0dd48bebc82eafff7914f7980dbd681465d1ed6847135dce8d98b
n2-documents-distance-navires-locale-001,03,Réglementation,P076,CONSERVEE,Conservée après nouvelle lecture : Transférer les aptitudes de plongeur aux obligations des navires. La distinction interrogée reste utile au même objectif.,"Avant une plongée sur un site côtier français, dans quels textes vérifier les distances d’approche et limitations de vitesse imposées aux navires autour des plongeurs signalés ?",Les arrêtés maritimes applicables au secteur de plongée,2,Les annexes du Code du sport définissant les aptitudes,Transférer les aptitudes de plongeur aux obligations des navires.,Les annexes PE/PA ne fixent pas ces distances de navigation.,REGLEMENTATION_N2_2026-10-10.csv,"Recto autonome, clé unique, alternatives et corrigé relus ; pas de quota de corrections.",2026-10-10,"Sources historiques datées conservées ; recroisements du 10 octobre détaillés dans le journal, sans antidater les consultations.",QCM ; 3 choix ; modèle historique conservé,90ca42827ed0dd48bebc82eafff7914f7980dbd681465d1ed6847135dce8d98b
n2-documents-suivi-bloc-001,03,Réglementation,P078,CONSERVEE,Conservée après nouvelle lecture : Confondre validité de l’inspection et validité de la requalification. La distinction interrogée reste utile au même objectif.,"Un bloc de plongée a une inspection visuelle récente, mais sa requalification est arrivée à échéance. Quel contrôle permet de renouveler cette échéance réglementaire ?",Une requalification périodique réussie par l’organisme habilité,1,Une nouvelle inspection visuelle réussie par un technicien d’inspection visuelle,Confondre validité de l’inspection et validité de la requalification.,Une inspection visuelle seule ne renouvelle pas l’échéance de requalification.,REGLEMENTATION_N2_2026-10-10.csv,"Recto autonome, clé unique, alternatives et corrigé relus ; pas de quota de corrections.",2026-10-10,"Sources historiques datées conservées ; recroisements du 10 octobre détaillés dans le journal, sans antidater les consultations.",QCM ; 3 choix ; modèle historique conservé,1b0848a2970f47e85cbf37148c8309d8f047de1234f015b1cf991e0501e6287f
n2-documents-suivi-bloc-001,03,Réglementation,P078,CONSERVEE,Conservée après nouvelle lecture : Confondre comportement lors du gonflage et épreuve réglementaire. La distinction interrogée reste utile au même objectif.,"Un bloc de plongée a une inspection visuelle récente, mais sa requalification est arrivée à échéance. Quel contrôle permet de renouveler cette échéance réglementaire ?",Une requalification périodique réussie par l’organisme habilité,2,Un essai d’étanchéité réussi pendant un gonflage à la pression de service,Confondre comportement lors du gonflage et épreuve réglementaire.,Un gonflage sans fuite n’est pas une requalification périodique.,REGLEMENTATION_N2_2026-10-10.csv,"Recto autonome, clé unique, alternatives et corrigé relus ; pas de quota de corrections.",2026-10-10,"Sources historiques datées conservées ; recroisements du 10 octobre détaillés dans le journal, sans antidater les consultations.",QCM ; 3 choix ; modèle historique conservé,1b0848a2970f47e85cbf37148c8309d8f047de1234f015b1cf991e0501e6287f
n2-documents-federation-role-001,03,Réglementation,P079,CONSERVEE,Conservée après nouvelle lecture : Inverser définition du cursus et réalisation locale. La distinction interrogée reste utile au même objectif.,"Dans le réseau FFESSM, qui définit le cursus fédéral et qui organise localement les formations et les plongées ?",FFESSM : cursus ; clubs et SCA : activités locales,1,Clubs et SCA : cursus ; FFESSM : activités locales,Inverser définition du cursus et réalisation locale.,La FFESSM définit son cursus ; les structures organisent les activités locales.,REGLEMENTATION_N2_2026-10-10.csv,"Recto autonome, clé unique, alternatives et corrigé relus ; pas de quota de corrections.",2026-10-10,"Sources historiques datées conservées ; recroisements du 10 octobre détaillés dans le journal, sans antidater les consultations.",QCM ; 3 choix ; modèle historique conservé,676df5a489ed0dd5b1c498334ac2fb85461acad32b22e2c35b8ee43642833f56
n2-documents-federation-role-001,03,Réglementation,P079,CONSERVEE,Conservée après nouvelle lecture : Confondre standards internationaux et élaboration du cursus fédéral français. La distinction interrogée reste utile au même objectif.,"Dans le réseau FFESSM, qui définit le cursus fédéral et qui organise localement les formations et les plongées ?",FFESSM : cursus ; clubs et SCA : activités locales,2,CMAS : cursus fédéral français ; FFESSM : activités locales,Confondre standards internationaux et élaboration du cursus fédéral français.,La CMAS définit des standards ; le cursus FFESSM est fédéral et réalisé localement.,REGLEMENTATION_N2_2026-10-10.csv,"Recto autonome, clé unique, alternatives et corrigé relus ; pas de quota de corrections.",2026-10-10,"Sources historiques datées conservées ; recroisements du 10 octobre détaillés dans le journal, sans antidater les consultations.",QCM ; 3 choix ; modèle historique conservé,676df5a489ed0dd5b1c498334ac2fb85461acad32b22e2c35b8ee43642833f56
n2-documents-cmas-role-001,03,Réglementation,P080,CONSERVEE,Conservée après nouvelle lecture : Confondre standard de formation et prérogative légale internationale. La distinction interrogée reste utile au même objectif.,"Que signifie la référence CMAS sur une certification de plongeur, lorsqu’on prépare un séjour à l’étranger ?",La formation se réfère à des standards internationaux de certification,1,La certification confère une profondeur légale identique dans tous les pays,Confondre standard de formation et prérogative légale internationale.,Les règles de pratique dépendent du pays et de la structure.,REGLEMENTATION_N2_2026-10-10.csv,"Recto autonome, clé unique, alternatives et corrigé relus ; pas de quota de corrections.",2026-10-10,"Sources historiques datées conservées ; recroisements du 10 octobre détaillés dans le journal, sans antidater les consultations.",QCM ; 3 choix ; modèle historique conservé,112a06035bbed2f0c56f264460da92669fe35279557eedc9cc7ec211aa201a82
n2-documents-cmas-role-001,03,Réglementation,P080,CONSERVEE,Conservée après nouvelle lecture : Confondre référence commune et interchangeabilité complète des cursus. La distinction interrogée reste utile au même objectif.,"Que signifie la référence CMAS sur une certification de plongeur, lorsqu’on prépare un séjour à l’étranger ?",La formation se réfère à des standards internationaux de certification,2,La certification se substitue aux qualifications propres à chaque organisme,Confondre référence commune et interchangeabilité complète des cursus.,Les standards n’abolissent pas les qualifications et conditions propres aux organismes.,REGLEMENTATION_N2_2026-10-10.csv,"Recto autonome, clé unique, alternatives et corrigé relus ; pas de quota de corrections.",2026-10-10,"Sources historiques datées conservées ; recroisements du 10 octobre détaillés dans le journal, sans antidater les consultations.",QCM ; 3 choix ; modèle historique conservé,112a06035bbed2f0c56f264460da92669fe35279557eedc9cc7ec211aa201a82
n2-pression-force-surface-001,04,Physique,P096,CONSERVEE,Conservée après nouvelle lecture : Multiplier une force par une aire au lieu de la répartir. La distinction interrogée reste utile au même objectif.,Une force perpendiculaire F est répartie uniformément sur une surface S. Quelle relation donne la pression moyenne P ?,P = F / S,1,P = F × S,Multiplier une force par une aire au lieu de la répartir.,"La pression est une force par unité de surface, F/S ; F×S a d’autres dimensions.",PHYSIQUE_N2_2026-10-09.csv,"Recto autonome, clé unique, alternatives et corrigé relus ; pas de quota de corrections.",2026-10-10,"Sources historiques datées conservées ; recroisements du 10 octobre détaillés dans le journal, sans antidater les consultations.",QCM ; 3 choix ; modèle historique conservé,035aaaa8206d9da94ffdaea5889fb0cc9bb7963eb8e754c973f45c87ceab9cee
n2-pression-force-surface-001,04,Physique,P096,CONSERVEE,Conservée après nouvelle lecture : Inverser le quotient force/surface. La distinction interrogée reste utile au même objectif.,Une force perpendiculaire F est répartie uniformément sur une surface S. Quelle relation donne la pression moyenne P ?,P = F / S,2,P = S / F,Inverser le quotient force/surface.,S/F ne possède pas les dimensions N/m² d’une pression.,PHYSIQUE_N2_2026-10-09.csv,"Recto autonome, clé unique, alternatives et corrigé relus ; pas de quota de corrections.",2026-10-10,"Sources historiques datées conservées ; recroisements du 10 octobre détaillés dans le journal, sans antidater les consultations.",QCM ; 3 choix ; modèle historique conservé,035aaaa8206d9da94ffdaea5889fb0cc9bb7963eb8e754c973f45c87ceab9cee
n2-pression-variation-force-surface-001,04,Physique,P097,CONSERVEE,Conservée après nouvelle lecture : Inverser les effets multiplicatifs de force et de surface : 3/2. La distinction interrogée reste utile au même objectif.,"On remplace une caisse par une autre deux fois plus lourde, dont la surface d’appui sur le sol est trois fois plus grande. Par quel facteur la pression moyenne sur le sol est-elle multipliée ?",× 2/3,1,× 3/2,Inverser les effets multiplicatifs de force et de surface : 3/2.,Le facteur est 2/3 : la force double mais la surface triple.,PHYSIQUE_N2_2026-10-09.csv,"Recto autonome, clé unique, alternatives et corrigé relus ; pas de quota de corrections.",2026-10-10,"Sources historiques datées conservées ; recroisements du 10 octobre détaillés dans le journal, sans antidater les consultations.",QCM ; 3 choix ; modèle historique conservé,dd6b2da4441f890583616a00c45530197843d67cbc8ed7a0b7842d28a5a7c879
n2-pression-variation-force-surface-001,04,Physique,P097,CONSERVEE,Conservée après nouvelle lecture : Multiplier les deux variations : 2×3=6. La distinction interrogée reste utile au même objectif.,"On remplace une caisse par une autre deux fois plus lourde, dont la surface d’appui sur le sol est trois fois plus grande. Par quel facteur la pression moyenne sur le sol est-elle multipliée ?",× 2/3,2,× 6,Multiplier les deux variations : 2×3=6.,"La variation de surface intervient au dénominateur, pas au numérateur.",PHYSIQUE_N2_2026-10-09.csv,"Recto autonome, clé unique, alternatives et corrigé relus ; pas de quota de corrections.",2026-10-10,"Sources historiques datées conservées ; recroisements du 10 octobre détaillés dans le journal, sans antidater les consultations.",QCM ; 3 choix ; modèle historique conservé,dd6b2da4441f890583616a00c45530197843d67cbc8ed7a0b7842d28a5a7c879
n2-pression-unites-001,04,Physique,P101,CONSERVEE,Conservée après nouvelle lecture : Confondre les grandeurs caractéristiques des fluides : densité et pression. La distinction interrogée reste utile au même objectif.,"Sur des instruments de plongée ou de météo, que mesurent les graduations bar, psi, hPa et mmHg ?",Des pressions dans différentes unités,1,Des masses volumiques dans différentes unités,Confondre les grandeurs caractéristiques des fluides : densité et pression.,"bar, psi, hPa et mmHg expriment des pressions, pas des masses volumiques.",PHYSIQUE_N2_2026-10-09.csv,"Recto autonome, clé unique, alternatives et corrigé relus ; pas de quota de corrections.",2026-10-10,"Sources historiques datées conservées ; recroisements du 10 octobre détaillés dans le journal, sans antidater les consultations.",QCM ; 3 choix ; modèle historique conservé,198dbdc4f2b09c5c7eefba2716af692fb36f3dbe299c9531cbe3429205bc0a67
n2-pression-unites-001,04,Physique,P101,CONSERVEE,"Conservée après nouvelle lecture : Confondre force et force par unité de surface, notamment le mot livre dans psi. La distinction interrogée reste utile au même objectif.","Sur des instruments de plongée ou de météo, que mesurent les graduations bar, psi, hPa et mmHg ?",Des pressions dans différentes unités,2,Des forces dans différentes unités,"Confondre force et force par unité de surface, notamment le mot livre dans psi.",psi signifie livre-force par pouce carré ; il s’agit encore d’une pression.,PHYSIQUE_N2_2026-10-09.csv,"Recto autonome, clé unique, alternatives et corrigé relus ; pas de quota de corrections.",2026-10-10,"Sources historiques datées conservées ; recroisements du 10 octobre détaillés dans le journal, sans antidater les consultations.",QCM ; 3 choix ; modèle historique conservé,198dbdc4f2b09c5c7eefba2716af692fb36f3dbe299c9531cbe3429205bc0a67
n2-pression-masse-force-001,04,Physique,P102,CONSERVEE,Conservée après nouvelle lecture : Employer le kg du langage courant pour le poids. La distinction interrogée reste utile au même objectif.,"Dans la phrase « une masse de 1 kg exerce son poids sur une surface de 1 cm² », quelles sont respectivement les unités SI de la masse, du poids et de la pression ?",kg ; N ; Pa,1,kg ; kg ; Pa,Employer le kg du langage courant pour le poids.,L’unité SI d’une force est N ; kg reste l’unité de masse.,PHYSIQUE_N2_2026-10-09.csv,"Recto autonome, clé unique, alternatives et corrigé relus ; pas de quota de corrections.",2026-10-10,"Sources historiques datées conservées ; recroisements du 10 octobre détaillés dans le journal, sans antidater les consultations.",QCM ; 4 choix ; modèle historique conservé,05313837d9833d56808f848349f18390c5874d923358650db489cb252398c125
n2-pression-masse-force-001,04,Physique,P102,CONSERVEE,Conservée après nouvelle lecture : Inverser masse et poids. La distinction interrogée reste utile au même objectif.,"Dans la phrase « une masse de 1 kg exerce son poids sur une surface de 1 cm² », quelles sont respectivement les unités SI de la masse, du poids et de la pression ?",kg ; N ; Pa,2,N ; kg ; Pa,Inverser masse et poids.,"La masse s’exprime en kg et le poids en N, pas l’inverse.",PHYSIQUE_N2_2026-10-09.csv,"Recto autonome, clé unique, alternatives et corrigé relus ; pas de quota de corrections.",2026-10-10,"Sources historiques datées conservées ; recroisements du 10 octobre détaillés dans le journal, sans antidater les consultations.",QCM ; 4 choix ; modèle historique conservé,05313837d9833d56808f848349f18390c5874d923358650db489cb252398c125
n2-pression-masse-force-001,04,Physique,P102,CONSERVEE,Conservée après nouvelle lecture : Inverser force et pression. La distinction interrogée reste utile au même objectif.,"Dans la phrase « une masse de 1 kg exerce son poids sur une surface de 1 cm² », quelles sont respectivement les unités SI de la masse, du poids et de la pression ?",kg ; N ; Pa,3,kg ; Pa ; N,Inverser force et pression.,Le poids est une force en N ; la pression est une force par aire en Pa.,PHYSIQUE_N2_2026-10-09.csv,"Recto autonome, clé unique, alternatives et corrigé relus ; pas de quota de corrections.",2026-10-10,"Sources historiques datées conservées ; recroisements du 10 octobre détaillés dans le journal, sans antidater les consultations.",QCM ; 4 choix ; modèle historique conservé,05313837d9833d56808f848349f18390c5874d923358650db489cb252398c125
n2-pression-atmosphere-origine-001,04,Physique,P103,CONSERVEE,Conservée après nouvelle lecture : Attribuer à tout mouvement d’air l’origine de la pression mesurée. La distinction interrogée reste utile au même objectif.,"Dans une atmosphère en équilibre, quelle grandeur détermine sa pression totale à la surface de la Terre ?",Le poids de la colonne d’air au-dessus du point considéré,1,La pression liée au déplacement horizontal de l’air,Attribuer à tout mouvement d’air l’origine de la pression mesurée.,"La pression d’équilibre provient du poids de la colonne d’air, même sans vent.",PHYSIQUE_N2_2026-10-09.csv,"Recto autonome, clé unique, alternatives et corrigé relus ; pas de quota de corrections.",2026-10-10,"Sources historiques datées conservées ; recroisements du 10 octobre détaillés dans le journal, sans antidater les consultations.",QCM ; 3 choix ; modèle historique conservé,7de5be68a265bbe56fb8177f75b0db52175f597cf7b9ecfadabc34474c1306bd
n2-pression-atmosphere-origine-001,04,Physique,P103,CONSERVEE,Conservée après nouvelle lecture : Confondre la pression d’un constituant et la pression totale. La distinction interrogée reste utile au même objectif.,"Dans une atmosphère en équilibre, quelle grandeur détermine sa pression totale à la surface de la Terre ?",Le poids de la colonne d’air au-dessus du point considéré,2,La pression partielle de la vapeur d’eau présente dans l’air,Confondre la pression d’un constituant et la pression totale.,"La vapeur d’eau ne représente qu’une partie du gaz atmosphérique, pas toute sa pression.",PHYSIQUE_N2_2026-10-09.csv,"Recto autonome, clé unique, alternatives et corrigé relus ; pas de quota de corrections.",2026-10-10,"Sources historiques datées conservées ; recroisements du 10 octobre détaillés dans le journal, sans antidater les consultations.",QCM ; 3 choix ; modèle historique conservé,7de5be68a265bbe56fb8177f75b0db52175f597cf7b9ecfadabc34474c1306bd
n2-pression-altitude-001,04,Physique,P105,CONSERVEE,Conservée après nouvelle lecture : Penser que la proximité des couches d’air supérieures augmente la pression. La distinction interrogée reste utile au même objectif.,"À conditions météorologiques comparables, la pression atmosphérique réelle à la surface d’un lac de montagne est-elle plus faible, égale ou plus forte qu’au niveau de la mer ?",Plus faible,1,Plus forte,Penser que la proximité des couches d’air supérieures augmente la pression.,La colonne d’air au-dessus pèse moins en altitude ; la pression réelle diminue.,PHYSIQUE_N2_2026-10-09.csv,"Recto autonome, clé unique, alternatives et corrigé relus ; pas de quota de corrections.",2026-10-10,"Sources historiques datées conservées ; recroisements du 10 octobre détaillés dans le journal, sans antidater les consultations.",QCM ; 3 choix ; modèle historique conservé,2dd0108d227d10feeaac6e4ad0d5273448f1dad3ae6388f4bad23ff20ee61475
n2-pression-altitude-001,04,Physique,P105,CONSERVEE,Conservée après nouvelle lecture : Étendre la convention de cours 1 bar à toutes les altitudes. La distinction interrogée reste utile au même objectif.,"À conditions météorologiques comparables, la pression atmosphérique réelle à la surface d’un lac de montagne est-elle plus faible, égale ou plus forte qu’au niveau de la mer ?",Plus faible,2,Égale,Étendre la convention de cours 1 bar à toutes les altitudes.,La pression de surface dépend de l’altitude ; 1 bar n’est pas une valeur imposée au lac.,PHYSIQUE_N2_2026-10-09.csv,"Recto autonome, clé unique, alternatives et corrigé relus ; pas de quota de corrections.",2026-10-10,"Sources historiques datées conservées ; recroisements du 10 octobre détaillés dans le journal, sans antidater les consultations.",QCM ; 3 choix ; modèle historique conservé,2dd0108d227d10feeaac6e4ad0d5273448f1dad3ae6388f4bad23ff20ee61475
n2-pression-meteo-001,04,Physique,P106,CONSERVEE,Conservée après nouvelle lecture : Inverser la distinction basse/haute pression des systèmes météo. La distinction interrogée reste utile au même objectif.,"Au même endroit et à la même altitude, comment évolue généralement la pression atmosphérique lorsque le système dépressionnaire laisse place à un anticyclone ?",Elle augmente,1,Elle diminue,Inverser la distinction basse/haute pression des systèmes météo.,Le passage décrit correspond généralement à une hausse de pression.,PHYSIQUE_N2_2026-10-09.csv,"Recto autonome, clé unique, alternatives et corrigé relus ; pas de quota de corrections.",2026-10-10,"Sources historiques datées conservées ; recroisements du 10 octobre détaillés dans le journal, sans antidater les consultations.",QCM ; 3 choix ; modèle historique conservé,897d2e10aac776ea8ed1daac7dff48b0171dd798700e55310ba883ff9fdcc0b6
n2-pression-meteo-001,04,Physique,P106,CONSERVEE,Conservée après nouvelle lecture : Croire que l’altitude explique toute la pression atmosphérique. La distinction interrogée reste utile au même objectif.,"Au même endroit et à la même altitude, comment évolue généralement la pression atmosphérique lorsque le système dépressionnaire laisse place à un anticyclone ?",Elle augmente,2,Elle reste identique,Croire que l’altitude explique toute la pression atmosphérique.,La pression varie aussi avec la situation météorologique au même lieu.,PHYSIQUE_N2_2026-10-09.csv,"Recto autonome, clé unique, alternatives et corrigé relus ; pas de quota de corrections.",2026-10-10,"Sources historiques datées conservées ; recroisements du 10 octobre détaillés dans le journal, sans antidater les consultations.",QCM ; 3 choix ; modèle historique conservé,897d2e10aac776ea8ed1daac7dff48b0171dd798700e55310ba883ff9fdcc0b6
n2-pression-hydrostatique-001,04,Physique,P107,CONSERVEE,Conservée après nouvelle lecture : Confondre contribution hydrostatique et pression absolue. La distinction interrogée reste utile au même objectif.,"Dans une eau au repos, que représente la pression hydrostatique ajoutée à la pression atmosphérique ?",La pression due au poids de l’eau au-dessus,1,La pression totale de l’eau et de l’atmosphère,Confondre contribution hydrostatique et pression absolue.,L’hydrostatique est la seule contribution de l’eau ; l’absolue comprend aussi l’atmosphère.,PHYSIQUE_N2_2026-10-09.csv,"Recto autonome, clé unique, alternatives et corrigé relus ; pas de quota de corrections.",2026-10-10,"Sources historiques datées conservées ; recroisements du 10 octobre détaillés dans le journal, sans antidater les consultations.",QCM ; 3 choix ; modèle historique conservé,9559df9959a654486dc2f5ba009dfe2f8509c376b74aabe96e6ab80ba852667b
n2-pression-hydrostatique-001,04,Physique,P107,CONSERVEE,Conservée après nouvelle lecture : Confondre référence de surface et contribution de la colonne d’eau. La distinction interrogée reste utile au même objectif.,"Dans une eau au repos, que représente la pression hydrostatique ajoutée à la pression atmosphérique ?",La pression due au poids de l’eau au-dessus,2,La pression atmosphérique transmise par la surface,Confondre référence de surface et contribution de la colonne d’eau.,L’atmosphère fournit la pression à la surface ; l’eau ajoute la contribution hydrostatique.,PHYSIQUE_N2_2026-10-09.csv,"Recto autonome, clé unique, alternatives et corrigé relus ; pas de quota de corrections.",2026-10-10,"Sources historiques datées conservées ; recroisements du 10 octobre détaillés dans le journal, sans antidater les consultations.",QCM ; 3 choix ; modèle historique conservé,9559df9959a654486dc2f5ba009dfe2f8509c376b74aabe96e6ab80ba852667b
n2-pression-absolue-six-metres-001,04,Physique,P110,CONSERVEE,"Conservée après nouvelle lecture : Omettre la pression atmosphérique : 6/10=0,6. La distinction interrogée reste utile au même objectif.","À 6 m de profondeur, quelle est la pression absolue ambiante ? Prendre 1 bar de pression atmosphérique et une augmentation hydrostatique de 1 bar tous les 10 m.","1,6 bar absolu",1,"0,6 bar absolu","Omettre la pression atmosphérique : 6/10=0,6.","La pression absolue vaut 1+0,6=1,6 bar.",PHYSIQUE_N2_2026-10-09.csv,"Recto autonome, clé unique, alternatives et corrigé relus ; pas de quota de corrections.",2026-10-10,"Sources historiques datées conservées ; recroisements du 10 octobre détaillés dans le journal, sans antidater les consultations.",QCM ; 3 choix ; modèle historique conservé,586bbe4e2baf293295bfbc73233124d06998cc81d150104ab6ff74940e8a8671
n2-pression-absolue-six-metres-001,04,Physique,P110,CONSERVEE,"Conservée après nouvelle lecture : Compter deux fois la pression atmosphérique : 2+6/10=2,6. La distinction interrogée reste utile au même objectif.","À 6 m de profondeur, quelle est la pression absolue ambiante ? Prendre 1 bar de pression atmosphérique et une augmentation hydrostatique de 1 bar tous les 10 m.","1,6 bar absolu",2,"2,6 bars absolus","Compter deux fois la pression atmosphérique : 2+6/10=2,6.",La contribution de surface ne s’ajoute qu’une fois.,PHYSIQUE_N2_2026-10-09.csv,"Recto autonome, clé unique, alternatives et corrigé relus ; pas de quota de corrections.",2026-10-10,"Sources historiques datées conservées ; recroisements du 10 octobre détaillés dans le journal, sans antidater les consultations.",QCM ; 3 choix ; modèle historique conservé,586bbe4e2baf293295bfbc73233124d06998cc81d150104ab6ff74940e8a8671
n2-pression-meme-profondeur-001,04,Physique,P111,CONSERVEE,Conservée après nouvelle lecture : Prendre la profondeur du fond pour la hauteur de la colonne d’eau au-dessus. La distinction interrogée reste utile au même objectif.,"Deux plongeurs sont à 10 m sous la même surface : l’un au-dessus d’un fond de 12 m, l’autre au-dessus d’un fond de 40 m. Dans la même eau au repos, de densité uniforme, comment leurs pressions ambiantes se comparent-elles ?",Elles sont égales,1,Elle est plus élevée au-dessus du fond de 40 m,Prendre la profondeur du fond pour la hauteur de la colonne d’eau au-dessus.,Les deux plongeurs sont à 10 m sous la même surface et ont la même pression.,PHYSIQUE_N2_2026-10-09.csv,"Recto autonome, clé unique, alternatives et corrigé relus ; pas de quota de corrections.",2026-10-10,"Sources historiques datées conservées ; recroisements du 10 octobre détaillés dans le journal, sans antidater les consultations.",QCM ; 3 choix ; modèle historique conservé,6fd5f9fc138b584d2ec9497e88fccfed1a5268a1e67630ca184de31b3db612a5
n2-pression-meme-profondeur-001,04,Physique,P111,CONSERVEE,Conservée après nouvelle lecture : Assimiler proximité du fond et pression accrue sur le plongeur. La distinction interrogée reste utile au même objectif.,"Deux plongeurs sont à 10 m sous la même surface : l’un au-dessus d’un fond de 12 m, l’autre au-dessus d’un fond de 40 m. Dans la même eau au repos, de densité uniforme, comment leurs pressions ambiantes se comparent-elles ?",Elles sont égales,2,Elle est plus élevée au-dessus du fond de 12 m,Assimiler proximité du fond et pression accrue sur le plongeur.,La hauteur d’eau sous le plongeur ne fixe pas sa pression ambiante.,PHYSIQUE_N2_2026-10-09.csv,"Recto autonome, clé unique, alternatives et corrigé relus ; pas de quota de corrections.",2026-10-10,"Sources historiques datées conservées ; recroisements du 10 octobre détaillés dans le journal, sans antidater les consultations.",QCM ; 3 choix ; modèle historique conservé,6fd5f9fc138b584d2ec9497e88fccfed1a5268a1e67630ca184de31b3db612a5
n2-pression-hydrostatique-calcul-001,04,Physique,P114,CONSERVEE,"Conservée après nouvelle lecture : Ajouter le bar de surface : 1+3/10=1,3. La distinction interrogée reste utile au même objectif.","À 3 m, quelle pression est ajoutée par l’eau seule ? Utiliser le modèle de 1 bar tous les 10 m.","0,3 bar",1,"1,3 bar","Ajouter le bar de surface : 1+3/10=1,3.","La question porte sur l’eau seule ; sa contribution vaut 0,3 bar.",PHYSIQUE_N2_2026-10-09.csv,"Recto autonome, clé unique, alternatives et corrigé relus ; pas de quota de corrections.",2026-10-10,"Sources historiques datées conservées ; recroisements du 10 octobre détaillés dans le journal, sans antidater les consultations.",QCM ; 3 choix ; modèle historique conservé,b45dc65c93c567edf263430c537b3cab85dccb4e031edee5cddfbeaa07cb90a8
n2-pression-hydrostatique-calcul-001,04,Physique,P114,CONSERVEE,Conservée après nouvelle lecture : Lire les mètres comme des bars : 3. La distinction interrogée reste utile au même objectif.,"À 3 m, quelle pression est ajoutée par l’eau seule ? Utiliser le modèle de 1 bar tous les 10 m.","0,3 bar",2,3 bars,Lire les mètres comme des bars : 3.,"Le modèle convertit dix mètres en un bar ; 3/10=0,3.",PHYSIQUE_N2_2026-10-09.csv,"Recto autonome, clé unique, alternatives et corrigé relus ; pas de quota de corrections.",2026-10-10,"Sources historiques datées conservées ; recroisements du 10 octobre détaillés dans le journal, sans antidater les consultations.",QCM ; 3 choix ; modèle historique conservé,b45dc65c93c567edf263430c537b3cab85dccb4e031edee5cddfbeaa07cb90a8
n2-pression-profondeur-absolue-001,04,Physique,P123,CONSERVEE,"Conservée après nouvelle lecture : Convertir la pression absolue entière : 1,5×10=15. La distinction interrogée reste utile au même objectif.","À quelle profondeur la pression absolue vaut-elle 1,5 bar ? Prendre 1 bar à la surface et une augmentation de 1 bar tous les 10 m.",5 m,1,15 m,"Convertir la pression absolue entière : 1,5×10=15.","Il faut d’abord soustraire 1 bar, puis convertir : 5 m.",PHYSIQUE_N2_2026-10-09.csv,"Recto autonome, clé unique, alternatives et corrigé relus ; pas de quota de corrections.",2026-10-10,"Sources historiques datées conservées ; recroisements du 10 octobre détaillés dans le journal, sans antidater les consultations.",QCM ; 3 choix ; modèle historique conservé,69a2bb98ed147919bc3b35907fb8c5a474fe9facce18d31b293a1b9580a55317
n2-pression-profondeur-absolue-001,04,Physique,P123,CONSERVEE,"Conservée après nouvelle lecture : Retirer l’atmosphère mais oublier la conversion : 1,5−1=0,5. La distinction interrogée reste utile au même objectif.","À quelle profondeur la pression absolue vaut-elle 1,5 bar ? Prendre 1 bar à la surface et une augmentation de 1 bar tous les 10 m.",5 m,2,"0,5 m","Retirer l’atmosphère mais oublier la conversion : 1,5−1=0,5.","0,5 est une pression en bar, correspondant à 5 m.",PHYSIQUE_N2_2026-10-09.csv,"Recto autonome, clé unique, alternatives et corrigé relus ; pas de quota de corrections.",2026-10-10,"Sources historiques datées conservées ; recroisements du 10 octobre détaillés dans le journal, sans antidater les consultations.",QCM ; 3 choix ; modèle historique conservé,69a2bb98ed147919bc3b35907fb8c5a474fe9facce18d31b293a1b9580a55317
n2-pression-profondeur-relative-001,04,Physique,P126,CONSERVEE,Conservée après nouvelle lecture : Soustraire un bar à une mesure déjà relative : (2−1)×10=10. La distinction interrogée reste utile au même objectif.,"Un capteur mesure 2 bars de pression relative à la surface, c’est-à-dire 2 bars ajoutés par l’eau. Quelle profondeur cela représente-t-il dans le modèle de 1 bar tous les 10 m ?",20 m,1,10 m,Soustraire un bar à une mesure déjà relative : (2−1)×10=10.,Les 2 bar représentent déjà l’eau ; ils correspondent à 20 m.,PHYSIQUE_N2_2026-10-09.csv,"Recto autonome, clé unique, alternatives et corrigé relus ; pas de quota de corrections.",2026-10-10,"Sources historiques datées conservées ; recroisements du 10 octobre détaillés dans le journal, sans antidater les consultations.",QCM ; 3 choix ; modèle historique conservé,08f090a5cf2e6cee551b645f3d3cb091cc59a87506a9335822685e0ea6338b53
n2-pression-profondeur-relative-001,04,Physique,P126,CONSERVEE,Conservée après nouvelle lecture : Ajouter l’atmosphère avant de traiter tout comme hydrostatique : (2+1)×10=30. La distinction interrogée reste utile au même objectif.,"Un capteur mesure 2 bars de pression relative à la surface, c’est-à-dire 2 bars ajoutés par l’eau. Quelle profondeur cela représente-t-il dans le modèle de 1 bar tous les 10 m ?",20 m,2,30 m,Ajouter l’atmosphère avant de traiter tout comme hydrostatique : (2+1)×10=30.,"La conversion en profondeur doit utiliser la contribution de l’eau seule, donnée ici.",PHYSIQUE_N2_2026-10-09.csv,"Recto autonome, clé unique, alternatives et corrigé relus ; pas de quota de corrections.",2026-10-10,"Sources historiques datées conservées ; recroisements du 10 octobre détaillés dans le journal, sans antidater les consultations.",QCM ; 3 choix ; modèle historique conservé,08f090a5cf2e6cee551b645f3d3cb091cc59a87506a9335822685e0ea6338b53
n2-pression-double-atmosphere-001,04,Physique,P127,CONSERVEE,Conservée après nouvelle lecture : Attribuer l’écart à la duplication de la contribution de l’eau. La distinction interrogée reste utile au même objectif.,"Un capteur sous l’eau indique 3 bar de pression absolue, avec 1 bar atmosphérique à la surface. Un élève retient 4 bar comme pression ambiante. Quelle contribution a-t-il comptée deux fois ?",La pression atmosphérique,1,La pression hydrostatique,Attribuer l’écart à la duplication de la contribution de l’eau.,"L’eau ajoute 2 bar ; les compter deux fois donnerait 1+2×2=5 bar, pas 4.",PHYSIQUE_N2_2026-10-09.csv,"Recto autonome, clé unique, alternatives et corrigé relus ; pas de quota de corrections.",2026-10-10,"Sources historiques datées conservées ; recroisements du 10 octobre détaillés dans le journal, sans antidater les consultations.",QCM ; 3 choix ; modèle historique conservé,9f85583cc8f20a0dafcb547be02d580f1ae15b510ab4cc9a89c77540af6214c2
n2-pression-double-atmosphere-001,04,Physique,P127,CONSERVEE,Conservée après nouvelle lecture : Confondre duplication d’une contribution et duplication de toute la mesure. La distinction interrogée reste utile au même objectif.,"Un capteur sous l’eau indique 3 bar de pression absolue, avec 1 bar atmosphérique à la surface. Un élève retient 4 bar comme pression ambiante. Quelle contribution a-t-il comptée deux fois ?",La pression atmosphérique,2,La pression absolue totale,Confondre duplication d’une contribution et duplication de toute la mesure.,Doubler les 3 bar absolus donnerait 6 bar ; 4 vient d’un seul bar ajouté de nouveau.,PHYSIQUE_N2_2026-10-09.csv,"Recto autonome, clé unique, alternatives et corrigé relus ; pas de quota de corrections.",2026-10-10,"Sources historiques datées conservées ; recroisements du 10 octobre détaillés dans le journal, sans antidater les consultations.",QCM ; 3 choix ; modèle historique conservé,9f85583cc8f20a0dafcb547be02d580f1ae15b510ab4cc9a89c77540af6214c2
n2-pression-boyle-pressions-001,04,Physique,P128,CONSERVEE,Conservée après nouvelle lecture : Employer les seules pressions hydrostatiques : 10/10=1 et 20/10=2. La distinction interrogée reste utile au même objectif.,"Pour appliquer P₁V₁ = P₂V₂ à un gaz passant de 10 à 20 m, quelles pressions utiliser ? La température et la quantité de gaz restent constantes ; prendre 1 bar à la surface et +1 bar par 10 m.",P₁ = 2 bars ; P₂ = 3 bars,1,P₁ = 1 bar ; P₂ = 2 bars,Employer les seules pressions hydrostatiques : 10/10=1 et 20/10=2.,"Boyle utilise les pressions absolues, soit 2 et 3 bar.",PHYSIQUE_N2_2026-10-09.csv,"Recto autonome, clé unique, alternatives et corrigé relus ; pas de quota de corrections.",2026-10-10,"Sources historiques datées conservées ; recroisements du 10 octobre détaillés dans le journal, sans antidater les consultations.",QCM ; 3 choix ; modèle historique conservé,c72046b72d90d8d5f38418ae1fcba200df895d12e3d12d33c91932ca047f4ec8
n2-pression-boyle-pressions-001,04,Physique,P128,CONSERVEE,Conservée après nouvelle lecture : Ajouter deux fois le bar de surface : 2+1=3 et 3+1=4. La distinction interrogée reste utile au même objectif.,"Pour appliquer P₁V₁ = P₂V₂ à un gaz passant de 10 à 20 m, quelles pressions utiliser ? La température et la quantité de gaz restent constantes ; prendre 1 bar à la surface et +1 bar par 10 m.",P₁ = 2 bars ; P₂ = 3 bars,2,P₁ = 3 bars ; P₂ = 4 bars,Ajouter deux fois le bar de surface : 2+1=3 et 3+1=4.,La contribution atmosphérique ne compte qu’une fois à chaque état.,PHYSIQUE_N2_2026-10-09.csv,"Recto autonome, clé unique, alternatives et corrigé relus ; pas de quota de corrections.",2026-10-10,"Sources historiques datées conservées ; recroisements du 10 octobre détaillés dans le journal, sans antidater les consultations.",QCM ; 3 choix ; modèle historique conservé,c72046b72d90d8d5f38418ae1fcba200df895d12e3d12d33c91932ca047f4ec8
n2-pression-rapports-001,04,Physique,P129,CONSERVEE,Conservée après nouvelle lecture : Prendre deux tranches de 10 m pour deux doublements identiques. La distinction interrogée reste utile au même objectif.,"Dans le modèle de 1 bar à la surface et +1 bar par 10 m, par quels facteurs la pression absolue est-elle multipliée lors des descentes 0 → 10 m, puis 10 → 20 m ?","×2, puis ×1,5",1,"×2, puis ×2",Prendre deux tranches de 10 m pour deux doublements identiques.,"Les rapports absolus sont 2/1=2 puis 3/2=1,5.",PHYSIQUE_N2_2026-10-09.csv,"Recto autonome, clé unique, alternatives et corrigé relus ; pas de quota de corrections.",2026-10-10,"Sources historiques datées conservées ; recroisements du 10 octobre détaillés dans le journal, sans antidater les consultations.",QCM ; 4 choix ; modèle historique conservé,2df557e2ac1bf5f105fab210bee0325826c92d398d38a7b27592906006c95305
n2-pression-rapports-001,04,Physique,P129,CONSERVEE,Conservée après nouvelle lecture : Permuter les rapports des deux trajets. La distinction interrogée reste utile au même objectif.,"Dans le modèle de 1 bar à la surface et +1 bar par 10 m, par quels facteurs la pression absolue est-elle multipliée lors des descentes 0 → 10 m, puis 10 → 20 m ?","×2, puis ×1,5",2,"×1,5, puis ×2",Permuter les rapports des deux trajets.,"Le doublement est celui de surface→10 m, pas de 10→20 m.",PHYSIQUE_N2_2026-10-09.csv,"Recto autonome, clé unique, alternatives et corrigé relus ; pas de quota de corrections.",2026-10-10,"Sources historiques datées conservées ; recroisements du 10 octobre détaillés dans le journal, sans antidater les consultations.",QCM ; 4 choix ; modèle historique conservé,2df557e2ac1bf5f105fab210bee0325826c92d398d38a7b27592906006c95305
n2-pression-rapports-001,04,Physique,P129,CONSERVEE,Conservée après nouvelle lecture : Employer les valeurs finales 2 et 3 comme facteurs. La distinction interrogée reste utile au même objectif.,"Dans le modèle de 1 bar à la surface et +1 bar par 10 m, par quels facteurs la pression absolue est-elle multipliée lors des descentes 0 → 10 m, puis 10 → 20 m ?","×2, puis ×1,5",3,"×2, puis ×3",Employer les valeurs finales 2 et 3 comme facteurs.,Les facteurs doivent comparer chaque pression à sa propre valeur de départ.,PHYSIQUE_N2_2026-10-09.csv,"Recto autonome, clé unique, alternatives et corrigé relus ; pas de quota de corrections.",2026-10-10,"Sources historiques datées conservées ; recroisements du 10 octobre détaillés dans le journal, sans antidater les consultations.",QCM ; 4 choix ; modèle historique conservé,2df557e2ac1bf5f105fab210bee0325826c92d398d38a7b27592906006c95305
n2-pression-absolue-vingt-metres-001,04,Physique,P110,CONSERVEE,Conservée après nouvelle lecture : Omettre le bar de surface : 20/10=2. La distinction interrogée reste utile au même objectif.,Quelle est la pression absolue à 20 m de profondeur ? Utiliser le modèle simplifié : pression atmosphérique de 1 bar et augmentation hydrostatique de 1 bar tous les 10 m.,3 bars absolus,1,2 bars absolus,Omettre le bar de surface : 20/10=2.,La pression absolue est 1+2=3 bar.,PHYSIQUE_N2_2026-10-09.csv,"Recto autonome, clé unique, alternatives et corrigé relus ; pas de quota de corrections.",2026-10-10,"Sources historiques datées conservées ; recroisements du 10 octobre détaillés dans le journal, sans antidater les consultations.",QCM ; 3 choix ; modèle historique conservé,efe6fac13bfd32acc8748bfcc81edf57eefe5bae5f55fe8b8b159589b7b4f8b2
n2-pression-absolue-vingt-metres-001,04,Physique,P110,CONSERVEE,Conservée après nouvelle lecture : Ajouter deux fois l’atmosphère : 2+20/10=4. La distinction interrogée reste utile au même objectif.,Quelle est la pression absolue à 20 m de profondeur ? Utiliser le modèle simplifié : pression atmosphérique de 1 bar et augmentation hydrostatique de 1 bar tous les 10 m.,3 bars absolus,2,4 bars absolus,Ajouter deux fois l’atmosphère : 2+20/10=4.,Une seule contribution de 1 bar s’ajoute à l’eau.,PHYSIQUE_N2_2026-10-09.csv,"Recto autonome, clé unique, alternatives et corrigé relus ; pas de quota de corrections.",2026-10-10,"Sources historiques datées conservées ; recroisements du 10 octobre détaillés dans le journal, sans antidater les consultations.",QCM ; 3 choix ; modèle historique conservé,efe6fac13bfd32acc8748bfcc81edf57eefe5bae5f55fe8b8b159589b7b4f8b2
n2-pression-absolue-trente-trois-metres-001,04,Physique,P110,CONSERVEE,"Conservée après nouvelle lecture : Omettre le bar de surface : 33/10=3,3. La distinction interrogée reste utile au même objectif.",Quelle est la pression absolue à 33 m de profondeur ? Utiliser le modèle simplifié : pression atmosphérique de 1 bar et augmentation hydrostatique de 1 bar tous les 10 m.,"4,3 bars absolus",1,"3,3 bars absolus","Omettre le bar de surface : 33/10=3,3.","La pression absolue vaut 4,3 bar.",PHYSIQUE_N2_2026-10-09.csv,"Recto autonome, clé unique, alternatives et corrigé relus ; pas de quota de corrections.",2026-10-10,"Sources historiques datées conservées ; recroisements du 10 octobre détaillés dans le journal, sans antidater les consultations.",QCM ; 3 choix ; modèle historique conservé,4d1ef4844057c8ab2beff05efd52f0f2ba866233177a1931515a7d9e8c7fc914
n2-pression-absolue-trente-trois-metres-001,04,Physique,P110,CONSERVEE,"Conservée après nouvelle lecture : Ajouter deux fois le bar de surface : 2+33/10=5,3. La distinction interrogée reste utile au même objectif.",Quelle est la pression absolue à 33 m de profondeur ? Utiliser le modèle simplifié : pression atmosphérique de 1 bar et augmentation hydrostatique de 1 bar tous les 10 m.,"4,3 bars absolus",2,"5,3 bars absolus","Ajouter deux fois le bar de surface : 2+33/10=5,3.",La pression atmosphérique ne compte qu’une fois.,PHYSIQUE_N2_2026-10-09.csv,"Recto autonome, clé unique, alternatives et corrigé relus ; pas de quota de corrections.",2026-10-10,"Sources historiques datées conservées ; recroisements du 10 octobre détaillés dans le journal, sans antidater les consultations.",QCM ; 3 choix ; modèle historique conservé,4d1ef4844057c8ab2beff05efd52f0f2ba866233177a1931515a7d9e8c7fc914
n2-pression-inverse-deux-huit-bars-001,04,Physique,P123,CONSERVEE,"Conservée après nouvelle lecture : Convertir l’absolue sans retirer l’atmosphère : 2,8×10=28. La distinction interrogée reste utile au même objectif.","À quelle profondeur la pression absolue atteint-elle 2,8 bars ? Utiliser le modèle simplifié : pression atmosphérique de 1 bar et augmentation hydrostatique de 1 bar tous les 10 m.",18 m,1,28 m,"Convertir l’absolue sans retirer l’atmosphère : 2,8×10=28.","(2,8−1)×10=18 m.",PHYSIQUE_N2_2026-10-09.csv,"Recto autonome, clé unique, alternatives et corrigé relus ; pas de quota de corrections.",2026-10-10,"Sources historiques datées conservées ; recroisements du 10 octobre détaillés dans le journal, sans antidater les consultations.",QCM ; 3 choix ; modèle historique conservé,61b386429330b766fd41019632a49ab897c46c4bfcc079b42f917da42cec850a
n2-pression-inverse-deux-huit-bars-001,04,Physique,P123,CONSERVEE,"Conservée après nouvelle lecture : Ajouter au lieu de soustraire la référence : (2,8+1)×10=38. La distinction interrogée reste utile au même objectif.","À quelle profondeur la pression absolue atteint-elle 2,8 bars ? Utiliser le modèle simplifié : pression atmosphérique de 1 bar et augmentation hydrostatique de 1 bar tous les 10 m.",18 m,2,38 m,"Ajouter au lieu de soustraire la référence : (2,8+1)×10=38.",Il faut isoler la contribution de l’eau en retirant le bar atmosphérique.,PHYSIQUE_N2_2026-10-09.csv,"Recto autonome, clé unique, alternatives et corrigé relus ; pas de quota de corrections.",2026-10-10,"Sources historiques datées conservées ; recroisements du 10 octobre détaillés dans le journal, sans antidater les consultations.",QCM ; 3 choix ; modèle historique conservé,61b386429330b766fd41019632a49ab897c46c4bfcc079b42f917da42cec850a
n2-pression-inverse-quatre-bars-001,04,Physique,P123,CONSERVEE,Conservée après nouvelle lecture : Convertir l’absolue entière : 4×10=40. La distinction interrogée reste utile au même objectif.,À quelle profondeur la pression absolue atteint-elle 4 bars ? Utiliser le modèle simplifié : pression atmosphérique de 1 bar et augmentation hydrostatique de 1 bar tous les 10 m.,30 m,1,40 m,Convertir l’absolue entière : 4×10=40.,(4−1)×10=30 m.,PHYSIQUE_N2_2026-10-09.csv,"Recto autonome, clé unique, alternatives et corrigé relus ; pas de quota de corrections.",2026-10-10,"Sources historiques datées conservées ; recroisements du 10 octobre détaillés dans le journal, sans antidater les consultations.",QCM ; 3 choix ; modèle historique conservé,11ea2e5f22e0027d7658608c84c4e832b5706f5fc87dd40f2034414642b60b9c
n2-pression-inverse-quatre-bars-001,04,Physique,P123,CONSERVEE,Conservée après nouvelle lecture : Ajouter l’atmosphère avant conversion : (4+1)×10=50. La distinction interrogée reste utile au même objectif.,À quelle profondeur la pression absolue atteint-elle 4 bars ? Utiliser le modèle simplifié : pression atmosphérique de 1 bar et augmentation hydrostatique de 1 bar tous les 10 m.,30 m,2,50 m,Ajouter l’atmosphère avant conversion : (4+1)×10=50.,La mesure absolue contient déjà la contribution de surface.,PHYSIQUE_N2_2026-10-09.csv,"Recto autonome, clé unique, alternatives et corrigé relus ; pas de quota de corrections.",2026-10-10,"Sources historiques datées conservées ; recroisements du 10 octobre détaillés dans le journal, sans antidater les consultations.",QCM ; 3 choix ; modèle historique conservé,11ea2e5f22e0027d7658608c84c4e832b5706f5fc87dd40f2034414642b60b9c
n2-pression-hydrostatique-vingt-sept-metres-001,04,Physique,P114,CONSERVEE,"Conservée après nouvelle lecture : Calculer une pression absolue : 1+27/10=3,7. La distinction interrogée reste utile au même objectif.","À 27 m de profondeur, quelle est la pression hydrostatique due à l’eau seule ? Prendre une augmentation de 1 bar tous les 10 m.","2,7 bars",1,"3,7 bars","Calculer une pression absolue : 1+27/10=3,7.","L’eau seule ajoute 2,7 bar.",PHYSIQUE_N2_2026-10-09.csv,"Recto autonome, clé unique, alternatives et corrigé relus ; pas de quota de corrections.",2026-10-10,"Sources historiques datées conservées ; recroisements du 10 octobre détaillés dans le journal, sans antidater les consultations.",QCM ; 3 choix ; modèle historique conservé,4acc50d7449ede7234c2ce2c3e3fa1b43e1c82343d48a88757541c336444b269
n2-pression-hydrostatique-vingt-sept-metres-001,04,Physique,P114,CONSERVEE,"Conservée après nouvelle lecture : Retrancher l’atmosphère à une contribution déjà hydrostatique : 27/10−1=1,7. La distinction interrogée reste utile au même objectif.","À 27 m de profondeur, quelle est la pression hydrostatique due à l’eau seule ? Prendre une augmentation de 1 bar tous les 10 m.","2,7 bars",2,"1,7 bar","Retrancher l’atmosphère à une contribution déjà hydrostatique : 27/10−1=1,7.",Le calcul 27/10 est déjà relatif à la surface.,PHYSIQUE_N2_2026-10-09.csv,"Recto autonome, clé unique, alternatives et corrigé relus ; pas de quota de corrections.",2026-10-10,"Sources historiques datées conservées ; recroisements du 10 octobre détaillés dans le journal, sans antidater les consultations.",QCM ; 3 choix ; modèle historique conservé,4acc50d7449ede7234c2ce2c3e3fa1b43e1c82343d48a88757541c336444b269
n2-pression-variation-remontee-001,04,Physique,P129,CONSERVEE,"Conservée après nouvelle lecture : Garder un bar atmosphérique dans la différence : (4−2,2)+1=2,8. La distinction interrogée reste utile au même objectif.",Un plongeur remonte de 30 m à 12 m. De combien de bars la pression ambiante diminue-t-elle ? Utiliser le modèle simplifié : pression atmosphérique de 1 bar et augmentation hydrostatique de 1 bar tous les 10 m.,"1,8 bar",1,"2,8 bars","Garder un bar atmosphérique dans la différence : (4−2,2)+1=2,8.","La même contribution de surface s’annule entre les deux états ; différence 1,8.",PHYSIQUE_N2_2026-10-09.csv,"Recto autonome, clé unique, alternatives et corrigé relus ; pas de quota de corrections.",2026-10-10,"Sources historiques datées conservées ; recroisements du 10 octobre détaillés dans le journal, sans antidater les consultations.",QCM ; 3 choix ; modèle historique conservé,6221ea2b7a7c14ff31cacd5347661593c8cc037c065c588840a90733afdf813f
n2-pression-variation-remontee-001,04,Physique,P129,CONSERVEE,"Conservée après nouvelle lecture : Retirer un bar supplémentaire après soustraction : (4−2,2)−1=0,8. La distinction interrogée reste utile au même objectif.",Un plongeur remonte de 30 m à 12 m. De combien de bars la pression ambiante diminue-t-elle ? Utiliser le modèle simplifié : pression atmosphérique de 1 bar et augmentation hydrostatique de 1 bar tous les 10 m.,"1,8 bar",2,"0,8 bar","Retirer un bar supplémentaire après soustraction : (4−2,2)−1=0,8.",La soustraction des deux absolues a déjà éliminé leur référence commune.,PHYSIQUE_N2_2026-10-09.csv,"Recto autonome, clé unique, alternatives et corrigé relus ; pas de quota de corrections.",2026-10-10,"Sources historiques datées conservées ; recroisements du 10 octobre détaillés dans le journal, sans antidater les consultations.",QCM ; 3 choix ; modèle historique conservé,6221ea2b7a7c14ff31cacd5347661593c8cc037c065c588840a90733afdf813f
n2-pression-absolue-lac-001,04,Physique,P110,CONSERVEE,"Conservée après nouvelle lecture : Réutiliser 1 bar au lieu de la donnée du lac : 1+18/10=2,8. La distinction interrogée reste utile au même objectif.","Dans un lac, la pression atmosphérique à la surface vaut 0,8 bar. Quelle est la pression absolue à 18 m ? Pour cet exercice, prendre une augmentation hydrostatique de 1 bar tous les 10 m.","2,6 bars absolus",1,"2,8 bars absolus","Réutiliser 1 bar au lieu de la donnée du lac : 1+18/10=2,8.","La donnée imposée est 0,8 bar ; résultat 2,6.",PHYSIQUE_N2_2026-10-09.csv,"Recto autonome, clé unique, alternatives et corrigé relus ; pas de quota de corrections.",2026-10-10,"Sources historiques datées conservées ; recroisements du 10 octobre détaillés dans le journal, sans antidater les consultations.",QCM ; 3 choix ; modèle historique conservé,1116c1082e1982c4d70bea3ee241dc07ad33b8aff7ea6bb7f4c96dd0580a29ca
n2-pression-absolue-lac-001,04,Physique,P110,CONSERVEE,"Conservée après nouvelle lecture : Omettre la pression de surface : 18/10=1,8. La distinction interrogée reste utile au même objectif.","Dans un lac, la pression atmosphérique à la surface vaut 0,8 bar. Quelle est la pression absolue à 18 m ? Pour cet exercice, prendre une augmentation hydrostatique de 1 bar tous les 10 m.","2,6 bars absolus",2,"1,8 bar absolu","Omettre la pression de surface : 18/10=1,8.","La pression absolue doit inclure les 0,8 bar atmosphériques.",PHYSIQUE_N2_2026-10-09.csv,"Recto autonome, clé unique, alternatives et corrigé relus ; pas de quota de corrections.",2026-10-10,"Sources historiques datées conservées ; recroisements du 10 octobre détaillés dans le journal, sans antidater les consultations.",QCM ; 3 choix ; modèle historique conservé,1116c1082e1982c4d70bea3ee241dc07ad33b8aff7ea6bb7f4c96dd0580a29ca
n2-pression-inverse-lac-001,04,Physique,P123,CONSERVEE,"Conservée après nouvelle lecture : Retirer la référence standard 1 bar : (2,3−1)×10=13. La distinction interrogée reste utile au même objectif.","Dans un lac où la pression atmosphérique vaut 0,8 bar, un capteur indique 2,3 bars de pression absolue. À quelle profondeur se trouve-t-il ? Pour cet exercice, prendre une augmentation hydrostatique de 1 bar tous les 10 m.",15 m,1,13 m,"Retirer la référence standard 1 bar : (2,3−1)×10=13.","Il faut retirer les 0,8 bar fournis ; résultat 15 m.",PHYSIQUE_N2_2026-10-09.csv,"Recto autonome, clé unique, alternatives et corrigé relus ; pas de quota de corrections.",2026-10-10,"Sources historiques datées conservées ; recroisements du 10 octobre détaillés dans le journal, sans antidater les consultations.",QCM ; 3 choix ; modèle historique conservé,d399724bfcead7fdc5151c582ab0878980d9d7f93a0e175e8d2a997147d39eb6
n2-pression-inverse-lac-001,04,Physique,P123,CONSERVEE,"Conservée après nouvelle lecture : Convertir directement l’absolue : 2,3×10=23. La distinction interrogée reste utile au même objectif.","Dans un lac où la pression atmosphérique vaut 0,8 bar, un capteur indique 2,3 bars de pression absolue. À quelle profondeur se trouve-t-il ? Pour cet exercice, prendre une augmentation hydrostatique de 1 bar tous les 10 m.",15 m,2,23 m,"Convertir directement l’absolue : 2,3×10=23.",Isoler la contribution de l’eau avant de convertir en mètres.,PHYSIQUE_N2_2026-10-09.csv,"Recto autonome, clé unique, alternatives et corrigé relus ; pas de quota de corrections.",2026-10-10,"Sources historiques datées conservées ; recroisements du 10 octobre détaillés dans le journal, sans antidater les consultations.",QCM ; 3 choix ; modèle historique conservé,d399724bfcead7fdc5151c582ab0878980d9d7f93a0e175e8d2a997147d39eb6
n2-flottabilite-poids-reel-apparent-001,05,Physique,P133,CONSERVEE,Conservée après nouvelle lecture : Confondre poids réel et force nécessaire pour soutenir l’objet immergé. La distinction interrogée reste utile au même objectif.,"Un bloc fermé paraît moins lourd lorsqu’on le tient immobile sous l’eau. Quelle proposition décrit correctement sa masse, son poids réel et son poids apparent ?",Masse et poids réel inchangés ; poids apparent réduit par la poussée,1,Masse inchangée ; poids réel et poids apparent réduits,Confondre poids réel et force nécessaire pour soutenir l’objet immergé.,"La poussée réduit le poids apparent, pas le poids réel à gravité identique.",PHYSIQUE_N2_2026-10-09.csv,"Recto autonome, clé unique, alternatives et corrigé relus ; pas de quota de corrections.",2026-10-10,"Sources historiques datées conservées ; recroisements du 10 octobre détaillés dans le journal, sans antidater les consultations.",QCM ; 3 choix ; modèle historique conservé,8649737b27b65c84ade35cb88982a3a9ee5c89664c8f116da843dbea916272c6
n2-flottabilite-poids-reel-apparent-001,05,Physique,P133,CONSERVEE,Conservée après nouvelle lecture : Assimiler sensation de légèreté et perte de masse. La distinction interrogée reste utile au même objectif.,"Un bloc fermé paraît moins lourd lorsqu’on le tient immobile sous l’eau. Quelle proposition décrit correctement sa masse, son poids réel et son poids apparent ?",Masse et poids réel inchangés ; poids apparent réduit par la poussée,2,Masse et poids réel réduits ; poussée d’Archimède inchangée,Assimiler sensation de légèreté et perte de masse.,"Sans perte de matière, la masse ne diminue pas ; la poussée fournit une force supplémentaire.",PHYSIQUE_N2_2026-10-09.csv,"Recto autonome, clé unique, alternatives et corrigé relus ; pas de quota de corrections.",2026-10-10,"Sources historiques datées conservées ; recroisements du 10 octobre détaillés dans le journal, sans antidater les consultations.",QCM ; 3 choix ; modèle historique conservé,8649737b27b65c84ade35cb88982a3a9ee5c89664c8f116da843dbea916272c6
n2-flottabilite-archimede-001,05,Physique,P134,CONSERVEE,Conservée après nouvelle lecture : Croire que la poussée s’ajuste au poids de l’objet. La distinction interrogée reste utile au même objectif.,Un objet entièrement immergé dans une eau au repos déplace 4 L d’eau. De quoi dépend la valeur de la poussée d’Archimède qu’il reçoit ?,Du poids des 4 L d’eau déplacée,1,Du poids de l’objet immergé,Croire que la poussée s’ajuste au poids de l’objet.,Elle dépend du poids de l’eau déplacée ; un objet dense peut recevoir moins que son poids.,PHYSIQUE_N2_2026-10-09.csv,"Recto autonome, clé unique, alternatives et corrigé relus ; pas de quota de corrections.",2026-10-10,"Sources historiques datées conservées ; recroisements du 10 octobre détaillés dans le journal, sans antidater les consultations.",QCM ; 3 choix ; modèle historique conservé,d515c2b1e2634eccb9e0fe8b33d441344c7546e1fc1e3644968b9d39fb578b2d
n2-flottabilite-archimede-001,05,Physique,P134,CONSERVEE,Conservée après nouvelle lecture : Confondre pression hydrostatique et résultante de poussée sur tout l’objet. La distinction interrogée reste utile au même objectif.,Un objet entièrement immergé dans une eau au repos déplace 4 L d’eau. De quoi dépend la valeur de la poussée d’Archimède qu’il reçoit ?,Du poids des 4 L d’eau déplacée,2,Du poids de l’eau située au-dessus de l’objet,Confondre pression hydrostatique et résultante de poussée sur tout l’objet.,"La poussée correspond au poids du volume déplacé, pas de toute l’eau au-dessus.",PHYSIQUE_N2_2026-10-09.csv,"Recto autonome, clé unique, alternatives et corrigé relus ; pas de quota de corrections.",2026-10-10,"Sources historiques datées conservées ; recroisements du 10 octobre détaillés dans le journal, sans antidater les consultations.",QCM ; 3 choix ; modèle historique conservé,d515c2b1e2634eccb9e0fe8b33d441344c7546e1fc1e3644968b9d39fb578b2d
n2-flottabilite-relation-poids-apparent-001,05,Physique,P136,CONSERVEE,Conservée après nouvelle lecture : Additionner les intensités de forces opposées. La distinction interrogée reste utile au même objectif.,"En prenant le sens vers le bas comme positif, quelle relation donne le poids apparent d’un objet immergé à partir de son poids réel et de la poussée d’Archimède ?",Poids apparent = poids réel − poussée,1,Poids apparent = poids réel + poussée,Additionner les intensités de forces opposées.,"Avec le bas positif, poids apparent = poids réel − poussée.",PHYSIQUE_N2_2026-10-09.csv,"Recto autonome, clé unique, alternatives et corrigé relus ; pas de quota de corrections.",2026-10-10,"Sources historiques datées conservées ; recroisements du 10 octobre détaillés dans le journal, sans antidater les consultations.",QCM ; 3 choix ; modèle historique conservé,a5b1fc5291d808565a5c3b9c4c69f3229d718ccd70a5fa6278c7da7fd0abface
n2-flottabilite-relation-poids-apparent-001,05,Physique,P136,CONSERVEE,Conservée après nouvelle lecture : Prendre la convention de force vers le haut pour celle annoncée vers le bas. La distinction interrogée reste utile au même objectif.,"En prenant le sens vers le bas comme positif, quelle relation donne le poids apparent d’un objet immergé à partir de son poids réel et de la poussée d’Archimède ?",Poids apparent = poids réel − poussée,2,Poids apparent = poussée − poids réel,Prendre la convention de force vers le haut pour celle annoncée vers le bas.,Poussée−poids réel aurait le signe inverse de celui demandé.,PHYSIQUE_N2_2026-10-09.csv,"Recto autonome, clé unique, alternatives et corrigé relus ; pas de quota de corrections.",2026-10-10,"Sources historiques datées conservées ; recroisements du 10 octobre détaillés dans le journal, sans antidater les consultations.",QCM ; 3 choix ; modèle historique conservé,a5b1fc5291d808565a5c3b9c4c69f3229d718ccd70a5fa6278c7da7fd0abface
n2-flottabilite-signe-001,05,Physique,P138,CONSERVEE,Conservée après nouvelle lecture : Confondre le signe du poids apparent et celui de la flottabilité. La distinction interrogée reste utile au même objectif.,"Un objet entièrement immergé est initialement immobile et libre de bouger. Son poids apparent, défini par poids réel moins poussée d’Archimède, vaut −10 N. Quelle est sa tendance initiale dans une eau au repos ?",Il commence à remonter : sa flottabilité est positive,1,Il commence à couler : sa flottabilité est négative,Confondre le signe du poids apparent et celui de la flottabilité.,−10 N avec poids−poussée signifie que la poussée domine ; le mouvement initial est vers le haut.,PHYSIQUE_N2_2026-10-09.csv,"Recto autonome, clé unique, alternatives et corrigé relus ; pas de quota de corrections.",2026-10-10,"Sources historiques datées conservées ; recroisements du 10 octobre détaillés dans le journal, sans antidater les consultations.",QCM ; 3 choix ; modèle historique conservé,9c45e604dc0f240408bc863121b6ff6dcefc52d3251363f84561eb1c5a6e1f00
n2-flottabilite-signe-001,05,Physique,P138,CONSERVEE,Conservée après nouvelle lecture : Prendre la position immobile initiale pour une preuve d’équilibre durable. La distinction interrogée reste utile au même objectif.,"Un objet entièrement immergé est initialement immobile et libre de bouger. Son poids apparent, défini par poids réel moins poussée d’Archimède, vaut −10 N. Quelle est sa tendance initiale dans une eau au repos ?",Il commence à remonter : sa flottabilité est positive,2,Il reste à cette profondeur : sa flottabilité est neutre,Prendre la position immobile initiale pour une preuve d’équilibre durable.,Le poids apparent est non nul ; l’objet libre ne reste pas en équilibre à cette profondeur.,PHYSIQUE_N2_2026-10-09.csv,"Recto autonome, clé unique, alternatives et corrigé relus ; pas de quota de corrections.",2026-10-10,"Sources historiques datées conservées ; recroisements du 10 octobre détaillés dans le journal, sans antidater les consultations.",QCM ; 3 choix ; modèle historique conservé,9c45e604dc0f240408bc863121b6ff6dcefc52d3251363f84561eb1c5a6e1f00
n2-flottabilite-calcul-cinq-kg-001,05,Physique,P142,CONSERVEE,Conservée après nouvelle lecture : Inverser l’ordre de soustraction : 30−50=−20. La distinction interrogée reste utile au même objectif.,Un objet a une masse de 5 kg et un volume extérieur de 3 L. Quel est son poids apparent ? Objet entièrement immergé en eau douce ; prendre 1 kg par litre d’eau et g = 10 N/kg. Le poids apparent est défini par poids réel moins poussée d’Archimède.,+20 N,1,−20 N,Inverser l’ordre de soustraction : 30−50=−20.,"Avec le bas positif, 50−30=+20 N.",PHYSIQUE_N2_2026-10-09.csv,"Recto autonome, clé unique, alternatives et corrigé relus ; pas de quota de corrections.",2026-10-10,"Sources historiques datées conservées ; recroisements du 10 octobre détaillés dans le journal, sans antidater les consultations.",QCM ; 3 choix ; modèle historique conservé,deafd25a1ad1a954b054ca6eed1c4e32ffd0be09f413f6c771aac106400eaccc
n2-flottabilite-calcul-cinq-kg-001,05,Physique,P142,CONSERVEE,Conservée après nouvelle lecture : Additionner poids et poussée : 50+30=80. La distinction interrogée reste utile au même objectif.,Un objet a une masse de 5 kg et un volume extérieur de 3 L. Quel est son poids apparent ? Objet entièrement immergé en eau douce ; prendre 1 kg par litre d’eau et g = 10 N/kg. Le poids apparent est défini par poids réel moins poussée d’Archimède.,+20 N,2,+80 N,Additionner poids et poussée : 50+30=80.,Les forces sont opposées ; il faut les soustraire.,PHYSIQUE_N2_2026-10-09.csv,"Recto autonome, clé unique, alternatives et corrigé relus ; pas de quota de corrections.",2026-10-10,"Sources historiques datées conservées ; recroisements du 10 octobre détaillés dans le journal, sans antidater les consultations.",QCM ; 3 choix ; modèle historique conservé,deafd25a1ad1a954b054ca6eed1c4e32ffd0be09f413f6c771aac106400eaccc
n2-flottabilite-calcul-deux-kg-001,05,Physique,P142,CONSERVEE,Conservée après nouvelle lecture : Inverser le signe : 30−20=+10. La distinction interrogée reste utile au même objectif.,Un objet a une masse de 2 kg et un volume extérieur de 3 L. Quel est son poids apparent ? Objet entièrement immergé en eau douce ; prendre 1 kg par litre d’eau et g = 10 N/kg. Le poids apparent est défini par poids réel moins poussée d’Archimède.,−10 N,1,+10 N,Inverser le signe : 30−20=+10.,Poids−poussée = 20−30=−10 N.,PHYSIQUE_N2_2026-10-09.csv,"Recto autonome, clé unique, alternatives et corrigé relus ; pas de quota de corrections.",2026-10-10,"Sources historiques datées conservées ; recroisements du 10 octobre détaillés dans le journal, sans antidater les consultations.",QCM ; 3 choix ; modèle historique conservé,9976d68e4df84dc8f23d784c950bb7307b1a3cb0b70ef6db011081c44c49ad98
n2-flottabilite-calcul-deux-kg-001,05,Physique,P142,CONSERVEE,Conservée après nouvelle lecture : Additionner les deux forces : 20+30=50. La distinction interrogée reste utile au même objectif.,Un objet a une masse de 2 kg et un volume extérieur de 3 L. Quel est son poids apparent ? Objet entièrement immergé en eau douce ; prendre 1 kg par litre d’eau et g = 10 N/kg. Le poids apparent est défini par poids réel moins poussée d’Archimède.,−10 N,2,+50 N,Additionner les deux forces : 20+30=50.,La poussée est opposée au poids.,PHYSIQUE_N2_2026-10-09.csv,"Recto autonome, clé unique, alternatives et corrigé relus ; pas de quota de corrections.",2026-10-10,"Sources historiques datées conservées ; recroisements du 10 octobre détaillés dans le journal, sans antidater les consultations.",QCM ; 3 choix ; modèle historique conservé,9976d68e4df84dc8f23d784c950bb7307b1a3cb0b70ef6db011081c44c49ad98
n2-flottabilite-calcul-neutre-001,05,Physique,P142,CONSERVEE,Conservée après nouvelle lecture : Ignorer la poussée et conserver 3×10=30 N. La distinction interrogée reste utile au même objectif.,Un objet a une masse de 3 kg et un volume extérieur de 3 L. Quel est son poids apparent ? Objet entièrement immergé en eau douce ; prendre 1 kg par litre d’eau et g = 10 N/kg. Le poids apparent est défini par poids réel moins poussée d’Archimède.,0 N,1,+30 N,Ignorer la poussée et conserver 3×10=30 N.,La poussée vaut aussi 30 N et compense le poids.,PHYSIQUE_N2_2026-10-09.csv,"Recto autonome, clé unique, alternatives et corrigé relus ; pas de quota de corrections.",2026-10-10,"Sources historiques datées conservées ; recroisements du 10 octobre détaillés dans le journal, sans antidater les consultations.",QCM ; 3 choix ; modèle historique conservé,07b19f344a4d1072a86172787ed0ffd2fb682e7c6523b2a6734003f21ba85bc6
n2-flottabilite-calcul-neutre-001,05,Physique,P142,CONSERVEE,Conservée après nouvelle lecture : Additionner poids et poussée : 30+30=60. La distinction interrogée reste utile au même objectif.,Un objet a une masse de 3 kg et un volume extérieur de 3 L. Quel est son poids apparent ? Objet entièrement immergé en eau douce ; prendre 1 kg par litre d’eau et g = 10 N/kg. Le poids apparent est défini par poids réel moins poussée d’Archimède.,0 N,2,+60 N,Additionner poids et poussée : 30+30=60.,Elles se compensent au lieu de s’additionner dans le même sens.,PHYSIQUE_N2_2026-10-09.csv,"Recto autonome, clé unique, alternatives et corrigé relus ; pas de quota de corrections.",2026-10-10,"Sources historiques datées conservées ; recroisements du 10 octobre détaillés dans le journal, sans antidater les consultations.",QCM ; 3 choix ; modèle historique conservé,07b19f344a4d1072a86172787ed0ffd2fb682e7c6523b2a6734003f21ba85bc6
n2-flottabilite-volume-portance-001,05,Physique,P145,CONSERVEE,Conservée après nouvelle lecture : Prendre le volume déjà déplacé pour le supplément : 5 L. La distinction interrogée reste utile au même objectif.,Un objet de 8 kg et de volume extérieur 5 L est entièrement immergé en eau douce. Quel volume supplémentaire doit déplacer un flotteur fixé à l’objet pour rendre l’ensemble neutre ? Prendre 1 kg par litre d’eau ; négliger la masse du flotteur et du gaz qu’il contient.,3 L supplémentaires,1,5 L supplémentaires,Prendre le volume déjà déplacé pour le supplément : 5 L.,Il manque 8−5=3 L pour compenser la masse totale.,PHYSIQUE_N2_2026-10-09.csv,"Recto autonome, clé unique, alternatives et corrigé relus ; pas de quota de corrections.",2026-10-10,"Sources historiques datées conservées ; recroisements du 10 octobre détaillés dans le journal, sans antidater les consultations.",QCM ; 3 choix ; modèle historique conservé,1eb73787b590db83275b994c8b6e40698462d31fffe32614cfd29911518103e0
n2-flottabilite-volume-portance-001,05,Physique,P145,CONSERVEE,Conservée après nouvelle lecture : Ajouter toute la portance requise sans compter l’objet : 8 L. La distinction interrogée reste utile au même objectif.,Un objet de 8 kg et de volume extérieur 5 L est entièrement immergé en eau douce. Quel volume supplémentaire doit déplacer un flotteur fixé à l’objet pour rendre l’ensemble neutre ? Prendre 1 kg par litre d’eau ; négliger la masse du flotteur et du gaz qu’il contient.,3 L supplémentaires,2,8 L supplémentaires,Ajouter toute la portance requise sans compter l’objet : 8 L.,L’objet apporte déjà 5 L de déplacement ; les 8 L sont le total requis.,PHYSIQUE_N2_2026-10-09.csv,"Recto autonome, clé unique, alternatives et corrigé relus ; pas de quota de corrections.",2026-10-10,"Sources historiques datées conservées ; recroisements du 10 octobre détaillés dans le journal, sans antidater les consultations.",QCM ; 3 choix ; modèle historique conservé,1eb73787b590db83275b994c8b6e40698462d31fffe32614cfd29911518103e0
n2-flottabilite-lest-caisson-001,05,Physique,P146,CONSERVEE,Conservée après nouvelle lecture : Ajouter toute la masse d’équilibre sans déduire celle du caisson : 3 kg. La distinction interrogée reste utile au même objectif.,"Un caisson étanche de masse 1,5 kg et de volume extérieur 3 L est entièrement immergé en eau douce. Quelle masse de lest faut-il ajouter pour rendre l’ensemble neutre ? Prendre 1 kg par litre d’eau et négliger le volume du lest ajouté.","1,5 kg",1,3 kg,Ajouter toute la masse d’équilibre sans déduire celle du caisson : 3 kg.,"La masse supplémentaire est 3−1,5=1,5 kg.",PHYSIQUE_N2_2026-10-09.csv,"Recto autonome, clé unique, alternatives et corrigé relus ; pas de quota de corrections.",2026-10-10,"Sources historiques datées conservées ; recroisements du 10 octobre détaillés dans le journal, sans antidater les consultations.",QCM ; 3 choix ; modèle historique conservé,858fda60ebca148592128b187a430a13f83e2a8d881388ee5018ba731ae49286
n2-flottabilite-lest-caisson-001,05,Physique,P146,CONSERVEE,"Conservée après nouvelle lecture : Additionner au lieu de soustraire : 3+1,5=4,5. La distinction interrogée reste utile au même objectif.","Un caisson étanche de masse 1,5 kg et de volume extérieur 3 L est entièrement immergé en eau douce. Quelle masse de lest faut-il ajouter pour rendre l’ensemble neutre ? Prendre 1 kg par litre d’eau et négliger le volume du lest ajouté.","1,5 kg",2,"4,5 kg","Additionner au lieu de soustraire : 3+1,5=4,5.","La masse déjà présente participe à l’équilibre, elle n’ajoute pas au besoin de lest.",PHYSIQUE_N2_2026-10-09.csv,"Recto autonome, clé unique, alternatives et corrigé relus ; pas de quota de corrections.",2026-10-10,"Sources historiques datées conservées ; recroisements du 10 octobre détaillés dans le journal, sans antidater les consultations.",QCM ; 3 choix ; modèle historique conservé,858fda60ebca148592128b187a430a13f83e2a8d881388ee5018ba731ae49286
n2-flottabilite-volume-double-001,05,Physique,P147,CONSERVEE,Conservée après nouvelle lecture : Croire que la masse inchangée impose la même poussée. La distinction interrogée reste utile au même objectif.,"Un objet entièrement immergé conserve la même masse, mais son volume extérieur double. Dans la même eau, que devient sa poussée d’Archimède ?",Elle double,1,Elle reste identique,Croire que la masse inchangée impose la même poussée.,"La poussée dépend du volume d’eau déplacée, ici doublé.",PHYSIQUE_N2_2026-10-09.csv,"Recto autonome, clé unique, alternatives et corrigé relus ; pas de quota de corrections.",2026-10-10,"Sources historiques datées conservées ; recroisements du 10 octobre détaillés dans le journal, sans antidater les consultations.",QCM ; 3 choix ; modèle historique conservé,f4243c537beba48054b42e14d830dc4be99ebe6dcd9435347c88e4151765be27
n2-flottabilite-volume-double-001,05,Physique,P147,CONSERVEE,Conservée après nouvelle lecture : Inverser la proportion volume/poussée. La distinction interrogée reste utile au même objectif.,"Un objet entièrement immergé conserve la même masse, mais son volume extérieur double. Dans la même eau, que devient sa poussée d’Archimède ?",Elle double,2,Elle est divisée par deux,Inverser la proportion volume/poussée.,"Le poids d’eau déplacée augmente avec le volume, il n’est pas divisé par deux.",PHYSIQUE_N2_2026-10-09.csv,"Recto autonome, clé unique, alternatives et corrigé relus ; pas de quota de corrections.",2026-10-10,"Sources historiques datées conservées ; recroisements du 10 octobre détaillés dans le journal, sans antidater les consultations.",QCM ; 3 choix ; modèle historique conservé,f4243c537beba48054b42e14d830dc4be99ebe6dcd9435347c88e4151765be27
n2-flottabilite-neoprene-001,05,Physique,P151,CONSERVEE,Conservée après nouvelle lecture : Attribuer la perte de flottabilité à un gain de masse plutôt qu’à une compression. La distinction interrogée reste utile au même objectif.,"À la descente, pourquoi une combinaison humide en néoprène perd-elle de sa flottabilité ?",Le volume diminue alors que la masse change très peu,1,Le volume reste constant alors que la masse augmente,Attribuer la perte de flottabilité à un gain de masse plutôt qu’à une compression.,Les cellules gazeuses se compriment ; le volume diminue alors que la masse change très peu.,PHYSIQUE_N2_2026-10-09.csv,"Recto autonome, clé unique, alternatives et corrigé relus ; pas de quota de corrections.",2026-10-10,"Sources historiques datées conservées ; recroisements du 10 octobre détaillés dans le journal, sans antidater les consultations.",QCM ; 3 choix ; modèle historique conservé,725e9d409847b77527d855eeea58e5aff34816b6ac6158f822ce035fd32d278b
n2-flottabilite-neoprene-001,05,Physique,P151,CONSERVEE,Conservée après nouvelle lecture : Attribuer la perte de flottabilité à une perte de masse. La distinction interrogée reste utile au même objectif.,"À la descente, pourquoi une combinaison humide en néoprène perd-elle de sa flottabilité ?",Le volume diminue alors que la masse change très peu,2,Le volume reste constant alors que la masse diminue,Attribuer la perte de flottabilité à une perte de masse.,"À volume constant, une perte de masse rendrait au contraire l’ensemble plus flottant.",PHYSIQUE_N2_2026-10-09.csv,"Recto autonome, clé unique, alternatives et corrigé relus ; pas de quota de corrections.",2026-10-10,"Sources historiques datées conservées ; recroisements du 10 octobre détaillés dans le journal, sans antidater les consultations.",QCM ; 3 choix ; modèle historique conservé,725e9d409847b77527d855eeea58e5aff34816b6ac6158f822ce035fd32d278b
n2-flottabilite-gilet-001,05,Physique,P154,CONSERVEE,"Conservée après nouvelle lecture : Étendre la baisse de masse du bloc à tout l’ensemble, sans suivre le transfert interne. La distinction interrogée reste utile au même objectif.","À profondeur constante, on transfère de l’air du bloc vers le gilet, sans rejet de gaz. Pourquoi cela augmente-t-il la flottabilité de l’ensemble plongeur-équipement ?","Son volume extérieur augmente, alors que sa masse totale reste pratiquement constante",1,"Son volume extérieur reste constant, alors que sa masse totale diminue","Étendre la baisse de masse du bloc à tout l’ensemble, sans suivre le transfert interne.",Le gaz reste dans l’ensemble en passant au gilet ; sa masse totale ne diminue pas.,PHYSIQUE_N2_2026-10-09.csv,"Recto autonome, clé unique, alternatives et corrigé relus ; pas de quota de corrections.",2026-10-10,"Sources historiques datées conservées ; recroisements du 10 octobre détaillés dans le journal, sans antidater les consultations.",QCM ; 3 choix ; modèle historique conservé,a9aef716bc3343058fcb7723c0e9a6ddc1fa360182db6eda17081fbc1aa42e9a
n2-flottabilite-gilet-001,05,Physique,P154,CONSERVEE,Conservée après nouvelle lecture : Compter l’air reçu par le gilet sans retirer l’air cédé par le bloc. La distinction interrogée reste utile au même objectif.,"À profondeur constante, on transfère de l’air du bloc vers le gilet, sans rejet de gaz. Pourquoi cela augmente-t-il la flottabilité de l’ensemble plongeur-équipement ?","Son volume extérieur augmente, alors que sa masse totale reste pratiquement constante",2,"Son volume extérieur et sa masse totale augmentent, car le gilet reçoit de l’air",Compter l’air reçu par le gilet sans retirer l’air cédé par le bloc.,"Il s’agit d’un transfert interne, pas d’un apport extérieur de masse.",PHYSIQUE_N2_2026-10-09.csv,"Recto autonome, clé unique, alternatives et corrigé relus ; pas de quota de corrections.",2026-10-10,"Sources historiques datées conservées ; recroisements du 10 octobre détaillés dans le journal, sans antidater les consultations.",QCM ; 3 choix ; modèle historique conservé,a9aef716bc3343058fcb7723c0e9a6ddc1fa360182db6eda17081fbc1aa42e9a
n2-flottabilite-poumon-ballast-001,05,Physique,P155,CONSERVEE,Conservée après nouvelle lecture : Inverser la variation de poussée provoquée par le gonflement du thorax. La distinction interrogée reste utile au même objectif.,"En plongée en scaphandre à circuit ouvert, que devient la flottabilité pendant une inspiration normale, sans action sur le gilet ?",Elle augmente avec le volume des poumons,1,Elle diminue avec le volume des poumons,Inverser la variation de poussée provoquée par le gonflement du thorax.,Une inspiration augmente le volume déplacé et la flottabilité.,PHYSIQUE_N2_2026-10-09.csv,"Recto autonome, clé unique, alternatives et corrigé relus ; pas de quota de corrections.",2026-10-10,"Sources historiques datées conservées ; recroisements du 10 octobre détaillés dans le journal, sans antidater les consultations.",QCM ; 3 choix ; modèle historique conservé,bd3d86685b5981fa58bd5bcbae02442ab2d7031e5542ac70f058fd07af3281fd
n2-flottabilite-poumon-ballast-001,05,Physique,P155,CONSERVEE,Conservée après nouvelle lecture : Attribuer toute variation de flottabilité au seul gilet. La distinction interrogée reste utile au même objectif.,"En plongée en scaphandre à circuit ouvert, que devient la flottabilité pendant une inspiration normale, sans action sur le gilet ?",Elle augmente avec le volume des poumons,2,Elle reste identique tant que le gilet ne change pas de volume,Attribuer toute variation de flottabilité au seul gilet.,Le volume pulmonaire peut varier sans modifier le gilet.,PHYSIQUE_N2_2026-10-09.csv,"Recto autonome, clé unique, alternatives et corrigé relus ; pas de quota de corrections.",2026-10-10,"Sources historiques datées conservées ; recroisements du 10 octobre détaillés dans le journal, sans antidater les consultations.",QCM ; 3 choix ; modèle historique conservé,bd3d86685b5981fa58bd5bcbae02442ab2d7031e5542ac70f058fd07af3281fd
n2-flottabilite-respiration-001,05,Physique,P157,CONSERVEE,Conservée après nouvelle lecture : Confondre respirer plus vite et maintenir un volume pulmonaire plus grand. La distinction interrogée reste utile au même objectif.,"En scaphandre à circuit ouvert, quel paramètre respiratoire module directement la flottabilité lorsqu’on utilise le poumon-ballast en continuant à respirer normalement ?",Le volume pulmonaire moyen au fil des cycles respiratoires,1,La fréquence des cycles à volume pulmonaire moyen inchangé,Confondre respirer plus vite et maintenir un volume pulmonaire plus grand.,"À volume moyen inchangé, la fréquence seule ne procure pas l’ajustement de poussée recherché.",PHYSIQUE_N2_2026-10-09.csv,"Recto autonome, clé unique, alternatives et corrigé relus ; pas de quota de corrections.",2026-10-10,"Sources historiques datées conservées ; recroisements du 10 octobre détaillés dans le journal, sans antidater les consultations.",QCM ; 3 choix ; modèle historique conservé,731e8573b1756c1db3d518fd4704b8711515551ab6ffed21888dce8aff12f34b
n2-flottabilite-respiration-001,05,Physique,P157,CONSERVEE,Conservée après nouvelle lecture : Confondre effort inspiratoire et volume d’eau déplacé. La distinction interrogée reste utile au même objectif.,"En scaphandre à circuit ouvert, quel paramètre respiratoire module directement la flottabilité lorsqu’on utilise le poumon-ballast en continuant à respirer normalement ?",Le volume pulmonaire moyen au fil des cycles respiratoires,2,La résistance à l’inspiration du détendeur,Confondre effort inspiratoire et volume d’eau déplacé.,La résistance du détendeur ne remplace pas la modulation du volume pulmonaire.,PHYSIQUE_N2_2026-10-09.csv,"Recto autonome, clé unique, alternatives et corrigé relus ; pas de quota de corrections.",2026-10-10,"Sources historiques datées conservées ; recroisements du 10 octobre détaillés dans le journal, sans antidater les consultations.",QCM ; 3 choix ; modèle historique conservé,731e8573b1756c1db3d518fd4704b8711515551ab6ffed21888dce8aff12f34b
n2-flottabilite-bloc-consomme-001,05,Physique,P158,CONSERVEE,Conservée après nouvelle lecture : Imaginer que moins d’air entraîne une dilatation de la bouteille. La distinction interrogée reste utile au même objectif.,"Entre le début et la fin d’une plongée à circuit ouvert, le même bloc rigide contient moins d’air. À profondeur identique, quel changement explique qu’il soit moins lourd dans l’eau ?","Sa masse diminue, tandis que son volume extérieur reste pratiquement constant",1,"Sa masse reste constante, tandis que son volume extérieur augmente",Imaginer que moins d’air entraîne une dilatation de la bouteille.,Le bloc rigide garde presque le même volume extérieur ; sa masse baisse.,PHYSIQUE_N2_2026-10-09.csv,"Recto autonome, clé unique, alternatives et corrigé relus ; pas de quota de corrections.",2026-10-10,"Sources historiques datées conservées ; recroisements du 10 octobre détaillés dans le journal, sans antidater les consultations.",QCM ; 3 choix ; modèle historique conservé,c1b943b9f082a7d5207d93cbad06f290109d5dc1f8cef017f538f7e483ebe230
n2-flottabilite-bloc-consomme-001,05,Physique,P158,CONSERVEE,Conservée après nouvelle lecture : Transposer la compression d’un ballon au récipient rigide. La distinction interrogée reste utile au même objectif.,"Entre le début et la fin d’une plongée à circuit ouvert, le même bloc rigide contient moins d’air. À profondeur identique, quel changement explique qu’il soit moins lourd dans l’eau ?","Sa masse diminue, tandis que son volume extérieur reste pratiquement constant",2,Sa masse et son volume extérieur diminuent dans la même proportion,Transposer la compression d’un ballon au récipient rigide.,La baisse du gaz contenu ne réduit pas le volume extérieur dans la même proportion.,PHYSIQUE_N2_2026-10-09.csv,"Recto autonome, clé unique, alternatives et corrigé relus ; pas de quota de corrections.",2026-10-10,"Sources historiques datées conservées ; recroisements du 10 octobre détaillés dans le journal, sans antidater les consultations.",QCM ; 3 choix ; modèle historique conservé,c1b943b9f082a7d5207d93cbad06f290109d5dc1f8cef017f538f7e483ebe230
n2-flottabilite-combinaison-lest-001,05,Physique,P162,CONSERVEE,Conservée après nouvelle lecture : Compter seulement le volume supplémentaire : 8−6=2 kg d’eau. La distinction interrogée reste utile au même objectif.,"Un plongeur est neutre avec la combinaison A. À la même profondeur, deux combinaisons entièrement immergées ont ces données fictives : A, masse 3 kg et volume extérieur 6 L ; B, masse 4 kg et volume extérieur 8 L. En remplaçant A par B, quelle variation de lest rend l’ensemble à nouveau neutre ? Eau à 1 kg/L, autres éléments inchangés ; négliger le volume du lest.",Ajouter 1 kg de lest,1,Ajouter 2 kg de lest,Compter seulement le volume supplémentaire : 8−6=2 kg d’eau.,La masse de la combinaison augmente aussi de 1 kg ; supplément net de lest 2−1=1.,PHYSIQUE_N2_2026-10-09.csv,"Recto autonome, clé unique, alternatives et corrigé relus ; pas de quota de corrections.",2026-10-10,"Sources historiques datées conservées ; recroisements du 10 octobre détaillés dans le journal, sans antidater les consultations.",QCM ; 3 choix ; modèle historique conservé,1ddc26039acff4f3608ab899b0da0b16c3bdd6558708493001cedbc4386dde72
n2-flottabilite-combinaison-lest-001,05,Physique,P162,CONSERVEE,Conservée après nouvelle lecture : Additionner les changements de volume et de masse : (8−6)+(4−3)=3. La distinction interrogée reste utile au même objectif.,"Un plongeur est neutre avec la combinaison A. À la même profondeur, deux combinaisons entièrement immergées ont ces données fictives : A, masse 3 kg et volume extérieur 6 L ; B, masse 4 kg et volume extérieur 8 L. En remplaçant A par B, quelle variation de lest rend l’ensemble à nouveau neutre ? Eau à 1 kg/L, autres éléments inchangés ; négliger le volume du lest.",Ajouter 1 kg de lest,2,Ajouter 3 kg de lest,Additionner les changements de volume et de masse : (8−6)+(4−3)=3.,Le gain de masse s’oppose au gain de poussée ; il faut soustraire ces variations.,PHYSIQUE_N2_2026-10-09.csv,"Recto autonome, clé unique, alternatives et corrigé relus ; pas de quota de corrections.",2026-10-10,"Sources historiques datées conservées ; recroisements du 10 octobre détaillés dans le journal, sans antidater les consultations.",QCM ; 3 choix ; modèle historique conservé,1ddc26039acff4f3608ab899b0da0b16c3bdd6558708493001cedbc4386dde72
n2-flottabilite-eau-douce-mer-001,05,Physique,P163,CONSERVEE,Conservée après nouvelle lecture : Inverser l’effet d’une eau plus dense sur la poussée. La distinction interrogée reste utile au même objectif.,"Un plongeur correctement lesté en eau douce garde le même équipement pour plonger en mer, dans une eau plus dense. Dans quel sens le besoin de lest évolue-t-il généralement ?",Il augmente,1,Il diminue,Inverser l’effet d’une eau plus dense sur la poussée.,"À volume immergé identique, la poussée augmente ; le besoin de lest augmente généralement.",PHYSIQUE_N2_2026-10-09.csv,"Recto autonome, clé unique, alternatives et corrigé relus ; pas de quota de corrections.",2026-10-10,"Sources historiques datées conservées ; recroisements du 10 octobre détaillés dans le journal, sans antidater les consultations.",QCM ; 3 choix ; modèle historique conservé,d5e2e062d8c9cb5383135cc7fc360633940f9d26721664997338fe49af11ed0b
n2-flottabilite-eau-douce-mer-001,05,Physique,P163,CONSERVEE,Conservée après nouvelle lecture : Croire que conserver le matériel suffit à conserver le lestage. La distinction interrogée reste utile au même objectif.,"Un plongeur correctement lesté en eau douce garde le même équipement pour plonger en mer, dans une eau plus dense. Dans quel sens le besoin de lest évolue-t-il généralement ?",Il augmente,2,Il reste identique,Croire que conserver le matériel suffit à conserver le lestage.,La masse volumique de l’eau est un paramètre de poussée qui a changé.,PHYSIQUE_N2_2026-10-09.csv,"Recto autonome, clé unique, alternatives et corrigé relus ; pas de quota de corrections.",2026-10-10,"Sources historiques datées conservées ; recroisements du 10 octobre détaillés dans le journal, sans antidater les consultations.",QCM ; 3 choix ; modèle historique conservé,d5e2e062d8c9cb5383135cc7fc360633940f9d26721664997338fe49af11ed0b
n2-flottabilite-carnet-lestage-001,05,Physique,P166,CONSERVEE,Conservée après nouvelle lecture : Retenir des paramètres du profil au lieu de la configuration du contrôle. La distinction interrogée reste utile au même objectif.,"Pour pouvoir réutiliser un réglage de lestage noté dans son carnet, quelles informations faut-il conserver en plus des kilogrammes de lest ?","Eau, équipement et conditions du contrôle, dont pression du bloc",1,"Eau, profondeur maximale et durée totale de la plongée",Retenir des paramètres du profil au lieu de la configuration du contrôle.,La profondeur maximale et la durée passée ne remplacent pas équipement et pression du bloc lors du contrôle.,PHYSIQUE_N2_2026-10-09.csv,"Recto autonome, clé unique, alternatives et corrigé relus ; pas de quota de corrections.",2026-10-10,"Sources historiques datées conservées ; recroisements du 10 octobre détaillés dans le journal, sans antidater les consultations.",QCM ; 3 choix ; modèle historique conservé,36d02a465780cb63073a1b0a5c76fe121bd95a2b1163f90129645d32f8dfa049
n2-flottabilite-carnet-lestage-001,05,Physique,P166,CONSERVEE,Conservée après nouvelle lecture : Retenir une mesure de remontée plutôt que les caractéristiques du milieu. La distinction interrogée reste utile au même objectif.,"Pour pouvoir réutiliser un réglage de lestage noté dans son carnet, quelles informations faut-il conserver en plus des kilogrammes de lest ?","Eau, équipement et conditions du contrôle, dont pression du bloc",2,"Équipement, profondeur maximale et vitesse de remontée",Retenir une mesure de remontée plutôt que les caractéristiques du milieu.,La vitesse passée ne renseigne pas la densité de l’eau ni l’état du bloc lors du contrôle de lestage.,PHYSIQUE_N2_2026-10-09.csv,"Recto autonome, clé unique, alternatives et corrigé relus ; pas de quota de corrections.",2026-10-10,"Sources historiques datées conservées ; recroisements du 10 octobre détaillés dans le journal, sans antidater les consultations.",QCM ; 3 choix ; modèle historique conservé,36d02a465780cb63073a1b0a5c76fe121bd95a2b1163f90129645d32f8dfa049
n2-flottabilite-parachute-traction-001,05,Physique,P168,CONSERVEE,Conservée après nouvelle lecture : Inverser le sens du solde de forces : 10−30=−20 avec mauvaise interprétation. La distinction interrogée reste utile au même objectif.,"Dans un modèle instantané, un plongeur initialement immobile a un poids apparent de 10 N vers le bas. Le fil bloqué d’un parachute lui transmet une traction de 30 N vers le haut. Quelle est la résultante verticale sur le plongeur à cet instant ? Négliger palmage, traînée et tout changement de volume du gilet.",20 N vers le haut,1,20 N vers le bas,Inverser le sens du solde de forces : 10−30=−20 avec mauvaise interprétation.,La force dominante est 30 N vers le haut ; résultante 20 N vers le haut.,PHYSIQUE_N2_2026-10-09.csv,"Recto autonome, clé unique, alternatives et corrigé relus ; pas de quota de corrections.",2026-10-10,"Sources historiques datées conservées ; recroisements du 10 octobre détaillés dans le journal, sans antidater les consultations.",QCM ; 3 choix ; modèle historique conservé,72e4556e2bd691acc4761afa0b1cd52c7ed517639c861093a3aead09889b91fd
n2-flottabilite-parachute-traction-001,05,Physique,P168,CONSERVEE,Conservée après nouvelle lecture : Additionner les intensités : 30+10=40. La distinction interrogée reste utile au même objectif.,"Dans un modèle instantané, un plongeur initialement immobile a un poids apparent de 10 N vers le bas. Le fil bloqué d’un parachute lui transmet une traction de 30 N vers le haut. Quelle est la résultante verticale sur le plongeur à cet instant ? Négliger palmage, traînée et tout changement de volume du gilet.",20 N vers le haut,2,40 N vers le haut,Additionner les intensités : 30+10=40.,Traction et poids apparent sont opposés ; la résultante est leur différence.,PHYSIQUE_N2_2026-10-09.csv,"Recto autonome, clé unique, alternatives et corrigé relus ; pas de quota de corrections.",2026-10-10,"Sources historiques datées conservées ; recroisements du 10 octobre détaillés dans le journal, sans antidater les consultations.",QCM ; 3 choix ; modèle historique conservé,72e4556e2bd691acc4761afa0b1cd52c7ed517639c861093a3aead09889b91fd
n2-flottabilite-perte-lest-001,05,Physique,P169,CONSERVEE,Conservée après nouvelle lecture : Compter tout le poids perdu : −2×10=−20. La distinction interrogée reste utile au même objectif.,"Un plongeur perd une poche de lest de masse 2 kg et de volume extérieur 0,2 L. De combien varie le poids apparent de l’ensemble plongeur-équipement juste après cette perte ? Ensemble entièrement immergé, eau à 1 kg/L, g = 10 N/kg ; poids apparent = poids réel − poussée. Les autres masses et volumes restent inchangés.",−18 N,1,−20 N,Compter tout le poids perdu : −2×10=−20.,"La poche déplaçait aussi 0,2 L d’eau ; perte nette de poids apparent −18 N.",PHYSIQUE_N2_2026-10-09.csv,"Recto autonome, clé unique, alternatives et corrigé relus ; pas de quota de corrections.",2026-10-10,"Sources historiques datées conservées ; recroisements du 10 octobre détaillés dans le journal, sans antidater les consultations.",QCM ; 3 choix ; modèle historique conservé,f81599d024fad94d5ab5bf6dc504af080c2148446a28a17473a66e02f7f5f2e5
n2-flottabilite-perte-lest-001,05,Physique,P169,CONSERVEE,"Conservée après nouvelle lecture : Compter seulement la poussée perdue : +0,2×10=+2. La distinction interrogée reste utile au même objectif.","Un plongeur perd une poche de lest de masse 2 kg et de volume extérieur 0,2 L. De combien varie le poids apparent de l’ensemble plongeur-équipement juste après cette perte ? Ensemble entièrement immergé, eau à 1 kg/L, g = 10 N/kg ; poids apparent = poids réel − poussée. Les autres masses et volumes restent inchangés.",−18 N,2,+2 N,"Compter seulement la poussée perdue : +0,2×10=+2.",La perte de 20 N de poids domine les 2 N de poussée perdue ; il faut combiner les deux.,PHYSIQUE_N2_2026-10-09.csv,"Recto autonome, clé unique, alternatives et corrigé relus ; pas de quota de corrections.",2026-10-10,"Sources historiques datées conservées ; recroisements du 10 octobre détaillés dans le journal, sans antidater les consultations.",QCM ; 3 choix ; modèle historique conservé,f81599d024fad94d5ab5bf6dc504af080c2148446a28a17473a66e02f7f5f2e5
n2-flottabilite-surlestage-001,05,Physique,P170,CORRIGEE,"Deux corrections successives : remplacer le leurre modifiant la pression respirée, puis retirer son remplaçant qui n’expliquait pas l’effort demandé. Deux causes concurrentes : traînée du gilet ou soutien du poids déjà compensé.","Pourquoi porter trop de lest peut-il augmenter l’effort et la consommation d’air, même lorsque le plongeur compense avec son gilet ?",Plus de gaz dans le gilet peut dégrader la position et accroître la traînée,1,"Une fois neutre, le plongeur doit encore porter sous l’eau tout le poids du lest ajouté",Transposer le portage du lest à terre au soutien de son poids sous l’eau.,"En neutralité, la poussée compense le poids total : le palmage ne soutient pas ce poids ; le surplus de volume et la position peuvent accroître la traînée.",Analyse refaite dans le contrôle final,"Recto autonome, clé unique, alternatives et corrigé relus ; pas de quota de corrections.",2026-10-10,"Sources historiques datées conservées ; recroisements du 10 octobre détaillés dans le journal, sans antidater les consultations.",QCM ; 2 choix ; modèle historique conservé,424123fcb3a8ef853e4bce6b0593d2f9f4bd7b4967d61e549c5a9e7bfa47b98f
n2-flottabilite-palier-bloc-allege-001,05,Physique,P172,CONSERVEE,Conservée après nouvelle lecture : Croire que la poussée du bloc suit le gaz qui reste dedans. La distinction interrogée reste utile au même objectif.,"Un plongeur était correctement stabilisé en début de plongée. En fin de plongée, il doit palmer pour rester immergé à faible profondeur, avec un gilet entièrement purgé, une combinaison humide et une respiration normale. Pourquoi un lestage vérifié seulement avec le bloc plein peut-il expliquer cette difficulté ?",Le bloc a perdu la masse du gaz consommé,1,Le bloc reçoit moins de poussée à mesure que son gaz diminue,Croire que la poussée du bloc suit le gaz qui reste dedans.,Le volume extérieur reste presque identique ; la poussée ne suit pas la pression intérieure.,PHYSIQUE_N2_2026-10-09.csv,"Recto autonome, clé unique, alternatives et corrigé relus ; pas de quota de corrections.",2026-10-10,"Sources historiques datées conservées ; recroisements du 10 octobre détaillés dans le journal, sans antidater les consultations.",QCM ; 3 choix ; modèle historique conservé,bcc047eaabfa4c963518d7d4aca5755e8b505902df8660a8b9a3704f5d32db25
n2-flottabilite-palier-bloc-allege-001,05,Physique,P172,CONSERVEE,Conservée après nouvelle lecture : Transposer le volume du gaz d’une enveloppe souple au volume extérieur du bloc. La distinction interrogée reste utile au même objectif.,"Un plongeur était correctement stabilisé en début de plongée. En fin de plongée, il doit palmer pour rester immergé à faible profondeur, avec un gilet entièrement purgé, une combinaison humide et une respiration normale. Pourquoi un lestage vérifié seulement avec le bloc plein peut-il expliquer cette difficulté ?",Le bloc a perdu la masse du gaz consommé,2,Le gaz consommé a réduit le volume extérieur du bloc,Transposer le volume du gaz d’une enveloppe souple au volume extérieur du bloc.,Le bloc rigide ne rétrécit pas de manière comparable lorsque l’air est consommé.,PHYSIQUE_N2_2026-10-09.csv,"Recto autonome, clé unique, alternatives et corrigé relus ; pas de quota de corrections.",2026-10-10,"Sources historiques datées conservées ; recroisements du 10 octobre détaillés dans le journal, sans antidater les consultations.",QCM ; 3 choix ; modèle historique conservé,bcc047eaabfa4c963518d7d4aca5755e8b505902df8660a8b9a3704f5d32db25
n2-flottabilite-volume-neutre-001,05,Physique,P145,CONSERVEE,"Conservée après nouvelle lecture : Introduire g au mauvais endroit : 6/10=0,6. La distinction interrogée reste utile au même objectif.",Un objet rigide de masse 6 kg est entièrement immergé dans de l’eau de masse volumique 1 kg/L. Quel volume extérieur doit-il avoir pour être de flottabilité neutre ? Prendre g = 10 N/kg.,6 L,1,"0,6 L","Introduire g au mauvais endroit : 6/10=0,6.",La masse d’eau à déplacer est 6 kg ; à 1 kg/L cela représente 6 L.,PHYSIQUE_N2_2026-10-09.csv,"Recto autonome, clé unique, alternatives et corrigé relus ; pas de quota de corrections.",2026-10-10,"Sources historiques datées conservées ; recroisements du 10 octobre détaillés dans le journal, sans antidater les consultations.",QCM ; 3 choix ; modèle historique conservé,90bae5c6ef9e29339d4b48897898c06b3644d90057879bd24c55683a92412ef4
n2-flottabilite-volume-neutre-001,05,Physique,P145,CONSERVEE,Conservée après nouvelle lecture : Convertir 6 kg en 60 N puis traiter 60 comme des kilogrammes d’eau. La distinction interrogée reste utile au même objectif.,Un objet rigide de masse 6 kg est entièrement immergé dans de l’eau de masse volumique 1 kg/L. Quel volume extérieur doit-il avoir pour être de flottabilité neutre ? Prendre g = 10 N/kg.,6 L,2,60 L,Convertir 6 kg en 60 N puis traiter 60 comme des kilogrammes d’eau.,"Si l’on utilise les forces, il faut aussi convertir la poussée par g ; les deux g s’annulent.",PHYSIQUE_N2_2026-10-09.csv,"Recto autonome, clé unique, alternatives et corrigé relus ; pas de quota de corrections.",2026-10-10,"Sources historiques datées conservées ; recroisements du 10 octobre détaillés dans le journal, sans antidater les consultations.",QCM ; 3 choix ; modèle historique conservé,90bae5c6ef9e29339d4b48897898c06b3644d90057879bd24c55683a92412ef4
n2-flottabilite-volume-lest-001,05,Physique,P146,CONSERVEE,"Conservée après nouvelle lecture : Négliger le volume du lest comme dans l’autre modèle : 3−1,5=1,5. La distinction interrogée reste utile au même objectif.","Un caisson de 1,5 kg et 3 L reçoit un lest dont le volume extérieur est de 0,1 L. Quelle masse doit avoir ce lest pour rendre l’ensemble neutre, entièrement immergé dans de l’eau à 1 kg/L ?","1,6 kg",1,"1,5 kg","Négliger le volume du lest comme dans l’autre modèle : 3−1,5=1,5.","Ici le lest déplace aussi 0,1 L ; le déplacement total exige une masse totale 3,1 kg.",PHYSIQUE_N2_2026-10-09.csv,"Recto autonome, clé unique, alternatives et corrigé relus ; pas de quota de corrections.",2026-10-10,"Sources historiques datées conservées ; recroisements du 10 octobre détaillés dans le journal, sans antidater les consultations.",QCM ; 3 choix ; modèle historique conservé,79d89e203c43d67247fd9f00212fa079168af73e48c9964464108e142fe1ddfd
n2-flottabilite-volume-lest-001,05,Physique,P146,CONSERVEE,"Conservée après nouvelle lecture : Soustraire la poussée du lest du besoin au lieu de l’ajouter : 3−1,5−0,1=1,4. La distinction interrogée reste utile au même objectif.","Un caisson de 1,5 kg et 3 L reçoit un lest dont le volume extérieur est de 0,1 L. Quelle masse doit avoir ce lest pour rendre l’ensemble neutre, entièrement immergé dans de l’eau à 1 kg/L ?","1,6 kg",2,"1,4 kg","Soustraire la poussée du lest du besoin au lieu de l’ajouter : 3−1,5−0,1=1,4.","Le lest ajouté doit compenser son propre volume déplacé ; il faut 1,6 kg.",PHYSIQUE_N2_2026-10-09.csv,"Recto autonome, clé unique, alternatives et corrigé relus ; pas de quota de corrections.",2026-10-10,"Sources historiques datées conservées ; recroisements du 10 octobre détaillés dans le journal, sans antidater les consultations.",QCM ; 3 choix ; modèle historique conservé,79d89e203c43d67247fd9f00212fa079168af73e48c9964464108e142fe1ddfd
n2-flottabilite-calcul-eau-salee-001,05,Physique,P163,CONSERVEE,Conservée après nouvelle lecture : Réutiliser une eau à 1 kg/L : 40−40=0. La distinction interrogée reste utile au même objectif.,"Un objet de 4 kg et 4 L est entièrement immergé dans une eau salée de masse volumique 1,025 kg/L. Quel est son poids apparent ? Prendre g = 10 N/kg et poids apparent = poids réel − poussée d’Archimède.",−1 N,1,0 N,Réutiliser une eau à 1 kg/L : 40−40=0.,"La donnée est 1,025 kg/L ; poussée 41 N, poids apparent −1.",PHYSIQUE_N2_2026-10-09.csv,"Recto autonome, clé unique, alternatives et corrigé relus ; pas de quota de corrections.",2026-10-10,"Sources historiques datées conservées ; recroisements du 10 octobre détaillés dans le journal, sans antidater les consultations.",QCM ; 3 choix ; modèle historique conservé,6e251a24479733d6c1f87f47f1fe1477b88745274e8885ddb64aaec6b9020c74
n2-flottabilite-calcul-eau-salee-001,05,Physique,P163,CONSERVEE,Conservée après nouvelle lecture : Inverser le solde : 41−40=+1. La distinction interrogée reste utile au même objectif.,"Un objet de 4 kg et 4 L est entièrement immergé dans une eau salée de masse volumique 1,025 kg/L. Quel est son poids apparent ? Prendre g = 10 N/kg et poids apparent = poids réel − poussée d’Archimède.",−1 N,2,+1 N,Inverser le solde : 41−40=+1.,La convention donnée est poids−poussée : 40−41=−1 N.,PHYSIQUE_N2_2026-10-09.csv,"Recto autonome, clé unique, alternatives et corrigé relus ; pas de quota de corrections.",2026-10-10,"Sources historiques datées conservées ; recroisements du 10 octobre détaillés dans le journal, sans antidater les consultations.",QCM ; 3 choix ; modèle historique conservé,6e251a24479733d6c1f87f47f1fe1477b88745274e8885ddb64aaec6b9020c74
n2-gaz-loi-boyle-001,06,Physique,P175,CONSERVEE,Conservée après nouvelle lecture : Prendre un rapport direct volume/pression : V₂=3V₁. La distinction interrogée reste utile au même objectif.,"Une quantité fixe de gaz parfait reste à température constante. Si sa pression absolue est multipliée par 3, que devient son volume ?",Il est divisé par 3,1,Il est multiplié par 3,Prendre un rapport direct volume/pression : V₂=3V₁.,"À température et quantité constantes, le produit PV impose V₂=V₁/3.",PHYSIQUE_N2_2026-10-09.csv,"Recto autonome, clé unique, alternatives et corrigé relus ; pas de quota de corrections.",2026-10-10,"Sources historiques datées conservées ; recroisements du 10 octobre détaillés dans le journal, sans antidater les consultations.",QCM ; 3 choix ; modèle historique conservé,cdd827442149b2862222153d0279197976950f7fc5387f866480888e1a46015f
n2-gaz-loi-boyle-001,06,Physique,P175,CONSERVEE,Conservée après nouvelle lecture : Assimiler quantité de gaz constante et volume constant. La distinction interrogée reste utile au même objectif.,"Une quantité fixe de gaz parfait reste à température constante. Si sa pression absolue est multipliée par 3, que devient son volume ?",Il est divisé par 3,2,Il reste inchangé,Assimiler quantité de gaz constante et volume constant.,"Le gaz change de volume quand sa pression change, même sans perte de molécules.",PHYSIQUE_N2_2026-10-09.csv,"Recto autonome, clé unique, alternatives et corrigé relus ; pas de quota de corrections.",2026-10-10,"Sources historiques datées conservées ; recroisements du 10 octobre détaillés dans le journal, sans antidater les consultations.",QCM ; 3 choix ; modèle historique conservé,cdd827442149b2862222153d0279197976950f7fc5387f866480888e1a46015f
n2-gaz-conditions-001,06,Physique,P176,CONSERVEE,Conservée après nouvelle lecture : Inclure la pression parmi les constantes au lieu de la quantité. La distinction interrogée reste utile au même objectif.,"Pour utiliser P₁V₁ = P₂V₂ entre deux états d’un même gaz parfait, quelles grandeurs doivent rester constantes ?",La température et la quantité de gaz,1,La température et la pression,Inclure la pression parmi les constantes au lieu de la quantité.,Boyle relie justement les pressions et volumes variables ; température et quantité restent constantes.,PHYSIQUE_N2_2026-10-09.csv,"Recto autonome, clé unique, alternatives et corrigé relus ; pas de quota de corrections.",2026-10-10,"Sources historiques datées conservées ; recroisements du 10 octobre détaillés dans le journal, sans antidater les consultations.",QCM ; 3 choix ; modèle historique conservé,2507692fab07478e4dcac36310a1e96ff37282bf32d72d33b2fd1f607af0dc8f
n2-gaz-conditions-001,06,Physique,P176,CONSERVEE,Conservée après nouvelle lecture : Inclure le volume parmi les constantes au lieu de la température. La distinction interrogée reste utile au même objectif.,"Pour utiliser P₁V₁ = P₂V₂ entre deux états d’un même gaz parfait, quelles grandeurs doivent rester constantes ?",La température et la quantité de gaz,2,La quantité de gaz et le volume,Inclure le volume parmi les constantes au lieu de la température.,Fixer volume et quantité n’est pas le cadre isotherme de Boyle avec variation de volume.,PHYSIQUE_N2_2026-10-09.csv,"Recto autonome, clé unique, alternatives et corrigé relus ; pas de quota de corrections.",2026-10-10,"Sources historiques datées conservées ; recroisements du 10 octobre détaillés dans le journal, sans antidater les consultations.",QCM ; 3 choix ; modèle historique conservé,2507692fab07478e4dcac36310a1e96ff37282bf32d72d33b2fd1f607af0dc8f
n2-gaz-ballon-surface-vingt-001,06,Physique,P179,CONSERVEE,Conservée après nouvelle lecture : Omettre l’atmosphère dans P₂ : 12/2=6. La distinction interrogée reste utile au même objectif.,Un ballon contient 12 L d’air à la surface. Quel volume occupe cet air à 20 m ? Le ballon est souple et fermé ; la température est constante et la tension de sa paroi négligeable. Prendre 1 bar à la surface et +1 bar tous les 10 m. Assimiler l’air à un gaz parfait.,4 L,1,6 L,Omettre l’atmosphère dans P₂ : 12/2=6.,P₂ vaut 3 bar absolus ; volume 4 L.,PHYSIQUE_N2_2026-10-09.csv,"Recto autonome, clé unique, alternatives et corrigé relus ; pas de quota de corrections.",2026-10-10,"Sources historiques datées conservées ; recroisements du 10 octobre détaillés dans le journal, sans antidater les consultations.",QCM ; 3 choix ; modèle historique conservé,9baba5706bea947f4dc43551a0f0b31aa42b14011cf44d0bd059802026dcfa20
n2-gaz-ballon-surface-vingt-001,06,Physique,P179,CONSERVEE,Conservée après nouvelle lecture : Inverser le rapport : 12×3=36. La distinction interrogée reste utile au même objectif.,Un ballon contient 12 L d’air à la surface. Quel volume occupe cet air à 20 m ? Le ballon est souple et fermé ; la température est constante et la tension de sa paroi négligeable. Prendre 1 bar à la surface et +1 bar tous les 10 m. Assimiler l’air à un gaz parfait.,4 L,2,36 L,Inverser le rapport : 12×3=36.,Une descente augmente la pression et comprime le ballon ; volume 12/3.,PHYSIQUE_N2_2026-10-09.csv,"Recto autonome, clé unique, alternatives et corrigé relus ; pas de quota de corrections.",2026-10-10,"Sources historiques datées conservées ; recroisements du 10 octobre détaillés dans le journal, sans antidater les consultations.",QCM ; 3 choix ; modèle historique conservé,9baba5706bea947f4dc43551a0f0b31aa42b14011cf44d0bd059802026dcfa20
n2-gaz-ballon-surface-dix-001,06,Physique,P179,CONSERVEE,Conservée après nouvelle lecture : Assimiler quantité de gaz inchangée et volume inchangé : 6. La distinction interrogée reste utile au même objectif.,Un ballon contient 6 L d’air à la surface. Quel volume occupe cet air à 10 m ? Le ballon est souple et fermé ; la température est constante et la tension de sa paroi négligeable. Prendre 1 bar à la surface et +1 bar tous les 10 m. Assimiler l’air à un gaz parfait.,3 L,1,6 L,Assimiler quantité de gaz inchangée et volume inchangé : 6.,La pression double ; le volume devient 6/2=3 L.,PHYSIQUE_N2_2026-10-09.csv,"Recto autonome, clé unique, alternatives et corrigé relus ; pas de quota de corrections.",2026-10-10,"Sources historiques datées conservées ; recroisements du 10 octobre détaillés dans le journal, sans antidater les consultations.",QCM ; 3 choix ; modèle historique conservé,1342925d54e5b462e1fc70fa0aa789f6aec4f7b8c91340becfa392e3741ee8a0
n2-gaz-ballon-surface-dix-001,06,Physique,P179,CONSERVEE,Conservée après nouvelle lecture : Inverser le rapport : 6×2=12. La distinction interrogée reste utile au même objectif.,Un ballon contient 6 L d’air à la surface. Quel volume occupe cet air à 10 m ? Le ballon est souple et fermé ; la température est constante et la tension de sa paroi négligeable. Prendre 1 bar à la surface et +1 bar tous les 10 m. Assimiler l’air à un gaz parfait.,3 L,2,12 L,Inverser le rapport : 6×2=12.,Le volume est divisé par deux à la descente.,PHYSIQUE_N2_2026-10-09.csv,"Recto autonome, clé unique, alternatives et corrigé relus ; pas de quota de corrections.",2026-10-10,"Sources historiques datées conservées ; recroisements du 10 octobre détaillés dans le journal, sans antidater les consultations.",QCM ; 3 choix ; modèle historique conservé,1342925d54e5b462e1fc70fa0aa789f6aec4f7b8c91340becfa392e3741ee8a0
n2-gaz-ballon-surface-quarante-001,06,Physique,P179,CONSERVEE,"Conservée après nouvelle lecture : Employer la pression hydrostatique : 10/4=2,5. La distinction interrogée reste utile au même objectif.",Un ballon contient 10 L d’air à la surface. Quel volume occupe cet air à 40 m ? Le ballon est souple et fermé ; la température est constante et la tension de sa paroi négligeable. Prendre 1 bar à la surface et +1 bar tous les 10 m. Assimiler l’air à un gaz parfait.,2 L,1,"2,5 L","Employer la pression hydrostatique : 10/4=2,5.",La pression absolue à 40 m vaut 5 bar ; volume 2 L.,PHYSIQUE_N2_2026-10-09.csv,"Recto autonome, clé unique, alternatives et corrigé relus ; pas de quota de corrections.",2026-10-10,"Sources historiques datées conservées ; recroisements du 10 octobre détaillés dans le journal, sans antidater les consultations.",QCM ; 3 choix ; modèle historique conservé,f372b7ad3765e83d33e63f6cc749d730c4535ab1015c50005ed1f078474da2e7
n2-gaz-ballon-surface-quarante-001,06,Physique,P179,CONSERVEE,Conservée après nouvelle lecture : Inverser le rapport : 10×5=50. La distinction interrogée reste utile au même objectif.,Un ballon contient 10 L d’air à la surface. Quel volume occupe cet air à 40 m ? Le ballon est souple et fermé ; la température est constante et la tension de sa paroi négligeable. Prendre 1 bar à la surface et +1 bar tous les 10 m. Assimiler l’air à un gaz parfait.,2 L,2,50 L,Inverser le rapport : 10×5=50.,"Le volume doit être 10/5, et non cinq fois le volume initial.",PHYSIQUE_N2_2026-10-09.csv,"Recto autonome, clé unique, alternatives et corrigé relus ; pas de quota de corrections.",2026-10-10,"Sources historiques datées conservées ; recroisements du 10 octobre détaillés dans le journal, sans antidater les consultations.",QCM ; 3 choix ; modèle historique conservé,f372b7ad3765e83d33e63f6cc749d730c4535ab1015c50005ed1f078474da2e7
n2-gaz-ballon-remontee-001,06,Physique,P182,CONSERVEE,Conservée après nouvelle lecture : Employer la pression hydrostatique de départ : 2×2=4. La distinction interrogée reste utile au même objectif.,Un ballon contient 2 L d’air à 20 m. Quel volume occuperait cet air à la surface ? Supposer une enveloppe assez extensible pour ne pas limiter l’expansion. Le ballon est souple et fermé ; la température est constante et la tension de sa paroi négligeable. Prendre 1 bar à la surface et +1 bar tous les 10 m. Assimiler l’air à un gaz parfait.,6 L,1,4 L,Employer la pression hydrostatique de départ : 2×2=4.,Le gaz était à 3 bar absolus ; volume final 2×3=6 L.,PHYSIQUE_N2_2026-10-09.csv,"Recto autonome, clé unique, alternatives et corrigé relus ; pas de quota de corrections.",2026-10-10,"Sources historiques datées conservées ; recroisements du 10 octobre détaillés dans le journal, sans antidater les consultations.",QCM ; 3 choix ; modèle historique conservé,af69eb7ad7a7ba56f595770c0bfac3697bb1e7dc85c28545ac04ffd711e0ebea
n2-gaz-ballon-remontee-001,06,Physique,P182,CONSERVEE,Conservée après nouvelle lecture : Inverser le rapport : 2/3. La distinction interrogée reste utile au même objectif.,Un ballon contient 2 L d’air à 20 m. Quel volume occuperait cet air à la surface ? Supposer une enveloppe assez extensible pour ne pas limiter l’expansion. Le ballon est souple et fermé ; la température est constante et la tension de sa paroi négligeable. Prendre 1 bar à la surface et +1 bar tous les 10 m. Assimiler l’air à un gaz parfait.,6 L,2,2/3 L,Inverser le rapport : 2/3.,"Une remontée réduit la pression et augmente le volume, ici multiplié par trois.",PHYSIQUE_N2_2026-10-09.csv,"Recto autonome, clé unique, alternatives et corrigé relus ; pas de quota de corrections.",2026-10-10,"Sources historiques datées conservées ; recroisements du 10 octobre détaillés dans le journal, sans antidater les consultations.",QCM ; 3 choix ; modèle historique conservé,af69eb7ad7a7ba56f595770c0bfac3697bb1e7dc85c28545ac04ffd711e0ebea
n2-gaz-ballon-entre-profondeurs-001,06,Physique,P183,CONSERVEE,Conservée après nouvelle lecture : Utiliser le rapport des profondeurs : 4×10/30=4/3. La distinction interrogée reste utile au même objectif.,Un ballon contient 4 L d’air à 10 m. Quel sera son volume à 30 m ? Le ballon est souple et fermé ; la température est constante et la tension de sa paroi négligeable. Prendre 1 bar à la surface et +1 bar tous les 10 m. Assimiler l’air à un gaz parfait.,2 L,1,4/3 L,Utiliser le rapport des profondeurs : 4×10/30=4/3.,Le rapport utile est celui des pressions absolues 2/4 ; volume 2 L.,PHYSIQUE_N2_2026-10-09.csv,"Recto autonome, clé unique, alternatives et corrigé relus ; pas de quota de corrections.",2026-10-10,"Sources historiques datées conservées ; recroisements du 10 octobre détaillés dans le journal, sans antidater les consultations.",QCM ; 3 choix ; modèle historique conservé,fcf6e9f6f8e445da71d0561f7e8f92971f4faa89dd8ef0553a8cd43816a5e06b
n2-gaz-ballon-entre-profondeurs-001,06,Physique,P183,CONSERVEE,Conservée après nouvelle lecture : Inverser le rapport des pressions : 4×4/2=8. La distinction interrogée reste utile au même objectif.,Un ballon contient 4 L d’air à 10 m. Quel sera son volume à 30 m ? Le ballon est souple et fermé ; la température est constante et la tension de sa paroi négligeable. Prendre 1 bar à la surface et +1 bar tous les 10 m. Assimiler l’air à un gaz parfait.,2 L,2,8 L,Inverser le rapport des pressions : 4×4/2=8.,"À la descente de 10 à 30 m, V₂=4×2/4=2.",PHYSIQUE_N2_2026-10-09.csv,"Recto autonome, clé unique, alternatives et corrigé relus ; pas de quota de corrections.",2026-10-10,"Sources historiques datées conservées ; recroisements du 10 octobre détaillés dans le journal, sans antidater les consultations.",QCM ; 3 choix ; modèle historique conservé,fcf6e9f6f8e445da71d0561f7e8f92971f4faa89dd8ef0553a8cd43816a5e06b
n2-gaz-expansion-comparaison-001,06,Physique,P184,CONSERVEE,Conservée après nouvelle lecture : Traiter une même tranche de 10 m comme un même doublement : 4 et 4. La distinction interrogée reste utile au même objectif.,"Deux ballons souples fermés contiennent chacun 2 L à leur profondeur de départ. L’un remonte de 10 m à la surface ; l’autre de 20 m à 10 m. Quels volumes atteignent-ils, respectivement ? Température constante, parois sans effet mécanique et assez extensibles. Prendre 1 bar à la surface et +1 bar tous les 10 m. Assimiler l’air à un gaz parfait.",4 L et 3 L,1,4 L et 4 L,Traiter une même tranche de 10 m comme un même doublement : 4 et 4.,"La seconde expansion est 3/2, et non 2/1 : volume 3 L.",PHYSIQUE_N2_2026-10-09.csv,"Recto autonome, clé unique, alternatives et corrigé relus ; pas de quota de corrections.",2026-10-10,"Sources historiques datées conservées ; recroisements du 10 octobre détaillés dans le journal, sans antidater les consultations.",QCM ; 3 choix ; modèle historique conservé,0785f7cb49cea59fcba2f8ade7bce6849b2340654392a0df24b5b49373d4954f
n2-gaz-expansion-comparaison-001,06,Physique,P184,CONSERVEE,Conservée après nouvelle lecture : Permuter les rapports : 3 puis 4. La distinction interrogée reste utile au même objectif.,"Deux ballons souples fermés contiennent chacun 2 L à leur profondeur de départ. L’un remonte de 10 m à la surface ; l’autre de 20 m à 10 m. Quels volumes atteignent-ils, respectivement ? Température constante, parois sans effet mécanique et assez extensibles. Prendre 1 bar à la surface et +1 bar tous les 10 m. Assimiler l’air à un gaz parfait.",4 L et 3 L,2,3 L et 4 L,Permuter les rapports : 3 puis 4.,"La plus grande expansion relative concerne 10 m→surface, donc le premier ballon.",PHYSIQUE_N2_2026-10-09.csv,"Recto autonome, clé unique, alternatives et corrigé relus ; pas de quota de corrections.",2026-10-10,"Sources historiques datées conservées ; recroisements du 10 octobre détaillés dans le journal, sans antidater les consultations.",QCM ; 3 choix ; modèle historique conservé,0785f7cb49cea59fcba2f8ade7bce6849b2340654392a0df24b5b49373d4954f
n2-gaz-bloc-rigide-001,06,Physique,P185,CONSERVEE,Conservée après nouvelle lecture : Transposer le suivi de pression d’une enveloppe souple au bloc rigide. La distinction interrogée reste utile au même objectif.,"Un bloc rigide fermé de volume intérieur 12 L passe de la surface à 20 m. Sans fuite, à température constante, et en négligeant la déformation de ses parois, que deviennent le volume du gaz et sa pression intérieure absolue ?",Volume inchangé ; pression intérieure inchangée,1,Volume inchangé ; pression intérieure égale à la pression ambiante,Transposer le suivi de pression d’une enveloppe souple au bloc rigide.,"À quantité, température et volume constants, la pression intérieure reste constante.",PHYSIQUE_N2_2026-10-09.csv,"Recto autonome, clé unique, alternatives et corrigé relus ; pas de quota de corrections.",2026-10-10,"Sources historiques datées conservées ; recroisements du 10 octobre détaillés dans le journal, sans antidater les consultations.",QCM ; 3 choix ; modèle historique conservé,9899a3d463179c1e0c05221efdb83cc3bbd5978ed5c32f7b11b2dc022ca259ef
n2-gaz-bloc-rigide-001,06,Physique,P185,CONSERVEE,Conservée après nouvelle lecture : Appliquer la compression 1→3 bar du ballon aux parois rigides : V/3. La distinction interrogée reste utile au même objectif.,"Un bloc rigide fermé de volume intérieur 12 L passe de la surface à 20 m. Sans fuite, à température constante, et en négligeant la déformation de ses parois, que deviennent le volume du gaz et sa pression intérieure absolue ?",Volume inchangé ; pression intérieure inchangée,2,Volume divisé par trois ; pression intérieure égale à la pression ambiante,Appliquer la compression 1→3 bar du ballon aux parois rigides : V/3.,Le modèle exclut la déformation de la bouteille ; le volume reste 12 L.,PHYSIQUE_N2_2026-10-09.csv,"Recto autonome, clé unique, alternatives et corrigé relus ; pas de quota de corrections.",2026-10-10,"Sources historiques datées conservées ; recroisements du 10 octobre détaillés dans le journal, sans antidater les consultations.",QCM ; 3 choix ; modèle historique conservé,9899a3d463179c1e0c05221efdb83cc3bbd5978ed5c32f7b11b2dc022ca259ef
n2-gaz-gilet-descente-001,06,Physique,P186,CONSERVEE,Conservée après nouvelle lecture : Convertir le déficit de gaz à la pression initiale : (4×4−4×3)/3=4/3. La distinction interrogée reste utile au même objectif.,"Dans un modèle de gilet souple fermé, le gaz occupe 4 L à 20 m. Le plongeur descend à 30 m sans ajout ni purge. Quel volume de gaz, mesuré à la pression ambiante à 30 m, faut-il alors ajouter pour retrouver 4 L dans le gilet ? Gaz parfait, température constante, paroi sans effet mécanique ; 1 bar en surface et +1 bar par 10 m.",1 L à la pression ambiante à 30 m,1,4/3 L à la pression ambiante à 30 m,Convertir le déficit de gaz à la pression initiale : (4×4−4×3)/3=4/3.,"L’ajout est demandé en litres à 30 m, donc diviser par 4 : 1 L.",PHYSIQUE_N2_2026-10-09.csv,"Recto autonome, clé unique, alternatives et corrigé relus ; pas de quota de corrections.",2026-10-10,"Sources historiques datées conservées ; recroisements du 10 octobre détaillés dans le journal, sans antidater les consultations.",QCM ; 3 choix ; modèle historique conservé,b35562a07935f22f1e5198d073cccd2e35441389dbb66a49e4b5531e8bae754a
n2-gaz-gilet-descente-001,06,Physique,P186,CONSERVEE,Conservée après nouvelle lecture : Ajouter le volume final complet : 4 L. La distinction interrogée reste utile au même objectif.,"Dans un modèle de gilet souple fermé, le gaz occupe 4 L à 20 m. Le plongeur descend à 30 m sans ajout ni purge. Quel volume de gaz, mesuré à la pression ambiante à 30 m, faut-il alors ajouter pour retrouver 4 L dans le gilet ? Gaz parfait, température constante, paroi sans effet mécanique ; 1 bar en surface et +1 bar par 10 m.",1 L à la pression ambiante à 30 m,2,4 L à la pression ambiante à 30 m,Ajouter le volume final complet : 4 L.,Le gaz restant occupe déjà 3 L ; seul 1 L manque pour retrouver 4.,PHYSIQUE_N2_2026-10-09.csv,"Recto autonome, clé unique, alternatives et corrigé relus ; pas de quota de corrections.",2026-10-10,"Sources historiques datées conservées ; recroisements du 10 octobre détaillés dans le journal, sans antidater les consultations.",QCM ; 3 choix ; modèle historique conservé,b35562a07935f22f1e5198d073cccd2e35441389dbb66a49e4b5531e8bae754a
n2-gaz-gilet-remontee-001,06,Physique,P187,CONSERVEE,Conservée après nouvelle lecture : Croire que purger a figé le volume restant : 3. La distinction interrogée reste utile au même objectif.,"Après une purge à 10 m, le gilet contient 3 L de gaz. Quel volume ce gaz occupera-t-il à 5 m si le plongeur n’ajoute ni ne retire de gaz sur ce trajet ? Modèle de gilet souple : gaz parfait à température constante, paroi sans effet mécanique ; 1 bar en surface et +1 bar par 10 m.",4 L,1,3 L,Croire que purger a figé le volume restant : 3.,"Le gaz encore présent se dilate de 2 à 1,5 bar ; volume 4 L.",PHYSIQUE_N2_2026-10-09.csv,"Recto autonome, clé unique, alternatives et corrigé relus ; pas de quota de corrections.",2026-10-10,"Sources historiques datées conservées ; recroisements du 10 octobre détaillés dans le journal, sans antidater les consultations.",QCM ; 3 choix ; modèle historique conservé,0f243da84e59dfca54489ef4ace18d6477c225f52789dfbc666ab161ea7bc01e
n2-gaz-gilet-remontee-001,06,Physique,P187,CONSERVEE,"Conservée après nouvelle lecture : Inverser le rapport : 3×1,5/2=2,25. La distinction interrogée reste utile au même objectif.","Après une purge à 10 m, le gilet contient 3 L de gaz. Quel volume ce gaz occupera-t-il à 5 m si le plongeur n’ajoute ni ne retire de gaz sur ce trajet ? Modèle de gilet souple : gaz parfait à température constante, paroi sans effet mécanique ; 1 bar en surface et +1 bar par 10 m.",4 L,2,"2,25 L","Inverser le rapport : 3×1,5/2=2,25.","La remontée impose le rapport 2/1,5 et une expansion.",PHYSIQUE_N2_2026-10-09.csv,"Recto autonome, clé unique, alternatives et corrigé relus ; pas de quota de corrections.",2026-10-10,"Sources historiques datées conservées ; recroisements du 10 octobre détaillés dans le journal, sans antidater les consultations.",QCM ; 3 choix ; modèle historique conservé,0f243da84e59dfca54489ef4ace18d6477c225f52789dfbc666ab161ea7bc01e
n2-gaz-masque-descente-001,06,Physique,P188,CONSERVEE,"Conservée après nouvelle lecture : Confondre tous les gestes d’expiration, quelle que soit leur voie. La distinction interrogée reste utile au même objectif.","À la descente, quel geste ajoute effectivement de l’air dans le masque pour remettre sa pression intérieure à la pression ambiante ?","Expirer doucement par le nez, sans le pincer",1,"Expirer dans le détendeur, par la bouche","Confondre tous les gestes d’expiration, quelle que soit leur voie.",Le gaz expiré dans le second étage ne rejoint pas l’intérieur du masque.,PHYSIQUE_N2_2026-10-09.csv,"Recto autonome, clé unique, alternatives et corrigé relus ; pas de quota de corrections.",2026-10-10,"Sources historiques datées conservées ; recroisements du 10 octobre détaillés dans le journal, sans antidater les consultations.",QCM ; 3 choix ; modèle historique conservé,93a49c7a378eea37c7736449af25701b11e651e733de06057f6cc19cebfff492
n2-gaz-masque-descente-001,06,Physique,P188,CONSERVEE,Conservée après nouvelle lecture : Transposer une manœuvre d’équilibrage auriculaire au masque. La distinction interrogée reste utile au même objectif.,"À la descente, quel geste ajoute effectivement de l’air dans le masque pour remettre sa pression intérieure à la pression ambiante ?","Expirer doucement par le nez, sans le pincer",2,Effectuer une déglutition en pinçant le nez,Transposer une manœuvre d’équilibrage auriculaire au masque.,"Le masque reçoit l’air par une expiration nasale non pincée, pas par une déglutition nez pincé.",PHYSIQUE_N2_2026-10-09.csv,"Recto autonome, clé unique, alternatives et corrigé relus ; pas de quota de corrections.",2026-10-10,"Sources historiques datées conservées ; recroisements du 10 octobre détaillés dans le journal, sans antidater les consultations.",QCM ; 3 choix ; modèle historique conservé,93a49c7a378eea37c7736449af25701b11e651e733de06057f6cc19cebfff492
n2-gaz-oreille-descente-001,06,Physique,P189,CONSERVEE,Conservée après nouvelle lecture : Choisir le côté externe du tympan comme cavité à alimenter. La distinction interrogée reste utile au même objectif.,Pourquoi faut-il équilibrer les oreilles régulièrement et sans forcer pendant la descente ?,Égaliser la pression des deux côtés du tympan,1,Augmenter la pression dans le conduit auditif externe,Choisir le côté externe du tympan comme cavité à alimenter.,L’eau transmet déjà la pression externe ; l’air doit parvenir à l’oreille moyenne.,PHYSIQUE_N2_2026-10-09.csv,"Recto autonome, clé unique, alternatives et corrigé relus ; pas de quota de corrections.",2026-10-10,"Sources historiques datées conservées ; recroisements du 10 octobre détaillés dans le journal, sans antidater les consultations.",QCM ; 3 choix ; modèle historique conservé,c83da4d4eca23573bdb0f277c905600b93aa13e109465bed97544bdd743c2fc1
n2-gaz-oreille-descente-001,06,Physique,P189,CONSERVEE,Conservée après nouvelle lecture : Chercher à conserver la pression initiale comme référence interne. La distinction interrogée reste utile au même objectif.,Pourquoi faut-il équilibrer les oreilles régulièrement et sans forcer pendant la descente ?,Égaliser la pression des deux côtés du tympan,2,Maintenir l’oreille moyenne à la pression de surface,Chercher à conserver la pression initiale comme référence interne.,"À la descente l’oreille moyenne doit suivre l’ambiante, pas rester à la pression de surface.",PHYSIQUE_N2_2026-10-09.csv,"Recto autonome, clé unique, alternatives et corrigé relus ; pas de quota de corrections.",2026-10-10,"Sources historiques datées conservées ; recroisements du 10 octobre détaillés dans le journal, sans antidater les consultations.",QCM ; 3 choix ; modèle historique conservé,c83da4d4eca23573bdb0f277c905600b93aa13e109465bed97544bdd743c2fc1
n2-gaz-detendeur-pression-001,06,Physique,P190,CONSERVEE,Conservée après nouvelle lecture : Garder la pression respirée de surface en profondeur : 1. La distinction interrogée reste utile au même objectif.,"À 20 m, à quelle pression absolue le deuxième étage d’un détendeur délivre-t-il approximativement l’air respiré ? Prendre 1 bar à la surface et +1 bar tous les 10 m.",3 bars,1,1 bar,Garder la pression respirée de surface en profondeur : 1.,Le second étage fournit une pression proche de l’ambiante : 3 bar.,PHYSIQUE_N2_2026-10-09.csv,"Recto autonome, clé unique, alternatives et corrigé relus ; pas de quota de corrections.",2026-10-10,"Sources historiques datées conservées ; recroisements du 10 octobre détaillés dans le journal, sans antidater les consultations.",QCM ; 3 choix ; modèle historique conservé,9a6e76236b3c99eacdfa2e7cfac89fb8265761178cebcf68e7e7cc86e6b20c8e
n2-gaz-detendeur-pression-001,06,Physique,P190,CONSERVEE,Conservée après nouvelle lecture : Employer la contribution de l’eau seule : 20/10=2. La distinction interrogée reste utile au même objectif.,"À 20 m, à quelle pression absolue le deuxième étage d’un détendeur délivre-t-il approximativement l’air respiré ? Prendre 1 bar à la surface et +1 bar tous les 10 m.",3 bars,2,2 bars,Employer la contribution de l’eau seule : 20/10=2.,La pression respirée est absolue et inclut le bar atmosphérique.,PHYSIQUE_N2_2026-10-09.csv,"Recto autonome, clé unique, alternatives et corrigé relus ; pas de quota de corrections.",2026-10-10,"Sources historiques datées conservées ; recroisements du 10 octobre détaillés dans le journal, sans antidater les consultations.",QCM ; 3 choix ; modèle historique conservé,9a6e76236b3c99eacdfa2e7cfac89fb8265761178cebcf68e7e7cc86e6b20c8e
n2-gaz-debit-vingt-001,06,Physique,P193,CONSERVEE,Conservée après nouvelle lecture : Employer l’hydrostatique : 20×2=40. La distinction interrogée reste utile au même objectif.,"À 20 m, un plongeur ventile 20 L d’air par minute mesurés à la pression ambiante. À quel débit d’air ramené à 1 bar cela correspond-il ? Prendre 1 bar à la surface et +1 bar tous les 10 m. Température supposée constante.",60 L/min à 1 bar,1,40 L/min à 1 bar,Employer l’hydrostatique : 20×2=40.,"La conversion utilise 3 bar absolus, donc 60 L/min à 1 bar.",PHYSIQUE_N2_2026-10-09.csv,"Recto autonome, clé unique, alternatives et corrigé relus ; pas de quota de corrections.",2026-10-10,"Sources historiques datées conservées ; recroisements du 10 octobre détaillés dans le journal, sans antidater les consultations.",QCM ; 3 choix ; modèle historique conservé,d723a82528ba98e55ebcf47468f0592e3d922467f121304d8a178d88c36f7066
n2-gaz-debit-vingt-001,06,Physique,P193,CONSERVEE,Conservée après nouvelle lecture : Inverser la conversion : 20/3. La distinction interrogée reste utile au même objectif.,"À 20 m, un plongeur ventile 20 L d’air par minute mesurés à la pression ambiante. À quel débit d’air ramené à 1 bar cela correspond-il ? Prendre 1 bar à la surface et +1 bar tous les 10 m. Température supposée constante.",60 L/min à 1 bar,2,20/3 L/min à 1 bar,Inverser la conversion : 20/3.,Les litres à 3 bar représentent trois fois plus de gaz ramené à 1 bar.,PHYSIQUE_N2_2026-10-09.csv,"Recto autonome, clé unique, alternatives et corrigé relus ; pas de quota de corrections.",2026-10-10,"Sources historiques datées conservées ; recroisements du 10 octobre détaillés dans le journal, sans antidater les consultations.",QCM ; 3 choix ; modèle historique conservé,d723a82528ba98e55ebcf47468f0592e3d922467f121304d8a178d88c36f7066
n2-gaz-debit-trente-001,06,Physique,P193,CONSERVEE,Conservée après nouvelle lecture : Employer l’hydrostatique : 18×3=54. La distinction interrogée reste utile au même objectif.,"À 30 m, un plongeur ventile 18 L/min mesurés à la pression ambiante. Quel est le débit correspondant ramené à 1 bar ? Prendre 1 bar à la surface et +1 bar tous les 10 m. Température supposée constante.",72 L/min à 1 bar,1,54 L/min à 1 bar,Employer l’hydrostatique : 18×3=54.,À 30 m P absolue=4 ; débit 18×4=72.,PHYSIQUE_N2_2026-10-09.csv,"Recto autonome, clé unique, alternatives et corrigé relus ; pas de quota de corrections.",2026-10-10,"Sources historiques datées conservées ; recroisements du 10 octobre détaillés dans le journal, sans antidater les consultations.",QCM ; 3 choix ; modèle historique conservé,0b6e7dcf3da4c7e59e3ea754df3735d8f18467dbe0e7d225a9926ff0b214d9fd
n2-gaz-debit-trente-001,06,Physique,P193,CONSERVEE,"Conservée après nouvelle lecture : Inverser le rapport : 18/4=4,5. La distinction interrogée reste utile au même objectif.","À 30 m, un plongeur ventile 18 L/min mesurés à la pression ambiante. Quel est le débit correspondant ramené à 1 bar ? Prendre 1 bar à la surface et +1 bar tous les 10 m. Température supposée constante.",72 L/min à 1 bar,2,"4,5 L/min à 1 bar","Inverser le rapport : 18/4=4,5.",Il faut multiplier le débit ambiant par la pression absolue.,PHYSIQUE_N2_2026-10-09.csv,"Recto autonome, clé unique, alternatives et corrigé relus ; pas de quota de corrections.",2026-10-10,"Sources historiques datées conservées ; recroisements du 10 octobre détaillés dans le journal, sans antidater les consultations.",QCM ; 3 choix ; modèle historique conservé,0b6e7dcf3da4c7e59e3ea754df3735d8f18467dbe0e7d225a9926ff0b214d9fd
n2-gaz-stock-nominal-001,06,Physique,P195,CONSERVEE,Conservée après nouvelle lecture : Calculer le stock utilisable : 12×(200−50)=1800. La distinction interrogée reste utile au même objectif.,"Un bloc de 12 L affiche 200 bar au manomètre. Un exercice prévoit de conserver 50 bar. Quel est le stock nominal d’air ramené à 1 bar, avant de retrancher le gaz à conserver ? Utiliser l’approximation usuelle qui néglige le bar atmosphérique dans la pression du bloc.",2 400 L à 1 bar,1,1 800 L à 1 bar,Calculer le stock utilisable : 12×(200−50)=1800.,"Le stock demandé est nominal, avant retrait du gaz à conserver : 2400.",PHYSIQUE_N2_2026-10-09.csv,"Recto autonome, clé unique, alternatives et corrigé relus ; pas de quota de corrections.",2026-10-10,"Sources historiques datées conservées ; recroisements du 10 octobre détaillés dans le journal, sans antidater les consultations.",QCM ; 3 choix ; modèle historique conservé,65d011348eba8e0735f9be0a4a8620ea9941079b28c9e6dcb01462f04da66a83
n2-gaz-stock-nominal-001,06,Physique,P195,CONSERVEE,Conservée après nouvelle lecture : Calculer seulement le gaz conservé : 12×50=600. La distinction interrogée reste utile au même objectif.,"Un bloc de 12 L affiche 200 bar au manomètre. Un exercice prévoit de conserver 50 bar. Quel est le stock nominal d’air ramené à 1 bar, avant de retrancher le gaz à conserver ? Utiliser l’approximation usuelle qui néglige le bar atmosphérique dans la pression du bloc.",2 400 L à 1 bar,2,600 L à 1 bar,Calculer seulement le gaz conservé : 12×50=600.,"Le gaz conservé est une partie du stock nominal, pas son total.",PHYSIQUE_N2_2026-10-09.csv,"Recto autonome, clé unique, alternatives et corrigé relus ; pas de quota de corrections.",2026-10-10,"Sources historiques datées conservées ; recroisements du 10 octobre détaillés dans le journal, sans antidater les consultations.",QCM ; 3 choix ; modèle historique conservé,65d011348eba8e0735f9be0a4a8620ea9941079b28c9e6dcb01462f04da66a83
n2-gaz-stock-quinze-001,06,Physique,P195,CONSERVEE,Conservée après nouvelle lecture : Calculer le stock utilisable : 15×(180−50)=1950. La distinction interrogée reste utile au même objectif.,"Un bloc de 15 L affiche 180 bar au manomètre. Un exercice prévoit de conserver 50 bar. Quel est le stock nominal d’air ramené à 1 bar, avant de retrancher le gaz à conserver ? Utiliser l’approximation usuelle qui néglige le bar atmosphérique dans la pression du bloc.",2 700 L à 1 bar,1,1 950 L à 1 bar,Calculer le stock utilisable : 15×(180−50)=1950.,Le stock nominal demandé est 15×180=2700.,PHYSIQUE_N2_2026-10-09.csv,"Recto autonome, clé unique, alternatives et corrigé relus ; pas de quota de corrections.",2026-10-10,"Sources historiques datées conservées ; recroisements du 10 octobre détaillés dans le journal, sans antidater les consultations.",QCM ; 3 choix ; modèle historique conservé,22f0c65ddaad743d816f251ff6c0dee759fa33d8e62b2413f56b9dfbb5256333
n2-gaz-stock-quinze-001,06,Physique,P195,CONSERVEE,Conservée après nouvelle lecture : Calculer le gaz à conserver : 15×50=750. La distinction interrogée reste utile au même objectif.,"Un bloc de 15 L affiche 180 bar au manomètre. Un exercice prévoit de conserver 50 bar. Quel est le stock nominal d’air ramené à 1 bar, avant de retrancher le gaz à conserver ? Utiliser l’approximation usuelle qui néglige le bar atmosphérique dans la pression du bloc.",2 700 L à 1 bar,2,750 L à 1 bar,Calculer le gaz à conserver : 15×50=750.,"La question demande le total nominal, pas la partie conservée.",PHYSIQUE_N2_2026-10-09.csv,"Recto autonome, clé unique, alternatives et corrigé relus ; pas de quota de corrections.",2026-10-10,"Sources historiques datées conservées ; recroisements du 10 octobre détaillés dans le journal, sans antidater les consultations.",QCM ; 3 choix ; modèle historique conservé,22f0c65ddaad743d816f251ff6c0dee759fa33d8e62b2413f56b9dfbb5256333
n2-gaz-duree-stock-donne-001,06,Physique,P197,CONSERVEE,Conservée après nouvelle lecture : Omettre la profondeur : 1200/20=60. La distinction interrogée reste utile au même objectif.,Une phase théorique se déroule uniquement à 10 m. On lui alloue 1 200 L d’air ramenés à 1 bar. Le débit respiratoire de référence est de 20 L/min à 1 bar et la ventilation reste identique à cette profondeur. Combien de minutes couvre ce stock pour cette seule phase ? Prendre 1 bar à la surface et +1 bar tous les 10 m.,30 min,1,60 min,Omettre la profondeur : 1200/20=60.,À 10 m le débit ramené à 1 bar vaut 20×2=40 ; durée 30.,PHYSIQUE_N2_2026-10-09.csv,"Recto autonome, clé unique, alternatives et corrigé relus ; pas de quota de corrections.",2026-10-10,"Sources historiques datées conservées ; recroisements du 10 octobre détaillés dans le journal, sans antidater les consultations.",QCM ; 3 choix ; modèle historique conservé,41edc35e18917fa5f05d1355e349b9801ec32f56a01f74fb83b110895008cf5e
n2-gaz-duree-stock-donne-001,06,Physique,P197,CONSERVEE,Conservée après nouvelle lecture : Diviser le débit par la pression : 1200/(20/2)=120. La distinction interrogée reste utile au même objectif.,Une phase théorique se déroule uniquement à 10 m. On lui alloue 1 200 L d’air ramenés à 1 bar. Le débit respiratoire de référence est de 20 L/min à 1 bar et la ventilation reste identique à cette profondeur. Combien de minutes couvre ce stock pour cette seule phase ? Prendre 1 bar à la surface et +1 bar tous les 10 m.,30 min,2,120 min,Diviser le débit par la pression : 1200/(20/2)=120.,La consommation du stock augmente avec la pression : on multiplie le débit de référence.,PHYSIQUE_N2_2026-10-09.csv,"Recto autonome, clé unique, alternatives et corrigé relus ; pas de quota de corrections.",2026-10-10,"Sources historiques datées conservées ; recroisements du 10 octobre détaillés dans le journal, sans antidater les consultations.",QCM ; 3 choix ; modèle historique conservé,41edc35e18917fa5f05d1355e349b9801ec32f56a01f74fb83b110895008cf5e
n2-gaz-rapport-autonomie-001,06,Physique,P200,CONSERVEE,Conservée après nouvelle lecture : Omettre le bar atmosphérique et employer un facteur 4. La distinction interrogée reste utile au même objectif.,Un même stock alimente un plongeur dont le volume ventilé par minute reste identique. Quel est le rapport durée à 40 m / durée en surface dans un modèle à profondeur constante ? Gaz parfait à température constante ; prendre 1 bar en surface et +1 bar par 10 m.,1/5,1,1/4,Omettre le bar atmosphérique et employer un facteur 4.,À 40 m P absolue=5 ; le rapport des durées vaut 1/5.,PHYSIQUE_N2_2026-10-09.csv,"Recto autonome, clé unique, alternatives et corrigé relus ; pas de quota de corrections.",2026-10-10,"Sources historiques datées conservées ; recroisements du 10 octobre détaillés dans le journal, sans antidater les consultations.",QCM ; 3 choix ; modèle historique conservé,f52a47f8eb49a800e48beaa79b899c6a4b3d44e1b2007f1c523f47e8cca30419
n2-gaz-rapport-autonomie-001,06,Physique,P200,CONSERVEE,Conservée après nouvelle lecture : Inverser le rapport de durée et celui du débit. La distinction interrogée reste utile au même objectif.,Un même stock alimente un plongeur dont le volume ventilé par minute reste identique. Quel est le rapport durée à 40 m / durée en surface dans un modèle à profondeur constante ? Gaz parfait à température constante ; prendre 1 bar en surface et +1 bar par 10 m.,1/5,2,5,Inverser le rapport de durée et celui du débit.,"Le débit est multiplié par cinq, mais la durée est divisée par cinq.",PHYSIQUE_N2_2026-10-09.csv,"Recto autonome, clé unique, alternatives et corrigé relus ; pas de quota de corrections.",2026-10-10,"Sources historiques datées conservées ; recroisements du 10 octobre détaillés dans le journal, sans antidater les consultations.",QCM ; 3 choix ; modèle historique conservé,f52a47f8eb49a800e48beaa79b899c6a4b3d44e1b2007f1c523f47e8cca30419
n2-gaz-duree-fond-planification-001,06,Physique,P201,CONSERVEE,Conservée après nouvelle lecture : Allouer le stock nominal entier au fond : 1800/90=20. La distinction interrogée reste utile au même objectif.,"Dans un exercice, le stock nominal est de 1 800 L à 1 bar. On alloue 600 L au retour, à la remontée et aux paliers, puis 300 L à conserver en fin de plongée. Le fond consomme 90 L/min ramenés à 1 bar. Quel temps d’exploration reste-t-il, hors autres phases ? Tous les volumes sont calculés dans un modèle de gaz parfait à température constante.",10 min,1,20 min,Allouer le stock nominal entier au fond : 1800/90=20.,900 L servent aux autres besoins ; seuls 900 L donnent 10 min de fond.,PHYSIQUE_N2_2026-10-09.csv,"Recto autonome, clé unique, alternatives et corrigé relus ; pas de quota de corrections.",2026-10-10,"Sources historiques datées conservées ; recroisements du 10 octobre détaillés dans le journal, sans antidater les consultations.",QCM ; 3 choix ; modèle historique conservé,e68505712ec41a8c53195db66b5ec87c610da9534270bd0a67a2bdbeb05567d5
n2-gaz-duree-fond-planification-001,06,Physique,P201,CONSERVEE,Conservée après nouvelle lecture : Retirer seulement le retour : (1800−600)/90=13 min 20 s. La distinction interrogée reste utile au même objectif.,"Dans un exercice, le stock nominal est de 1 800 L à 1 bar. On alloue 600 L au retour, à la remontée et aux paliers, puis 300 L à conserver en fin de plongée. Le fond consomme 90 L/min ramenés à 1 bar. Quel temps d’exploration reste-t-il, hors autres phases ? Tous les volumes sont calculés dans un modèle de gaz parfait à température constante.",10 min,2,13 min 20 s,Retirer seulement le retour : (1800−600)/90=13 min 20 s.,Les 300 L à conserver doivent aussi être retirés du budget d’exploration.,PHYSIQUE_N2_2026-10-09.csv,"Recto autonome, clé unique, alternatives et corrigé relus ; pas de quota de corrections.",2026-10-10,"Sources historiques datées conservées ; recroisements du 10 octobre détaillés dans le journal, sans antidater les consultations.",QCM ; 3 choix ; modèle historique conservé,e68505712ec41a8c53195db66b5ec87c610da9534270bd0a67a2bdbeb05567d5
n2-gaz-debit-variable-001,06,Physique,P203,CONSERVEE,Conservée après nouvelle lecture : Généraliser un débit observé au calme à tous les contextes. La distinction interrogée reste utile au même objectif.,On utilise une consommation mesurée au calme pour prévoir une plongée froide avec du courant. Quelle limite de cette estimation doit-on prendre en compte ?,"Le débit de référence peut augmenter avec l’effort, le froid ou le stress",1,Le débit de référence reste constant ; seule la profondeur modifie le prélèvement dans le bloc,Généraliser un débit observé au calme à tous les contextes.,"La ventilation peut augmenter avec effort, froid ou stress, même à profondeur constante.",PHYSIQUE_N2_2026-10-09.csv,"Recto autonome, clé unique, alternatives et corrigé relus ; pas de quota de corrections.",2026-10-10,"Sources historiques datées conservées ; recroisements du 10 octobre détaillés dans le journal, sans antidater les consultations.",QCM ; 3 choix ; modèle historique conservé,1c1bcbdccb80b4b41dcb3b99139dd0d2ec6e13a00f0eaa365ca217fedcac19e1
n2-gaz-debit-variable-001,06,Physique,P203,CONSERVEE,Conservée après nouvelle lecture : Confondre hausse de fréquence et baisse nécessaire de ventilation minute. La distinction interrogée reste utile au même objectif.,On utilise une consommation mesurée au calme pour prévoir une plongée froide avec du courant. Quelle limite de cette estimation doit-on prendre en compte ?,"Le débit de référence peut augmenter avec l’effort, le froid ou le stress",2,Le débit de référence diminue avec l’effort ; seule la fréquence respiratoire augmente,Confondre hausse de fréquence et baisse nécessaire de ventilation minute.,La fréquence n’impose pas à elle seule une baisse du débit ; les besoins ventilatoires peuvent croître.,PHYSIQUE_N2_2026-10-09.csv,"Recto autonome, clé unique, alternatives et corrigé relus ; pas de quota de corrections.",2026-10-10,"Sources historiques datées conservées ; recroisements du 10 octobre détaillés dans le journal, sans antidater les consultations.",QCM ; 3 choix ; modèle historique conservé,1c1bcbdccb80b4b41dcb3b99139dd0d2ec6e13a00f0eaa365ca217fedcac19e1
n2-gaz-chute-pression-001,06,Physique,P205,CONSERVEE,Conservée après nouvelle lecture : Donner le débit prélevé ramené à 1 bar : 12×50/10=60. La distinction interrogée reste utile au même objectif.,"Sur une phase de 10 min à 20 m, un bloc de 12 L passe de 180 à 130 bars. Quelle consommation de référence, ramenée à une pression ambiante de 1 bar, cela représente-t-il ? Prendre 3 bars absolus à 20 m ; gaz parfait, température constante, tout l’air perdu ayant été respiré.",20 L/min à 1 bar,1,60 L/min à 1 bar,Donner le débit prélevé ramené à 1 bar : 12×50/10=60.,"Pour retrouver le débit de référence ventilatoire, diviser encore par 3 : 20.",PHYSIQUE_N2_2026-10-09.csv,"Recto autonome, clé unique, alternatives et corrigé relus ; pas de quota de corrections.",2026-10-10,"Sources historiques datées conservées ; recroisements du 10 octobre détaillés dans le journal, sans antidater les consultations.",QCM ; 3 choix ; modèle historique conservé,e289428c004a6b4ef01c818e9aba435a0c110742fc451f21931ea49f17079bad
n2-gaz-chute-pression-001,06,Physique,P205,CONSERVEE,Conservée après nouvelle lecture : Multiplier à nouveau par P au lieu de diviser : 60×3=180. La distinction interrogée reste utile au même objectif.,"Sur une phase de 10 min à 20 m, un bloc de 12 L passe de 180 à 130 bars. Quelle consommation de référence, ramenée à une pression ambiante de 1 bar, cela représente-t-il ? Prendre 3 bars absolus à 20 m ; gaz parfait, température constante, tout l’air perdu ayant été respiré.",20 L/min à 1 bar,2,180 L/min à 1 bar,Multiplier à nouveau par P au lieu de diviser : 60×3=180.,Le gaz consommé est déjà ramené à 1 bar ; la conversion inverse demande une division.,PHYSIQUE_N2_2026-10-09.csv,"Recto autonome, clé unique, alternatives et corrigé relus ; pas de quota de corrections.",2026-10-10,"Sources historiques datées conservées ; recroisements du 10 octobre détaillés dans le journal, sans antidater les consultations.",QCM ; 3 choix ; modèle historique conservé,e289428c004a6b4ef01c818e9aba435a0c110742fc451f21931ea49f17079bad
n2-gaz-comparaison-equipiers-001,06,Physique,P206,CONSERVEE,"Conservée après nouvelle lecture : Utiliser le débit de A pour B : 1350/(20×3)=22,5. La distinction interrogée reste utile au même objectif.","Pour une même phase théorique à 20 m, A a un bloc de 12 L à 150 bars et un débit de référence de 20 L/min à 1 bar ; B, un bloc de 15 L à 150 bars et un débit de 30 L/min. Chacun doit conserver 60 bars à la fin de cette phase. Qui atteint ce seuil le premier ? Gaz parfait à température constante ; prendre 3 bars absolus à 20 m.",B après 15 min ; A après 18 min,1,"A après 18 min ; B après 22,5 min","Utiliser le débit de A pour B : 1350/(20×3)=22,5.",B ventile à 30 L/min de référence ; il atteint le seuil à 15 min.,PHYSIQUE_N2_2026-10-09.csv,"Recto autonome, clé unique, alternatives et corrigé relus ; pas de quota de corrections.",2026-10-10,"Sources historiques datées conservées ; recroisements du 10 octobre détaillés dans le journal, sans antidater les consultations.",QCM ; 3 choix ; modèle historique conservé,52da056249062f291ea6801d4837859be4c159e704353c0d70b7eec0750939af
n2-gaz-comparaison-equipiers-001,06,Physique,P206,CONSERVEE,Conservée après nouvelle lecture : Déduire une même durée des mêmes pressions initiale et finale. La distinction interrogée reste utile au même objectif.,"Pour une même phase théorique à 20 m, A a un bloc de 12 L à 150 bars et un débit de référence de 20 L/min à 1 bar ; B, un bloc de 15 L à 150 bars et un débit de 30 L/min. Chacun doit conserver 60 bars à la fin de cette phase. Qui atteint ce seuil le premier ? Gaz parfait à température constante ; prendre 3 bars absolus à 20 m.",B après 15 min ; A après 18 min,2,A et B après 18 min,Déduire une même durée des mêmes pressions initiale et finale.,"Les capacités et débits diffèrent ; A dure 18 min, B 15.",PHYSIQUE_N2_2026-10-09.csv,"Recto autonome, clé unique, alternatives et corrigé relus ; pas de quota de corrections.",2026-10-10,"Sources historiques datées conservées ; recroisements du 10 octobre détaillés dans le journal, sans antidater les consultations.",QCM ; 3 choix ; modèle historique conservé,52da056249062f291ea6801d4837859be4c159e704353c0d70b7eec0750939af
n2-gaz-stock-utilisable-001,06,Physique,P630,CONSERVEE,Conservée après nouvelle lecture : Employer tout le stock nominal : 12×200=2400. La distinction interrogée reste utile au même objectif.,Un bloc de 12 L affiche 200 bars. Un exercice impose de conserver 70 bars. Quel volume d’air peut-on prélever avant d’atteindre ce seuil ? Modèle de gaz parfait à température constante ; volumes d’air exprimés à 1 bar.,1 560 L à 1 bar,1,2 400 L à 1 bar,Employer tout le stock nominal : 12×200=2400.,Il faut retirer les 70 bar conservés : 12×130=1560.,PHYSIQUE_N2_2026-10-09.csv,"Recto autonome, clé unique, alternatives et corrigé relus ; pas de quota de corrections.",2026-10-10,"Sources historiques datées conservées ; recroisements du 10 octobre détaillés dans le journal, sans antidater les consultations.",QCM ; 3 choix ; modèle historique conservé,e680a6dc4029495b43a829cd94b1f47af9c5ed7ce9b19609c4c9cf83f835731a
n2-gaz-stock-utilisable-001,06,Physique,P630,CONSERVEE,Conservée après nouvelle lecture : Calculer le gaz à conserver : 12×70=840. La distinction interrogée reste utile au même objectif.,Un bloc de 12 L affiche 200 bars. Un exercice impose de conserver 70 bars. Quel volume d’air peut-on prélever avant d’atteindre ce seuil ? Modèle de gaz parfait à température constante ; volumes d’air exprimés à 1 bar.,1 560 L à 1 bar,2,840 L à 1 bar,Calculer le gaz à conserver : 12×70=840.,"Le prélèvement correspond à la différence 200−70, pas aux 70 bar finaux.",PHYSIQUE_N2_2026-10-09.csv,"Recto autonome, clé unique, alternatives et corrigé relus ; pas de quota de corrections.",2026-10-10,"Sources historiques datées conservées ; recroisements du 10 octobre détaillés dans le journal, sans antidater les consultations.",QCM ; 3 choix ; modèle historique conservé,e680a6dc4029495b43a829cd94b1f47af9c5ed7ce9b19609c4c9cf83f835731a
n2-gaz-duree-avec-seuil-001,06,Physique,P631,CONSERVEE,Conservée après nouvelle lecture : Oublier le seuil : 12×200/(20×3)=40. La distinction interrogée reste utile au même objectif.,Un bloc de 12 L à 200 bars alimente une phase théorique uniquement à 20 m. Il doit rester au moins 70 bars à la fin. Le débit respiratoire de référence est 20 L/min à 1 bar. Quelle durée couvre le gaz alloué à cette phase ? Prendre 1 bar à la surface et +1 bar tous les 10 m. Modèle de gaz parfait à température constante ; volumes d’air exprimés à 1 bar.,26 min,1,40 min,Oublier le seuil : 12×200/(20×3)=40.,"Le budget est 12×130=1560, soit 26 min à 60 L/min.",PHYSIQUE_N2_2026-10-09.csv,"Recto autonome, clé unique, alternatives et corrigé relus ; pas de quota de corrections.",2026-10-10,"Sources historiques datées conservées ; recroisements du 10 octobre détaillés dans le journal, sans antidater les consultations.",QCM ; 3 choix ; modèle historique conservé,7da84b7ffce4f6fa4dfbe0690894fa436fe39fca803645537de9bd3af0e1ab69
n2-gaz-duree-avec-seuil-001,06,Physique,P631,CONSERVEE,Conservée après nouvelle lecture : Oublier la pression ambiante dans le débit : 1560/20=78. La distinction interrogée reste utile au même objectif.,Un bloc de 12 L à 200 bars alimente une phase théorique uniquement à 20 m. Il doit rester au moins 70 bars à la fin. Le débit respiratoire de référence est 20 L/min à 1 bar. Quelle durée couvre le gaz alloué à cette phase ? Prendre 1 bar à la surface et +1 bar tous les 10 m. Modèle de gaz parfait à température constante ; volumes d’air exprimés à 1 bar.,26 min,2,78 min,Oublier la pression ambiante dans le débit : 1560/20=78.,Le fond à 20 m exige ici 20×3=60 L/min ramenés à 1 bar.,PHYSIQUE_N2_2026-10-09.csv,"Recto autonome, clé unique, alternatives et corrigé relus ; pas de quota de corrections.",2026-10-10,"Sources historiques datées conservées ; recroisements du 10 octobre détaillés dans le journal, sans antidater les consultations.",QCM ; 3 choix ; modèle historique conservé,7da84b7ffce4f6fa4dfbe0690894fa436fe39fca803645537de9bd3af0e1ab69
n2-gaz-pression-initiale-001,06,Physique,P632,CONSERVEE,Conservée après nouvelle lecture : Ne calculer que la baisse du manomètre : 20×3×15/12=75. La distinction interrogée reste utile au même objectif.,Une phase théorique de 15 min à 20 m doit se terminer avec au moins 60 bars dans un bloc de 12 L. Le débit respiratoire de référence vaut 20 L/min à 1 bar. Quelle pression manométrique initiale minimale faut-il pour cette seule phase ? Prendre 1 bar à la surface et +1 bar tous les 10 m. Modèle de gaz parfait à température constante ; volumes d’air exprimés à 1 bar.,135 bars,1,75 bars,Ne calculer que la baisse du manomètre : 20×3×15/12=75.,Ajouter 60 bar finaux à ces 75 bar consommés : pression initiale 135.,PHYSIQUE_N2_2026-10-09.csv,"Recto autonome, clé unique, alternatives et corrigé relus ; pas de quota de corrections.",2026-10-10,"Sources historiques datées conservées ; recroisements du 10 octobre détaillés dans le journal, sans antidater les consultations.",QCM ; 3 choix ; modèle historique conservé,b622dfcdbc0acacbc91970cbe962bcd6e66d0662722af5f7916d62addf8bca2b
n2-gaz-pression-initiale-001,06,Physique,P632,CONSERVEE,Conservée après nouvelle lecture : Employer 1 bar pour la consommation : 20×15/12+60=85. La distinction interrogée reste utile au même objectif.,Une phase théorique de 15 min à 20 m doit se terminer avec au moins 60 bars dans un bloc de 12 L. Le débit respiratoire de référence vaut 20 L/min à 1 bar. Quelle pression manométrique initiale minimale faut-il pour cette seule phase ? Prendre 1 bar à la surface et +1 bar tous les 10 m. Modèle de gaz parfait à température constante ; volumes d’air exprimés à 1 bar.,135 bars,2,85 bars,Employer 1 bar pour la consommation : 20×15/12+60=85.,"La phase est à 3 bar absolus ; la baisse vaut 75 bar, pas 25.",PHYSIQUE_N2_2026-10-09.csv,"Recto autonome, clé unique, alternatives et corrigé relus ; pas de quota de corrections.",2026-10-10,"Sources historiques datées conservées ; recroisements du 10 octobre détaillés dans le journal, sans antidater les consultations.",QCM ; 3 choix ; modèle historique conservé,b622dfcdbc0acacbc91970cbe962bcd6e66d0662722af5f7916d62addf8bca2b
n2-gaz-deux-phases-001,06,Physique,P633,CONSERVEE,Conservée après nouvelle lecture : Facturer les deux phases à la profondeur maximale : 20×3×14=840. La distinction interrogée reste utile au même objectif.,"Un exercice comporte deux phases : 8 min à 20 m, puis 6 min à 10 m, avec un débit respiratoire de référence de 20 L/min à 1 bar. Quel volume d’air faut-il pour ces deux phases seules, hors transitions et réserve ? Prendre 1 bar à la surface et +1 bar tous les 10 m. Modèle de gaz parfait à température constante ; volumes d’air exprimés à 1 bar.",720 L à 1 bar,1,840 L à 1 bar,Facturer les deux phases à la profondeur maximale : 20×3×14=840.,La seconde phase est à 2 bar ; somme 480+240=720.,PHYSIQUE_N2_2026-10-09.csv,"Recto autonome, clé unique, alternatives et corrigé relus ; pas de quota de corrections.",2026-10-10,"Sources historiques datées conservées ; recroisements du 10 octobre détaillés dans le journal, sans antidater les consultations.",QCM ; 3 choix ; modèle historique conservé,e6038b1fd375459036483c683c9afec8c607c3623fc4709123070f4381ad2889
n2-gaz-deux-phases-001,06,Physique,P633,CONSERVEE,Conservée après nouvelle lecture : Facturer les deux phases à la profondeur la plus faible : 20×2×14=560. La distinction interrogée reste utile au même objectif.,"Un exercice comporte deux phases : 8 min à 20 m, puis 6 min à 10 m, avec un débit respiratoire de référence de 20 L/min à 1 bar. Quel volume d’air faut-il pour ces deux phases seules, hors transitions et réserve ? Prendre 1 bar à la surface et +1 bar tous les 10 m. Modèle de gaz parfait à température constante ; volumes d’air exprimés à 1 bar.",720 L à 1 bar,2,560 L à 1 bar,Facturer les deux phases à la profondeur la plus faible : 20×2×14=560.,La première phase est à 3 bar ; elle coûte 480 L.,PHYSIQUE_N2_2026-10-09.csv,"Recto autonome, clé unique, alternatives et corrigé relus ; pas de quota de corrections.",2026-10-10,"Sources historiques datées conservées ; recroisements du 10 octobre détaillés dans le journal, sans antidater les consultations.",QCM ; 3 choix ; modèle historique conservé,e6038b1fd375459036483c683c9afec8c607c3623fc4709123070f4381ad2889
n2-gaz-reserve-volumes-001,06,Physique,P634,CONSERVEE,Conservée après nouvelle lecture : Permuter les volumes de blocs dans les produits. La distinction interrogée reste utile au même objectif.,Une baisse de pression de 50 bars dans un bloc de 12 L fournit-elle le même volume d’air qu’une baisse de 50 bars dans un bloc de 15 L ? Calculer les deux volumes. Modèle de gaz parfait à température constante ; volumes d’air exprimés à 1 bar.,"12 L : 600 L ; 15 L : 750 L, à 1 bar",1,"12 L : 750 L ; 15 L : 600 L, à 1 bar",Permuter les volumes de blocs dans les produits.,"12×50=600 et 15×50=750, pas l’inverse.",PHYSIQUE_N2_2026-10-09.csv,"Recto autonome, clé unique, alternatives et corrigé relus ; pas de quota de corrections.",2026-10-10,"Sources historiques datées conservées ; recroisements du 10 octobre détaillés dans le journal, sans antidater les consultations.",QCM ; 3 choix ; modèle historique conservé,54892c5a652cde40b77a52b8a591cb203c1f53484f5c1f5736efd9332651c9c9
n2-gaz-reserve-volumes-001,06,Physique,P634,CONSERVEE,Conservée après nouvelle lecture : Employer 12 L pour les deux stocks : 12×50=600. La distinction interrogée reste utile au même objectif.,Une baisse de pression de 50 bars dans un bloc de 12 L fournit-elle le même volume d’air qu’une baisse de 50 bars dans un bloc de 15 L ? Calculer les deux volumes. Modèle de gaz parfait à température constante ; volumes d’air exprimés à 1 bar.,"12 L : 600 L ; 15 L : 750 L, à 1 bar",2,"12 L : 600 L ; 15 L : 600 L, à 1 bar",Employer 12 L pour les deux stocks : 12×50=600.,Le bloc de 15 L donne 750 L pour la même chute de pression.,PHYSIQUE_N2_2026-10-09.csv,"Recto autonome, clé unique, alternatives et corrigé relus ; pas de quota de corrections.",2026-10-10,"Sources historiques datées conservées ; recroisements du 10 octobre détaillés dans le journal, sans antidater les consultations.",QCM ; 3 choix ; modèle historique conservé,54892c5a652cde40b77a52b8a591cb203c1f53484f5c1f5736efd9332651c9c9
n2-gaz-deux-equipiers-001,06,Physique,P635,CONSERVEE,Conservée après nouvelle lecture : Employer 2 bar au lieu de 3 : 600−70×2×3=180. La distinction interrogée reste utile au même objectif.,"Deux équipiers partagent un stock alloué de 600 L à 1 bar pendant une phase théorique de 3 min à 20 m. Leurs débits de référence sont 30 et 40 L/min à 1 bar. Quel solde obtient-on en soustrayant le gaz nécessaire au stock alloué ? Prendre 3 bar absolus, gaz parfait et température constante.",−30 L à 1 bar,1,+180 L à 1 bar,Employer 2 bar au lieu de 3 : 600−70×2×3=180.,"À 20 m la pression absolue est 3 ; besoin 630, solde −30.",PHYSIQUE_N2_2026-10-09.csv,"Recto autonome, clé unique, alternatives et corrigé relus ; pas de quota de corrections.",2026-10-10,"Sources historiques datées conservées ; recroisements du 10 octobre détaillés dans le journal, sans antidater les consultations.",QCM ; 3 choix ; modèle historique conservé,cdfd94637e3d23be86096d8534d177cc603e58c4a96e69a6b4bace7b7015c7f8
n2-gaz-deux-equipiers-001,06,Physique,P635,CONSERVEE,Conservée après nouvelle lecture : Ne compter que l’équipier à 40 L/min : 600−40×3×3=240. La distinction interrogée reste utile au même objectif.,"Deux équipiers partagent un stock alloué de 600 L à 1 bar pendant une phase théorique de 3 min à 20 m. Leurs débits de référence sont 30 et 40 L/min à 1 bar. Quel solde obtient-on en soustrayant le gaz nécessaire au stock alloué ? Prendre 3 bar absolus, gaz parfait et température constante.",−30 L à 1 bar,2,+240 L à 1 bar,Ne compter que l’équipier à 40 L/min : 600−40×3×3=240.,"Il faut additionner les deux débits, soit 70 L/min de référence.",PHYSIQUE_N2_2026-10-09.csv,"Recto autonome, clé unique, alternatives et corrigé relus ; pas de quota de corrections.",2026-10-10,"Sources historiques datées conservées ; recroisements du 10 octobre détaillés dans le journal, sans antidater les consultations.",QCM ; 3 choix ; modèle historique conservé,cdfd94637e3d23be86096d8534d177cc603e58c4a96e69a6b4bace7b7015c7f8
n2-gaz-effort-recalcul-001,06,Physique,P636,CONSERVEE,Conservée après nouvelle lecture : Donner le besoin révisé total : 30×3×10=900. La distinction interrogée reste utile au même objectif.,"Une phase théorique de 10 min à 20 m était calculée avec un débit de référence de 20 L/min à 1 bar. On porte cette hypothèse à 30 L/min. Quel volume supplémentaire faut-il pour cette phase ? Prendre 3 bars absolus ; gaz parfait à température constante, volumes ramenés à 1 bar.",300 L supplémentaires,1,900 L supplémentaires,Donner le besoin révisé total : 30×3×10=900.,La question demande le supplément : (30−20)×3×10=300.,PHYSIQUE_N2_2026-10-09.csv,"Recto autonome, clé unique, alternatives et corrigé relus ; pas de quota de corrections.",2026-10-10,"Sources historiques datées conservées ; recroisements du 10 octobre détaillés dans le journal, sans antidater les consultations.",QCM ; 3 choix ; modèle historique conservé,8ba2d8c77c0890ccd7edaca9be4cc8010822bc89b2a360cceed632019d463121
n2-gaz-effort-recalcul-001,06,Physique,P636,CONSERVEE,Conservée après nouvelle lecture : Omettre la profondeur dans le supplément : (30−20)×10=100. La distinction interrogée reste utile au même objectif.,"Une phase théorique de 10 min à 20 m était calculée avec un débit de référence de 20 L/min à 1 bar. On porte cette hypothèse à 30 L/min. Quel volume supplémentaire faut-il pour cette phase ? Prendre 3 bars absolus ; gaz parfait à température constante, volumes ramenés à 1 bar.",300 L supplémentaires,2,100 L supplémentaires,Omettre la profondeur dans le supplément : (30−20)×10=100.,Les litres de référence doivent être multipliés par 3 pour cette phase.,PHYSIQUE_N2_2026-10-09.csv,"Recto autonome, clé unique, alternatives et corrigé relus ; pas de quota de corrections.",2026-10-10,"Sources historiques datées conservées ; recroisements du 10 octobre détaillés dans le journal, sans antidater les consultations.",QCM ; 3 choix ; modèle historique conservé,8ba2d8c77c0890ccd7edaca9be4cc8010822bc89b2a360cceed632019d463121
n2-gaz-boyle-profondeur-inverse-001,06,Physique,P640,CONSERVEE,Conservée après nouvelle lecture : Convertir P₂ absolue directement en mètres : 3×10=30. La distinction interrogée reste utile au même objectif.,"Un ballon souple fermé contient 3 L à 10 m, puis 2 L à une profondeur inconnue. Quelle est cette profondeur ? Gaz parfait, quantité et température constantes, paroi sans effet mécanique ; prendre 1 bar en surface et +1 bar tous les 10 m.",20 m,1,30 m,Convertir P₂ absolue directement en mètres : 3×10=30.,Retirer le bar de surface : (3−1)×10=20.,PHYSIQUE_N2_2026-10-09.csv,"Recto autonome, clé unique, alternatives et corrigé relus ; pas de quota de corrections.",2026-10-10,"Sources historiques datées conservées ; recroisements du 10 octobre détaillés dans le journal, sans antidater les consultations.",QCM ; 3 choix ; modèle historique conservé,b7fc774c59d970f784813b128bb1296435581581d32a5680b5ed4dad99913ae0
n2-gaz-boyle-profondeur-inverse-001,06,Physique,P640,CONSERVEE,Conservée après nouvelle lecture : Omettre le bar atmosphérique à l’état initial : ((1×3/2)−1)×10=5. La distinction interrogée reste utile au même objectif.,"Un ballon souple fermé contient 3 L à 10 m, puis 2 L à une profondeur inconnue. Quelle est cette profondeur ? Gaz parfait, quantité et température constantes, paroi sans effet mécanique ; prendre 1 bar en surface et +1 bar tous les 10 m.",20 m,2,5 m,Omettre le bar atmosphérique à l’état initial : ((1×3/2)−1)×10=5.,"À 10 m P₁=2, donc P₂=3 bar absolus, soit 20 m.",PHYSIQUE_N2_2026-10-09.csv,"Recto autonome, clé unique, alternatives et corrigé relus ; pas de quota de corrections.",2026-10-10,"Sources historiques datées conservées ; recroisements du 10 octobre détaillés dans le journal, sans antidater les consultations.",QCM ; 3 choix ; modèle historique conservé,b7fc774c59d970f784813b128bb1296435581581d32a5680b5ed4dad99913ae0
n2-gaz-consommation-remontee-001,06,Physique,P641,CONSERVEE,Conservée après nouvelle lecture : Utiliser la pression maximale tout le long : 20×3×2=120. La distinction interrogée reste utile au même objectif.,"Un exercice comporte seulement une remontée régulière de 20 m à la surface en 2 min, sans arrêt. Le débit respiratoire de référence reste 20 L/min à 1 bar. Quel volume de gaz ramené à 1 bar est consommé sur ce trajet ? Gaz parfait, température constante, 1 bar en surface et +1 bar/10 m ; profondeur décroissant linéairement avec le temps.",80 L à 1 bar,1,120 L à 1 bar,Utiliser la pression maximale tout le long : 20×3×2=120.,La moyenne de la pression linéaire est 2 bar ; coût 80 L.,PHYSIQUE_N2_2026-10-09.csv,"Recto autonome, clé unique, alternatives et corrigé relus ; pas de quota de corrections.",2026-10-10,"Sources historiques datées conservées ; recroisements du 10 octobre détaillés dans le journal, sans antidater les consultations.",QCM ; 3 choix ; modèle historique conservé,2df29d80a6bbc7d74cb0a92d780fe65b62b38221320a23ffaec3a8b53a0ebe9d
n2-gaz-consommation-remontee-001,06,Physique,P641,CONSERVEE,Conservée après nouvelle lecture : Utiliser la pression finale tout le long : 20×1×2=40. La distinction interrogée reste utile au même objectif.,"Un exercice comporte seulement une remontée régulière de 20 m à la surface en 2 min, sans arrêt. Le débit respiratoire de référence reste 20 L/min à 1 bar. Quel volume de gaz ramené à 1 bar est consommé sur ce trajet ? Gaz parfait, température constante, 1 bar en surface et +1 bar/10 m ; profondeur décroissant linéairement avec le temps.",80 L à 1 bar,2,40 L à 1 bar,Utiliser la pression finale tout le long : 20×1×2=40.,La phase comprend aussi les pressions plus élevées ; la moyenne est 2 bar.,PHYSIQUE_N2_2026-10-09.csv,"Recto autonome, clé unique, alternatives et corrigé relus ; pas de quota de corrections.",2026-10-10,"Sources historiques datées conservées ; recroisements du 10 octobre détaillés dans le journal, sans antidater les consultations.",QCM ; 3 choix ; modèle historique conservé,2df29d80a6bbc7d74cb0a92d780fe65b62b38221320a23ffaec3a8b53a0ebe9d
n2-barotraumatismes-mecanisme-001,07,Prévention des accidents,P207,CONSERVEE,Conservée après nouvelle lecture : Assimiler pression absolue élevée et lésion mécanique. La distinction interrogée reste utile au même objectif.,Qu’est-ce qui provoque une lésion barotraumatique dans une cavité contenant du gaz ?,Une différence de pression entre cavité gazeuse et environnement,1,"Une pression ambiante élevée, même avec la cavité équilibrée",Assimiler pression absolue élevée et lésion mécanique.,Une cavité équilibrée ne subit pas le gradient causal.,PREVENTION_ACCIDENTS_N2_2026-10-09.csv,"Recto autonome, clé unique, alternatives et corrigé relus ; pas de quota de corrections.",2026-10-10,"Sources historiques datées conservées ; recroisements du 10 octobre détaillés dans le journal, sans antidater les consultations.",QCM ; 3 choix ; modèle historique conservé,c6c22e3971f2cf460d24d93386be4de58b3646427644acd8f36fc0b917f4e963
n2-barotraumatismes-mecanisme-001,07,Prévention des accidents,P207,CONSERVEE,Conservée après nouvelle lecture : Confondre désaturation et cavité gazeuse. La distinction interrogée reste utile au même objectif.,Qu’est-ce qui provoque une lésion barotraumatique dans une cavité contenant du gaz ?,Une différence de pression entre cavité gazeuse et environnement,2,Une diminution de la quantité d’azote dissous dans les tissus,Confondre désaturation et cavité gazeuse.,La quantité d’azote dissous n’est pas le gradient de pression de la cavité.,PREVENTION_ACCIDENTS_N2_2026-10-09.csv,"Recto autonome, clé unique, alternatives et corrigé relus ; pas de quota de corrections.",2026-10-10,"Sources historiques datées conservées ; recroisements du 10 octobre détaillés dans le journal, sans antidater les consultations.",QCM ; 3 choix ; modèle historique conservé,c6c22e3971f2cf460d24d93386be4de58b3646427644acd8f36fc0b917f4e963
n2-barotraumatismes-placage-masque-001,07,Prévention des accidents,P211,CONSERVEE,Conservée après nouvelle lecture : Inverser le sens du gradient masque/eau. La distinction interrogée reste utile au même objectif.,"À la descente, le masque se plaque douloureusement sur le visage malgré une sangle correctement réglée. Quel déséquilibre explique cet effet ventouse ?",La pression dans le masque est devenue inférieure à la pression de l’eau,1,La pression dans le masque est devenue supérieure à la pression de l’eau,Inverser le sens du gradient masque/eau.,Le placage résulte d’une pression interne relativement plus basse.,PREVENTION_ACCIDENTS_N2_2026-10-09.csv,"Recto autonome, clé unique, alternatives et corrigé relus ; pas de quota de corrections.",2026-10-10,"Sources historiques datées conservées ; recroisements du 10 octobre détaillés dans le journal, sans antidater les consultations.",QCM ; 3 choix ; modèle historique conservé,fc707211c39cd3d4cba317981eac5ccbeac384e4557cbb3cf4c1bc027115f9b5
n2-barotraumatismes-placage-masque-001,07,Prévention des accidents,P211,CONSERVEE,Conservée après nouvelle lecture : Confondre la compression de descente et un gain de volume. La distinction interrogée reste utile au même objectif.,"À la descente, le masque se plaque douloureusement sur le visage malgré une sangle correctement réglée. Quel déséquilibre explique cet effet ventouse ?",La pression dans le masque est devenue inférieure à la pression de l’eau,2,"Les pressions sont égales, mais le gaz a augmenté de volume",Confondre la compression de descente et un gain de volume.,Un gaz non alimenté se comprime à la descente ; un gradient apparaît quand la jupe ne compense plus.,PREVENTION_ACCIDENTS_N2_2026-10-09.csv,"Recto autonome, clé unique, alternatives et corrigé relus ; pas de quota de corrections.",2026-10-10,"Sources historiques datées conservées ; recroisements du 10 octobre détaillés dans le journal, sans antidater les consultations.",QCM ; 3 choix ; modèle historique conservé,fc707211c39cd3d4cba317981eac5ccbeac384e4557cbb3cf4c1bc027115f9b5
n2-barotraumatismes-sinus-communication-001,07,Prévention des accidents,P215,CONSERVEE,Conservée après nouvelle lecture : Confondre les voies d’équilibrage des sinus et des oreilles. La distinction interrogée reste utile au même objectif.,Quels conduits permettent aux sinus paranasaux d’échanger de l’air avec les fosses nasales ?,Les ostia des sinus,1,Les trompes d’Eustache,Confondre les voies d’équilibrage des sinus et des oreilles.,"Les trompes alimentent l’oreille moyenne, pas les sinus.",PREVENTION_ACCIDENTS_N2_2026-10-09.csv,"Recto autonome, clé unique, alternatives et corrigé relus ; pas de quota de corrections.",2026-10-10,"Sources historiques datées conservées ; recroisements du 10 octobre détaillés dans le journal, sans antidater les consultations.",QCM ; 3 choix ; modèle historique conservé,cf4d80006a4a1510fb378833cc495f3eb5cd34b606698f5effac0ce44739e439
n2-barotraumatismes-sinus-communication-001,07,Prévention des accidents,P215,CONSERVEE,Conservée après nouvelle lecture : Confondre deux ouvertures anatomiques des fosses nasales. La distinction interrogée reste utile au même objectif.,Quels conduits permettent aux sinus paranasaux d’échanger de l’air avec les fosses nasales ?,Les ostia des sinus,2,Les choanes du nasopharynx,Confondre deux ouvertures anatomiques des fosses nasales.,"Les choanes ouvrent vers le nasopharynx, pas vers les sinus.",PREVENTION_ACCIDENTS_N2_2026-10-09.csv,"Recto autonome, clé unique, alternatives et corrigé relus ; pas de quota de corrections.",2026-10-10,"Sources historiques datées conservées ; recroisements du 10 octobre détaillés dans le journal, sans antidater les consultations.",QCM ; 3 choix ; modèle historique conservé,cf4d80006a4a1510fb378833cc495f3eb5cd34b606698f5effac0ce44739e439
n2-barotraumatismes-sinus-alerte-001,07,Prévention des accidents,P218,CONSERVEE,Conservée après nouvelle lecture : Deux barotraumatismes douloureux liés à la profondeur. La distinction interrogée reste utile au même objectif.,Quelle association de signes oriente le plus vers une atteinte barotraumatique des sinus ?,"Douleur du front ou des pommettes liée aux changements de profondeur, mucus nasal sanglant",1,"Douleur d’oreille liée aux changements de profondeur, audition diminuée et oreille bouchée",Deux barotraumatismes douloureux liés à la profondeur.,La localisation auriculaire et la baisse d’audition orientent vers l’oreille.,PREVENTION_ACCIDENTS_N2_2026-10-09.csv,"Recto autonome, clé unique, alternatives et corrigé relus ; pas de quota de corrections.",2026-10-10,"Sources historiques datées conservées ; recroisements du 10 octobre détaillés dans le journal, sans antidater les consultations.",QCM ; 3 choix ; modèle historique conservé,7ffa98c9f9c88a9523102313e91bf012d7f2fc1774cd31597d921e397ac5aed4
n2-barotraumatismes-sinus-alerte-001,07,Prévention des accidents,P218,CONSERVEE,Conservée après nouvelle lecture : Confondre deux atteintes faciales à la descente. La distinction interrogée reste utile au même objectif.,Quelle association de signes oriente le plus vers une atteinte barotraumatique des sinus ?,"Douleur du front ou des pommettes liée aux changements de profondeur, mucus nasal sanglant",2,"Douleur autour des yeux liée à la descente, marques rouges limitées au contour du masque",Confondre deux atteintes faciales à la descente.,"Des marques limitées à l’empreinte du masque orientent vers un placage, pas les sinus.",PREVENTION_ACCIDENTS_N2_2026-10-09.csv,"Recto autonome, clé unique, alternatives et corrigé relus ; pas de quota de corrections.",2026-10-10,"Sources historiques datées conservées ; recroisements du 10 octobre détaillés dans le journal, sans antidater les consultations.",QCM ; 3 choix ; modèle historique conservé,7ffa98c9f9c88a9523102313e91bf012d7f2fc1774cd31597d921e397ac5aed4
n2-barotraumatismes-sinus-descente-001,07,Prévention des accidents,P220,CONSERVEE,Conservée après nouvelle lecture : Assimiler une accalmie à la résolution du blocage. La distinction interrogée reste utile au même objectif.,"À la descente, une douleur des sinus persiste malgré l’arrêt et une légère remontée. Quelle suite donner à la plongée ?",Terminer la plongée avec l’équipier en remontant de façon contrôlée,1,Attendre à cette profondeur puis reprendre la descente si la douleur s’atténue,Assimiler une accalmie à la résolution du blocage.,La douleur peut diminuer malgré une lésion et ne justifie pas de reprendre.,PREVENTION_ACCIDENTS_N2_2026-10-09.csv,"Recto autonome, clé unique, alternatives et corrigé relus ; pas de quota de corrections.",2026-10-10,"Sources historiques datées conservées ; recroisements du 10 octobre détaillés dans le journal, sans antidater les consultations.",QCM ; 3 choix ; modèle historique conservé,4edc8c4a9e40e2181044f29dd6fd9f4e6242ead96a392734e11efb427136f53e
n2-barotraumatismes-sinus-descente-001,07,Prévention des accidents,P220,CONSERVEE,Conservée après nouvelle lecture : Transférer la réussite de l’équilibrage des oreilles aux sinus. La distinction interrogée reste utile au même objectif.,"À la descente, une douleur des sinus persiste malgré l’arrêt et une légère remontée. Quelle suite donner à la plongée ?",Terminer la plongée avec l’équipier en remontant de façon contrôlée,2,Reprendre la descente après un équilibrage des oreilles devenu facile,Transférer la réussite de l’équilibrage des oreilles aux sinus.,Les conduits concernés diffèrent ; les oreilles équilibrées ne prouvent pas des ostia libres.,PREVENTION_ACCIDENTS_N2_2026-10-09.csv,"Recto autonome, clé unique, alternatives et corrigé relus ; pas de quota de corrections.",2026-10-10,"Sources historiques datées conservées ; recroisements du 10 octobre détaillés dans le journal, sans antidater les consultations.",QCM ; 3 choix ; modèle historique conservé,4edc8c4a9e40e2181044f29dd6fd9f4e6242ead96a392734e11efb427136f53e
n2-barotraumatismes-sinus-remontee-001,07,Prévention des accidents,P221,CONSERVEE,Conservée après nouvelle lecture : Appliquer le mécanisme de descente à la remontée. La distinction interrogée reste utile au même objectif.,Quel mécanisme explique une douleur barotraumatique des sinus à la remontée après une descente sans douleur ?,Le gaz entré à la descente reste piégé et se dilate dans un sinus mal ventilé,1,Le gaz entré à la descente se comprime et crée une dépression dans un sinus mal ventilé,Appliquer le mécanisme de descente à la remontée.,"La pression ambiante baisse : le gaz tend à se dilater, pas à se comprimer.",PREVENTION_ACCIDENTS_N2_2026-10-09.csv,"Recto autonome, clé unique, alternatives et corrigé relus ; pas de quota de corrections.",2026-10-10,"Sources historiques datées conservées ; recroisements du 10 octobre détaillés dans le journal, sans antidater les consultations.",QCM ; 3 choix ; modèle historique conservé,ea0c13409e3bc92f4fbf05298e77192efef8727902373f1518bcf5165759e00d
n2-barotraumatismes-sinus-remontee-001,07,Prévention des accidents,P221,CONSERVEE,Conservée après nouvelle lecture : Confondre gaz d’une cavité et gaz dissous dans les tissus. La distinction interrogée reste utile au même objectif.,Quel mécanisme explique une douleur barotraumatique des sinus à la remontée après une descente sans douleur ?,Le gaz entré à la descente reste piégé et se dilate dans un sinus mal ventilé,2,L’azote dissous forme des bulles dans le sinus indépendamment de ses orifices,Confondre gaz d’une cavité et gaz dissous dans les tissus.,Le blocage inversé dépend de l’évacuation du gaz par l’ostium.,PREVENTION_ACCIDENTS_N2_2026-10-09.csv,"Recto autonome, clé unique, alternatives et corrigé relus ; pas de quota de corrections.",2026-10-10,"Sources historiques datées conservées ; recroisements du 10 octobre détaillés dans le journal, sans antidater les consultations.",QCM ; 3 choix ; modèle historique conservé,ea0c13409e3bc92f4fbf05298e77192efef8727902373f1518bcf5165759e00d
n2-barotraumatismes-trompe-eustache-001,07,Prévention des accidents,P224,CONSERVEE,Conservée après nouvelle lecture : Confondre oreille externe et moyenne. La distinction interrogée reste utile au même objectif.,"Lors de l’équilibrage, par quel conduit l’air atteint-il l’oreille moyenne depuis l’arrière du nez ?",La trompe d’Eustache,1,Le conduit auditif externe,Confondre oreille externe et moyenne.,Le tympan sépare le conduit externe de la cavité moyenne.,PREVENTION_ACCIDENTS_N2_2026-10-09.csv,"Recto autonome, clé unique, alternatives et corrigé relus ; pas de quota de corrections.",2026-10-10,"Sources historiques datées conservées ; recroisements du 10 octobre détaillés dans le journal, sans antidater les consultations.",QCM ; 3 choix ; modèle historique conservé,7ad78e230d80914b359e353dd98d0478ac7d454291bc95a32493e1203f5c4a3f
n2-barotraumatismes-trompe-eustache-001,07,Prévention des accidents,P224,CONSERVEE,Conservée après nouvelle lecture : Confondre organe de l’équilibre et passage d’air. La distinction interrogée reste utile au même objectif.,"Lors de l’équilibrage, par quel conduit l’air atteint-il l’oreille moyenne depuis l’arrière du nez ?",La trompe d’Eustache,2,Les canaux semi-circulaires de l’oreille interne,Confondre organe de l’équilibre et passage d’air.,Les canaux semi-circulaires de l’oreille interne ne conduisent pas l’air du nasopharynx.,PREVENTION_ACCIDENTS_N2_2026-10-09.csv,"Recto autonome, clé unique, alternatives et corrigé relus ; pas de quota de corrections.",2026-10-10,"Sources historiques datées conservées ; recroisements du 10 octobre détaillés dans le journal, sans antidater les consultations.",QCM ; 3 choix ; modèle historique conservé,7ad78e230d80914b359e353dd98d0478ac7d454291bc95a32493e1203f5c4a3f
n2-barotraumatismes-rhume-equilibrage-001,07,Prévention des accidents,P230,CORRIGEE,Retirer les mécanismes fantaisistes de modification de compressibilité ou de pression ambiante par le rhume ; comparer les communications anatomiques.,Un plongeur enrhumé respire encore par le nez. Pourquoi cela ne suffit-il pas à établir que ses oreilles moyennes et ses sinus pourront s’équilibrer ?,Les trompes d’Eustache ou les ostia peuvent être obstrués malgré un passage nasal libre,1,"Les trompes d’Eustache et les ostia forment un conduit commun, libéré dès que l’air traverse le nez",Regrouper les voies oreilles/sinus en une seule communication derrière le nez.,Les trompes d’Eustache et les ostia sont des conduits distincts et peuvent être obstrués indépendamment.,Analyse refaite dans le contrôle final,"Recto autonome, clé unique, alternatives et corrigé relus ; pas de quota de corrections.",2026-10-10,"Sources historiques datées conservées ; recroisements du 10 octobre détaillés dans le journal, sans antidater les consultations.",QCM ; 3 choix ; modèle historique conservé,7adf872c8323a00d9762392c8c9da57f409086551067ed0e380d00cd9bf2b790
n2-barotraumatismes-rhume-equilibrage-001,07,Prévention des accidents,P230,CORRIGEE,Retirer les mécanismes fantaisistes de modification de compressibilité ou de pression ambiante par le rhume ; comparer les communications anatomiques.,Un plongeur enrhumé respire encore par le nez. Pourquoi cela ne suffit-il pas à établir que ses oreilles moyennes et ses sinus pourront s’équilibrer ?,Les trompes d’Eustache ou les ostia peuvent être obstrués malgré un passage nasal libre,2,"Les oreilles moyennes et les sinus reçoivent l’air directement par les fosses nasales, sans conduit distinct",Prendre la libre circulation dans les fosses nasales pour un accès direct à toutes les cavités.,"L’air atteint chaque cavité par sa propre communication, qui peut rester obstruée malgré un passage nasal libre.",Analyse refaite dans le contrôle final,"Recto autonome, clé unique, alternatives et corrigé relus ; pas de quota de corrections.",2026-10-10,"Sources historiques datées conservées ; recroisements du 10 octobre détaillés dans le journal, sans antidater les consultations.",QCM ; 3 choix ; modèle historique conservé,7adf872c8323a00d9762392c8c9da57f409086551067ed0e380d00cd9bf2b790
n2-barotraumatismes-position-descente-001,07,Prévention des accidents,P231,CONSERVEE,Conservée après nouvelle lecture : Confondre effet de posture et pression hydrostatique. La distinction interrogée reste utile au même objectif.,"À vitesse de descente identique, pourquoi l’équilibrage des oreilles est-il généralement plus facile tête en haut que tête en bas ?",L’air progresse plus facilement vers les oreilles moyennes par les trompes d’Eustache,1,L’eau exerce moins de pression sur les tympans à une même profondeur des oreilles,Confondre effet de posture et pression hydrostatique.,"À même profondeur des oreilles, la pression de l’eau est la même.",PREVENTION_ACCIDENTS_N2_2026-10-09.csv,"Recto autonome, clé unique, alternatives et corrigé relus ; pas de quota de corrections.",2026-10-10,"Sources historiques datées conservées ; recroisements du 10 octobre détaillés dans le journal, sans antidater les consultations.",QCM ; 3 choix ; modèle historique conservé,f91c72c81532c56f50225469011da9bf491507e81d29e4937eeee049f147cf82
n2-barotraumatismes-position-descente-001,07,Prévention des accidents,P231,CONSERVEE,Conservée après nouvelle lecture : Confondre effet de posture et compression du gaz. La distinction interrogée reste utile au même objectif.,"À vitesse de descente identique, pourquoi l’équilibrage des oreilles est-il généralement plus facile tête en haut que tête en bas ?",L’air progresse plus facilement vers les oreilles moyennes par les trompes d’Eustache,2,Le volume d’air des oreilles moyennes se comprime moins à une même profondeur des oreilles,Confondre effet de posture et compression du gaz.,"La compression dépend de la pression, pas de l’orientation.",PREVENTION_ACCIDENTS_N2_2026-10-09.csv,"Recto autonome, clé unique, alternatives et corrigé relus ; pas de quota de corrections.",2026-10-10,"Sources historiques datées conservées ; recroisements du 10 octobre détaillés dans le journal, sans antidater les consultations.",QCM ; 3 choix ; modèle historique conservé,f91c72c81532c56f50225469011da9bf491507e81d29e4937eeee049f147cf82
n2-barotraumatismes-vertige-alternobarique-001,07,Prévention des accidents,P233,CONSERVEE,Conservée après nouvelle lecture : Confondre vertige calorique et alternobarique. La distinction interrogée reste utile au même objectif.,Quel déséquilibre définit le vertige alternobarique en plongée ?,Une différence de pression entre les deux oreilles moyennes,1,Une différence de température entre les deux oreilles,Confondre vertige calorique et alternobarique.,La différence de température peut stimuler l’oreille mais ne définit pas le vertige alternobarique.,PREVENTION_ACCIDENTS_N2_2026-10-09.csv,"Recto autonome, clé unique, alternatives et corrigé relus ; pas de quota de corrections.",2026-10-10,"Sources historiques datées conservées ; recroisements du 10 octobre détaillés dans le journal, sans antidater les consultations.",QCM ; 3 choix ; modèle historique conservé,25b89aff266151a12819a55fb339ea9e5caa78e22e5ef3b8d772201bf1503b8b
n2-barotraumatismes-vertige-alternobarique-001,07,Prévention des accidents,P233,CONSERVEE,Conservée après nouvelle lecture : Confondre les cavités touchées par des gradients de pression. La distinction interrogée reste utile au même objectif.,Quel déséquilibre définit le vertige alternobarique en plongée ?,Une différence de pression entre les deux oreilles moyennes,2,Une différence de pression entre les sinus frontaux et maxillaires,Confondre les cavités touchées par des gradients de pression.,Le mécanisme alternobarique met en jeu les deux oreilles moyennes.,PREVENTION_ACCIDENTS_N2_2026-10-09.csv,"Recto autonome, clé unique, alternatives et corrigé relus ; pas de quota de corrections.",2026-10-10,"Sources historiques datées conservées ; recroisements du 10 octobre détaillés dans le journal, sans antidater les consultations.",QCM ; 3 choix ; modèle historique conservé,25b89aff266151a12819a55fb339ea9e5caa78e22e5ef3b8d772201bf1503b8b
n2-barotraumatismes-bouchons-oreilles-001,07,Prévention des accidents,P236,CONSERVEE,Conservée après nouvelle lecture : Localiser du mauvais côté du tympan la poche isolée. La distinction interrogée reste utile au même objectif.,Pourquoi des bouchons étanches dans les oreilles peuvent-ils provoquer un barotraumatisme malgré un bon équilibrage de l’oreille moyenne ?,Ils isolent une poche de gaz dans le conduit auditif externe,1,Ils isolent une poche de gaz dans l’oreille moyenne,Localiser du mauvais côté du tympan la poche isolée.,Le bouchon étanche enferme le gaz dans le conduit externe.,PREVENTION_ACCIDENTS_N2_2026-10-09.csv,"Recto autonome, clé unique, alternatives et corrigé relus ; pas de quota de corrections.",2026-10-10,"Sources historiques datées conservées ; recroisements du 10 octobre détaillés dans le journal, sans antidater les consultations.",QCM ; 3 choix ; modèle historique conservé,ed0f48c0c7cb0189fab36e9327d1cdddc005e3022bda270bbe5e6f1f783a5b46
n2-barotraumatismes-bouchons-oreilles-001,07,Prévention des accidents,P236,CONSERVEE,Conservée après nouvelle lecture : Confondre le conduit externe et la trompe. La distinction interrogée reste utile au même objectif.,Pourquoi des bouchons étanches dans les oreilles peuvent-ils provoquer un barotraumatisme malgré un bon équilibrage de l’oreille moyenne ?,Ils isolent une poche de gaz dans le conduit auditif externe,2,Ils empêchent l’oreille moyenne d’être alimentée par les trompes,Confondre le conduit externe et la trompe.,Le bouchon ne ferme pas la voie depuis le nasopharynx ; l’équilibrage moyen ne traite pas la poche externe.,PREVENTION_ACCIDENTS_N2_2026-10-09.csv,"Recto autonome, clé unique, alternatives et corrigé relus ; pas de quota de corrections.",2026-10-10,"Sources historiques datées conservées ; recroisements du 10 octobre détaillés dans le journal, sans antidater les consultations.",QCM ; 3 choix ; modèle historique conservé,ed0f48c0c7cb0189fab36e9327d1cdddc005e3022bda270bbe5e6f1f783a5b46
n2-barotraumatismes-dents-gaz-001,07,Prévention des accidents,P237,CONSERVEE,Conservée après nouvelle lecture : Appliquer à la remontée la compression de descente. La distinction interrogée reste utile au même objectif.,Une obturation défectueuse laisse une poche de gaz mal communiquer avec l’extérieur. Quel mécanisme peut produire une douleur dentaire à la remontée ?,Le gaz piégé se dilate et exerce une pression sur la dent ou l’obturation,1,Le gaz piégé se comprime et met la dent ou l’obturation en dépression,Appliquer à la remontée la compression de descente.,Le gaz piégé tend à se dilater lorsque la pression baisse.,PREVENTION_ACCIDENTS_N2_2026-10-09.csv,"Recto autonome, clé unique, alternatives et corrigé relus ; pas de quota de corrections.",2026-10-10,"Sources historiques datées conservées ; recroisements du 10 octobre détaillés dans le journal, sans antidater les consultations.",QCM ; 3 choix ; modèle historique conservé,7c5b72a00cfd10ad862416d98c1c3a2a68e9046feee5da78de0abdb4a35292ea
n2-barotraumatismes-dents-gaz-001,07,Prévention des accidents,P237,CONSERVEE,Conservée après nouvelle lecture : Confondre barotraumatisme d’une poche et désaturation tissulaire. La distinction interrogée reste utile au même objectif.,Une obturation défectueuse laisse une poche de gaz mal communiquer avec l’extérieur. Quel mécanisme peut produire une douleur dentaire à la remontée ?,Le gaz piégé se dilate et exerce une pression sur la dent ou l’obturation,2,L’azote dissous dans la dent forme des bulles à travers l’obturation,Confondre barotraumatisme d’une poche et désaturation tissulaire.,"Le cas décrit une poche mal ventilée sous une obturation, pas une bulle issue d’azote dissous.",PREVENTION_ACCIDENTS_N2_2026-10-09.csv,"Recto autonome, clé unique, alternatives et corrigé relus ; pas de quota de corrections.",2026-10-10,"Sources historiques datées conservées ; recroisements du 10 octobre détaillés dans le journal, sans antidater les consultations.",QCM ; 3 choix ; modèle historique conservé,7c5b72a00cfd10ad862416d98c1c3a2a68e9046feee5da78de0abdb4a35292ea
n2-barotraumatismes-douleur-dentaire-suivi-001,07,Prévention des accidents,P239,CONSERVEE,Conservée après nouvelle lecture : Interpréter la fin d’un symptôme comme un test d’intégrité. La distinction interrogée reste utile au même objectif.,Une douleur sous une obturation apparaît à la remontée puis cesse en surface. Quelle valeur a cette disparition pour juger l’état de la dent ?,Elle peut suivre une variation de pression sans exclure un défaut ou une lésion,1,Elle confirme l’évacuation complète du gaz et l’intégrité de l’obturation,Interpréter la fin d’un symptôme comme un test d’intégrité.,Elle ne démontre ni la ventilation de la poche ni l’état de l’obturation.,PREVENTION_ACCIDENTS_N2_2026-10-09.csv,"Recto autonome, clé unique, alternatives et corrigé relus ; pas de quota de corrections.",2026-10-10,"Sources historiques datées conservées ; recroisements du 10 octobre détaillés dans le journal, sans antidater les consultations.",QCM ; 3 choix ; modèle historique conservé,63caaefb1ff130b374dca174985ff58aea4b5370629869c7f3cf0271d8dbb656
n2-barotraumatismes-douleur-dentaire-suivi-001,07,Prévention des accidents,P239,CONSERVEE,Conservée après nouvelle lecture : Connaître la douleur projetée des sinus mais en faire un diagnostic. La distinction interrogée reste utile au même objectif.,Une douleur sous une obturation apparaît à la remontée puis cesse en surface. Quelle valeur a cette disparition pour juger l’état de la dent ?,Elle peut suivre une variation de pression sans exclure un défaut ou une lésion,2,Elle permet d’attribuer la douleur aux sinus et d’écarter une cause dentaire,Connaître la douleur projetée des sinus mais en faire un diagnostic.,La cessation en surface ne distingue pas sinus et dent.,PREVENTION_ACCIDENTS_N2_2026-10-09.csv,"Recto autonome, clé unique, alternatives et corrigé relus ; pas de quota de corrections.",2026-10-10,"Sources historiques datées conservées ; recroisements du 10 octobre détaillés dans le journal, sans antidater les consultations.",QCM ; 3 choix ; modèle historique conservé,63caaefb1ff130b374dca174985ff58aea4b5370629869c7f3cf0271d8dbb656
n2-barotraumatismes-gaz-digestifs-001,07,Prévention des accidents,P240,CONSERVEE,Conservée après nouvelle lecture : Appliquer la compression de descente à la remontée. La distinction interrogée reste utile au même objectif.,"À la remontée, pourquoi du gaz avalé ou déjà présent dans le tube digestif peut-il provoquer une distension douloureuse ?",Le gaz piégé tend à se dilater quand la pression baisse,1,Le gaz piégé tend à se comprimer quand la pression baisse,Appliquer la compression de descente à la remontée.,La pression baisse et le gaz tend à se dilater.,PREVENTION_ACCIDENTS_N2_2026-10-09.csv,"Recto autonome, clé unique, alternatives et corrigé relus ; pas de quota de corrections.",2026-10-10,"Sources historiques datées conservées ; recroisements du 10 octobre détaillés dans le journal, sans antidater les consultations.",QCM ; 3 choix ; modèle historique conservé,1ec919a536f9455fda9675b2995e7bdc46fba2914730a155af722aa174c97006
n2-barotraumatismes-gaz-digestifs-001,07,Prévention des accidents,P240,CONSERVEE,Conservée après nouvelle lecture : Confondre quantité de matière et volume. La distinction interrogée reste utile au même objectif.,"À la remontée, pourquoi du gaz avalé ou déjà présent dans le tube digestif peut-il provoquer une distension douloureuse ?",Le gaz piégé tend à se dilater quand la pression baisse,2,Le gaz piégé conserve son volume lorsque sa quantité reste constante,Confondre quantité de matière et volume.,Une quantité constante de gaz change de volume quand la pression change.,PREVENTION_ACCIDENTS_N2_2026-10-09.csv,"Recto autonome, clé unique, alternatives et corrigé relus ; pas de quota de corrections.",2026-10-10,"Sources historiques datées conservées ; recroisements du 10 octobre détaillés dans le journal, sans antidater les consultations.",QCM ; 3 choix ; modèle historique conservé,1ec919a536f9455fda9675b2995e7bdc46fba2914730a155af722aa174c97006
n2-barotraumatismes-surpression-mecanisme-001,07,Prévention des accidents,P243,CONSERVEE,Conservée après nouvelle lecture : Assimiler pression absolue élevée et lésion mécanique. La distinction interrogée reste utile au même objectif.,Quel mécanisme peut provoquer une surpression pulmonaire chez un plongeur remontant après avoir respiré de l’air comprimé ?,Du gaz piégé se dilate et peut léser les alvéoles pulmonaires,1,Des bulles se forment à partir de l’azote dissous dans les tissus,Assimiler pression absolue élevée et lésion mécanique.,Une cavité équilibrée ne subit pas le gradient causal.,PREVENTION_ACCIDENTS_N2_2026-10-09.csv,"Recto autonome, clé unique, alternatives et corrigé relus ; pas de quota de corrections.",2026-10-10,"Sources historiques datées conservées ; recroisements du 10 octobre détaillés dans le journal, sans antidater les consultations.",QCM ; 3 choix ; modèle historique conservé,a9992ac045ef87d616b4eb169384912a7b1d494b2d3006583d688898aa66bed3
n2-barotraumatismes-surpression-mecanisme-001,07,Prévention des accidents,P243,CONSERVEE,Conservée après nouvelle lecture : Confondre désaturation et cavité gazeuse. La distinction interrogée reste utile au même objectif.,Quel mécanisme peut provoquer une surpression pulmonaire chez un plongeur remontant après avoir respiré de l’air comprimé ?,Du gaz piégé se dilate et peut léser les alvéoles pulmonaires,2,La pression extérieure comprime progressivement les poumons,Confondre désaturation et cavité gazeuse.,La quantité d’azote dissous n’est pas le gradient de pression de la cavité.,PREVENTION_ACCIDENTS_N2_2026-10-09.csv,"Recto autonome, clé unique, alternatives et corrigé relus ; pas de quota de corrections.",2026-10-10,"Sources historiques datées conservées ; recroisements du 10 octobre détaillés dans le journal, sans antidater les consultations.",QCM ; 3 choix ; modèle historique conservé,a9992ac045ef87d616b4eb169384912a7b1d494b2d3006583d688898aa66bed3
n2-barotraumatismes-faible-profondeur-001,07,Prévention des accidents,P245,CONSERVEE,Conservée après nouvelle lecture : Confondre durée d’exposition et expansion d’un gaz pulmonaire. La distinction interrogée reste utile au même objectif.,"Lors d’une remontée en scaphandre depuis 3 m, quel facteur explique qu’une surpression pulmonaire reste possible si de l’air est piégé ?",L’augmentation relative du volume du gaz est déjà importante près de la surface,1,Le temps passé à 3 m suffit à produire des bulles d’azote dans les alvéoles,Confondre durée d’exposition et expansion d’un gaz pulmonaire.,La surpression ne dépend pas de bulles issues de la désaturation.,PREVENTION_ACCIDENTS_N2_2026-10-09.csv,"Recto autonome, clé unique, alternatives et corrigé relus ; pas de quota de corrections.",2026-10-10,"Sources historiques datées conservées ; recroisements du 10 octobre détaillés dans le journal, sans antidater les consultations.",QCM ; 3 choix ; modèle historique conservé,366597628050a6cc83b028e787ddce398ac83d7a2ba914e7fb89ade7f709e9f0
n2-barotraumatismes-faible-profondeur-001,07,Prévention des accidents,P245,CONSERVEE,Conservée après nouvelle lecture : Confondre forte variation relative et augmentation de pression. La distinction interrogée reste utile au même objectif.,"Lors d’une remontée en scaphandre depuis 3 m, quel facteur explique qu’une surpression pulmonaire reste possible si de l’air est piégé ?",L’augmentation relative du volume du gaz est déjà importante près de la surface,2,La pression hydrostatique augmente surtout pendant les derniers mètres de remontée,Confondre forte variation relative et augmentation de pression.,"La pression baisse à la remontée, ce qui fait dilater le gaz.",PREVENTION_ACCIDENTS_N2_2026-10-09.csv,"Recto autonome, clé unique, alternatives et corrigé relus ; pas de quota de corrections.",2026-10-10,"Sources historiques datées conservées ; recroisements du 10 octobre détaillés dans le journal, sans antidater les consultations.",QCM ; 3 choix ; modèle historique conservé,366597628050a6cc83b028e787ddce398ac83d7a2ba914e7fb89ade7f709e9f0
n2-barotraumatismes-signes-respiratoires-001,07,Prévention des accidents,P249,CONSERVEE,Conservée après nouvelle lecture : Transférer les paliers à une autre lésion liée à la remontée. La distinction interrogée reste utile au même objectif.,"Après une plongée avec paliers respectés, une douleur thoracique et une difficulté respiratoire apparaissent. Quel lien existe entre ces paliers et une éventuelle lésion pulmonaire ?","Ils gèrent la désaturation, sans exclure un barotraumatisme ni un œdème pulmonaire d’immersion",1,"Ils préviennent les lésions par expansion de gaz, sans exclure un œdème pulmonaire d’immersion",Transférer les paliers à une autre lésion liée à la remontée.,"L’évacuation du gaz pulmonaire dépend des voies aériennes, pas des paliers.",PREVENTION_ACCIDENTS_N2_2026-10-09.csv,"Recto autonome, clé unique, alternatives et corrigé relus ; pas de quota de corrections.",2026-10-10,"Sources historiques datées conservées ; recroisements du 10 octobre détaillés dans le journal, sans antidater les consultations.",QCM ; 3 choix ; modèle historique conservé,d5b337078a3bb0eab8f7c39772506b249543c09347131f6c0d85dbb574a6fe91
n2-barotraumatismes-signes-respiratoires-001,07,Prévention des accidents,P249,CONSERVEE,Conservée après nouvelle lecture : Confondre deux mécanismes pulmonaires avec la désaturation. La distinction interrogée reste utile au même objectif.,"Après une plongée avec paliers respectés, une douleur thoracique et une difficulté respiratoire apparaissent. Quel lien existe entre ces paliers et une éventuelle lésion pulmonaire ?","Ils gèrent la désaturation, sans exclure un barotraumatisme ni un œdème pulmonaire d’immersion",2,"Ils préviennent l’œdème pulmonaire d’immersion, sans exclure les lésions par expansion de gaz",Confondre deux mécanismes pulmonaires avec la désaturation.,Un OPI n’est pas prévenu par l’accomplissement des paliers.,PREVENTION_ACCIDENTS_N2_2026-10-09.csv,"Recto autonome, clé unique, alternatives et corrigé relus ; pas de quota de corrections.",2026-10-10,"Sources historiques datées conservées ; recroisements du 10 octobre détaillés dans le journal, sans antidater les consultations.",QCM ; 3 choix ; modèle historique conservé,d5b337078a3bb0eab8f7c39772506b249543c09347131f6c0d85dbb574a6fe91
n2-barotraumatismes-signes-neurologiques-001,07,Prévention des accidents,P250,CONSERVEE,Conservée après nouvelle lecture : Imaginer une séquence obligatoire du poumon vers le cerveau. La distinction interrogée reste utile au même objectif.,"Un plongeur présente confusion et faiblesse d’un bras juste après la sortie, sans douleur thoracique. Quelle relation entre signes neurologiques et embolie gazeuse artérielle est correcte ?",Des signes neurologiques peuvent être présents sans plainte thoracique,1,Des signes neurologiques doivent être précédés d’une plainte thoracique,Imaginer une séquence obligatoire du poumon vers le cerveau.,Une plainte thoracique ne précède pas obligatoirement les signes neurologiques.,PREVENTION_ACCIDENTS_N2_2026-10-09.csv,"Recto autonome, clé unique, alternatives et corrigé relus ; pas de quota de corrections.",2026-10-10,"Sources historiques datées conservées ; recroisements du 10 octobre détaillés dans le journal, sans antidater les consultations.",QCM ; 3 choix ; modèle historique conservé,81b8091b9eebce3cb4ebd19c435d2de88319b2e6cc2b75213b18012a6f128df1
n2-barotraumatismes-signes-neurologiques-001,07,Prévention des accidents,P250,CONSERVEE,Conservée après nouvelle lecture : Utiliser l’hémoptysie comme condition de l’embolie. La distinction interrogée reste utile au même objectif.,"Un plongeur présente confusion et faiblesse d’un bras juste après la sortie, sans douleur thoracique. Quelle relation entre signes neurologiques et embolie gazeuse artérielle est correcte ?",Des signes neurologiques peuvent être présents sans plainte thoracique,2,Des signes neurologiques doivent être associés à des crachats sanglants,Utiliser l’hémoptysie comme condition de l’embolie.,Des crachats sanglants ne sont pas nécessaires à l’atteinte artérielle.,PREVENTION_ACCIDENTS_N2_2026-10-09.csv,"Recto autonome, clé unique, alternatives et corrigé relus ; pas de quota de corrections.",2026-10-10,"Sources historiques datées conservées ; recroisements du 10 octobre détaillés dans le journal, sans antidater les consultations.",QCM ; 3 choix ; modèle historique conservé,81b8091b9eebce3cb4ebd19c435d2de88319b2e6cc2b75213b18012a6f128df1
n2-barotraumatismes-alerte-oxygene-001,07,Prévention des accidents,P252,CONSERVEE,Conservée après nouvelle lecture : Confondre recompression en caisson et réimmersion avec oxygène. La distinction interrogée reste utile au même objectif.,Une suspicion de barotraumatisme pulmonaire concerne une victime consciente qui respire. Quel dispositif de prise en charge initiale en surface convient ?,Alerte des secours et oxygène à pression ambiante avec surveillance,1,Alerte des secours et oxygène après réimmersion assistée à faible profondeur,Confondre recompression en caisson et réimmersion avec oxygène.,La réimmersion n’est pas la prise en charge initiale préconisée.,PREVENTION_ACCIDENTS_N2_2026-10-09.csv,"Recto autonome, clé unique, alternatives et corrigé relus ; pas de quota de corrections.",2026-10-10,"Sources historiques datées conservées ; recroisements du 10 octobre détaillés dans le journal, sans antidater les consultations.",QCM ; 3 choix ; modèle historique conservé,bd7b291aa60c0741c5d2e1b164245cd88fe204d8f97117fa6e3e663e721870f6
n2-barotraumatismes-alerte-oxygene-001,07,Prévention des accidents,P252,CONSERVEE,Conservée après nouvelle lecture : Confondre apport de gaz respirable et oxygénothérapie. La distinction interrogée reste utile au même objectif.,Une suspicion de barotraumatisme pulmonaire concerne une victime consciente qui respire. Quel dispositif de prise en charge initiale en surface convient ?,Alerte des secours et oxygène à pression ambiante avec surveillance,2,Alerte des secours et air au masque en attendant l’accès au caisson,Confondre apport de gaz respirable et oxygénothérapie.,L’air au masque n’est pas l’oxygène initial recommandé.,PREVENTION_ACCIDENTS_N2_2026-10-09.csv,"Recto autonome, clé unique, alternatives et corrigé relus ; pas de quota de corrections.",2026-10-10,"Sources historiques datées conservées ; recroisements du 10 octobre détaillés dans le journal, sans antidater les consultations.",QCM ; 3 choix ; modèle historique conservé,bd7b291aa60c0741c5d2e1b164245cd88fe204d8f97117fa6e3e663e721870f6
n2-barotraumatismes-amelioration-symptomes-001,07,Prévention des accidents,P252,CONSERVEE,Conservée après nouvelle lecture : Assimiler disparition des signes et fin du besoin d’oxygène. La distinction interrogée reste utile au même objectif.,"Des troubles pulmonaires ou neurologiques après plongée disparaissent sous oxygène, après l’alerte. Quelle conduite tenir jusqu’au relais des secours ?",Continuer l’oxygène et signaler l’amélioration en maintenant la prise en charge urgente,1,Arrêter l’oxygène et signaler l’amélioration en maintenant la prise en charge urgente,Assimiler disparition des signes et fin du besoin d’oxygène.,Poursuivre l’oxygène jusqu’au relais malgré l’amélioration.,PREVENTION_ACCIDENTS_N2_2026-10-09.csv,"Recto autonome, clé unique, alternatives et corrigé relus ; pas de quota de corrections.",2026-10-10,"Sources historiques datées conservées ; recroisements du 10 octobre détaillés dans le journal, sans antidater les consultations.",QCM ; 3 choix ; modèle historique conservé,282a4388c8ba6851b9cdb995a75b14e363892753bf4a69ed6d3d2c53befcce07
n2-barotraumatismes-amelioration-symptomes-001,07,Prévention des accidents,P252,CONSERVEE,Conservée après nouvelle lecture : Conserver le traitement mais déclasser l’urgence. La distinction interrogée reste utile au même objectif.,"Des troubles pulmonaires ou neurologiques après plongée disparaissent sous oxygène, après l’alerte. Quelle conduite tenir jusqu’au relais des secours ?",Continuer l’oxygène et signaler l’amélioration en maintenant la prise en charge urgente,2,Continuer l’oxygène et signaler l’amélioration en remplaçant l’urgence par un rendez-vous,Conserver le traitement mais déclasser l’urgence.,L’amélioration ne permet pas de remplacer l’évaluation urgente par un rendez-vous.,PREVENTION_ACCIDENTS_N2_2026-10-09.csv,"Recto autonome, clé unique, alternatives et corrigé relus ; pas de quota de corrections.",2026-10-10,"Sources historiques datées conservées ; recroisements du 10 octobre détaillés dans le journal, sans antidater les consultations.",QCM ; 3 choix ; modèle historique conservé,282a4388c8ba6851b9cdb995a75b14e363892753bf4a69ed6d3d2c53befcce07
n2-barotraumatismes-victime-non-respirante-001,07,Prévention des accidents,P252,CONSERVEE,Conservée après nouvelle lecture : Appliquer la prise en charge d’un inconscient qui respire. La distinction interrogée reste utile au même objectif.,"En surface, une victime d’accident de plongée est inconsciente et ne respire pas normalement. Les secours sont alertés. Quelle prise en charge commencer ?",Réanimation cardio-pulmonaire et utilisation d’un défibrillateur dès sa disponibilité,1,Position latérale de sécurité et oxygène au masque avec surveillance de la respiration,Appliquer la prise en charge d’un inconscient qui respire.,La respiration n’est pas normale : la PLS ne remplace pas la réanimation.,PREVENTION_ACCIDENTS_N2_2026-10-09.csv,"Recto autonome, clé unique, alternatives et corrigé relus ; pas de quota de corrections.",2026-10-10,"Sources historiques datées conservées ; recroisements du 10 octobre détaillés dans le journal, sans antidater les consultations.",QCM ; 3 choix ; modèle historique conservé,c3ff92b7d2c2003ec562fe4765a7298a7f51b06f2acd4520d3e560710eecf664
n2-barotraumatismes-victime-non-respirante-001,07,Prévention des accidents,P252,CONSERVEE,Conservée après nouvelle lecture : Confondre concentration d’oxygène et ventilation effective. La distinction interrogée reste utile au même objectif.,"En surface, une victime d’accident de plongée est inconsciente et ne respire pas normalement. Les secours sont alertés. Quelle prise en charge commencer ?",Réanimation cardio-pulmonaire et utilisation d’un défibrillateur dès sa disponibilité,2,Oxygène au masque à haute concentration et attente de la reprise de respiration,Confondre concentration d’oxygène et ventilation effective.,L’oxygène au masque n’entre pas dans les poumons sans ventilation.,PREVENTION_ACCIDENTS_N2_2026-10-09.csv,"Recto autonome, clé unique, alternatives et corrigé relus ; pas de quota de corrections.",2026-10-10,"Sources historiques datées conservées ; recroisements du 10 octobre détaillés dans le journal, sans antidater les consultations.",QCM ; 3 choix ; modèle historique conservé,c3ff92b7d2c2003ec562fe4765a7298a7f51b06f2acd4520d3e560710eecf664
n2-essoufflement-profondeur-001,08,Prévention des accidents,P261,CONSERVEE,Conservée après nouvelle lecture : Confondre composition et compression du gaz. La distinction interrogée reste utile au même objectif.,"À effort et débit ventilé comparables, quel changement du gaz explique l’augmentation du travail respiratoire en profondeur ?",Sa densité augmente et accroît la résistance à son écoulement,1,Sa fraction d’oxygène diminue et impose davantage de ventilation,Confondre composition et compression du gaz.,La fraction d’oxygène ne baisse pas lorsque la composition est inchangée.,PREVENTION_ACCIDENTS_N2_2026-10-09.csv,"Recto autonome, clé unique, alternatives et corrigé relus ; pas de quota de corrections.",2026-10-10,"Sources historiques datées conservées ; recroisements du 10 octobre détaillés dans le journal, sans antidater les consultations.",QCM ; 3 choix ; modèle historique conservé,2afe0ea590aa8a7ef1e47dc5ff1e8ad314a9300358433db7899681b167ee40f1
n2-essoufflement-profondeur-001,08,Prévention des accidents,P261,CONSERVEE,Conservée après nouvelle lecture : Confondre profondeur et altitude pour la pression d’oxygène. La distinction interrogée reste utile au même objectif.,"À effort et débit ventilé comparables, quel changement du gaz explique l’augmentation du travail respiratoire en profondeur ?",Sa densité augmente et accroît la résistance à son écoulement,2,Sa pression partielle d’oxygène diminue et impose davantage de ventilation,Confondre profondeur et altitude pour la pression d’oxygène.,"À composition constante, la pression partielle d’oxygène augmente avec la pression absolue.",PREVENTION_ACCIDENTS_N2_2026-10-09.csv,"Recto autonome, clé unique, alternatives et corrigé relus ; pas de quota de corrections.",2026-10-10,"Sources historiques datées conservées ; recroisements du 10 octobre détaillés dans le journal, sans antidater les consultations.",QCM ; 3 choix ; modèle historique conservé,2afe0ea590aa8a7ef1e47dc5ff1e8ad314a9300358433db7899681b167ee40f1
n2-essoufflement-co2-001,08,Prévention des accidents,P262,CONSERVEE,Conservée après nouvelle lecture : Confondre débit total et débit alvéolaire. La distinction interrogée reste utile au même objectif.,"Dans un modèle simplifié, 150 mL de chaque inspiration ventilent les voies de passage sans atteindre les alvéoles. Deux respirations fournissent 7,5 L/min au total : 30 inspirations de 250 mL ou 15 de 500 mL. Quels débits atteignent les alvéoles, respectivement ?","3 L/min et 5,25 L/min",1,"7,5 L/min et 7,5 L/min",Confondre débit total et débit alvéolaire.,"Ignorer l’espace mort donne 250×30 = 500×15 = 7,5 L/min ; il faut retrancher 150 mL à chaque inspiration.",PREVENTION_ACCIDENTS_N2_2026-10-09.csv,"Recto autonome, clé unique, alternatives et corrigé relus ; pas de quota de corrections.",2026-10-10,"Sources historiques datées conservées ; recroisements du 10 octobre détaillés dans le journal, sans antidater les consultations.",QCM ; 3 choix ; modèle historique conservé,c9131ab56b69b259fd002450ed06d013579771d8d103c5964e81d94912609aff
n2-essoufflement-co2-001,08,Prévention des accidents,P262,CONSERVEE,Conservée après nouvelle lecture : Inverser l’efficacité des grandes et petites inspirations à débit total identique. La distinction interrogée reste utile au même objectif.,"Dans un modèle simplifié, 150 mL de chaque inspiration ventilent les voies de passage sans atteindre les alvéoles. Deux respirations fournissent 7,5 L/min au total : 30 inspirations de 250 mL ou 15 de 500 mL. Quels débits atteignent les alvéoles, respectivement ?","3 L/min et 5,25 L/min",2,"5,25 L/min et 3 L/min",Inverser l’efficacité des grandes et petites inspirations à débit total identique.,"Il y a 30 ventilations d’espace mort par minute pour les petites inspirations, contre 15 pour les grandes : 3 puis 5,25 L/min.",PREVENTION_ACCIDENTS_N2_2026-10-09.csv,"Recto autonome, clé unique, alternatives et corrigé relus ; pas de quota de corrections.",2026-10-10,"Sources historiques datées conservées ; recroisements du 10 octobre détaillés dans le journal, sans antidater les consultations.",QCM ; 3 choix ; modèle historique conservé,c9131ab56b69b259fd002450ed06d013579771d8d103c5964e81d94912609aff
n2-essoufflement-effort-001,08,Prévention des accidents,P263,CORRIGEE,Le recto annonçait le défaut de ventilation et un leurre le contredisait ; tester désormais le bilan production/élimination malgré une fréquence accrue.,"Pendant un palmage intense, le détendeur fonctionne et la fréquence respiratoire augmente. Quel bilan explique néanmoins une accumulation de CO₂ ?",La production musculaire de CO₂ dépasse son élimination par la ventilation alvéolaire,1,La ventilation totale augmente et garantit une élimination égale à la production musculaire de CO₂,Confondre augmentation de ventilation totale et élimination alvéolaire suffisante.,"Le débit total, surtout avec petites inspirations, ne garantit pas une élimination égale au CO₂ produit par l’effort.",Analyse refaite dans le contrôle final,"Recto autonome, clé unique, alternatives et corrigé relus ; pas de quota de corrections.",2026-10-10,"Sources historiques datées conservées ; recroisements du 10 octobre détaillés dans le journal, sans antidater les consultations.",QCM ; 3 choix ; modèle historique conservé,54cb597af479980af8a504aff78e9d89f6bc695a874a05d0a3d9be2b4b1b3533
n2-essoufflement-effort-001,08,Prévention des accidents,P263,CORRIGEE,Le recto annonçait le défaut de ventilation et un leurre le contredisait ; tester désormais le bilan production/élimination malgré une fréquence accrue.,"Pendant un palmage intense, le détendeur fonctionne et la fréquence respiratoire augmente. Quel bilan explique néanmoins une accumulation de CO₂ ?",La production musculaire de CO₂ dépasse son élimination par la ventilation alvéolaire,2,La consommation d’oxygène augmente et remplace l’élimination pulmonaire du CO₂,Assimiler consommation d’O₂ et élimination du CO₂ à un même effet compensateur.,Une consommation accrue d’O₂ ne remplace pas l’élimination alvéolaire du CO₂ ; il faut comparer sa production à son élimination.,Analyse refaite dans le contrôle final,"Recto autonome, clé unique, alternatives et corrigé relus ; pas de quota de corrections.",2026-10-10,"Sources historiques datées conservées ; recroisements du 10 octobre détaillés dans le journal, sans antidater les consultations.",QCM ; 3 choix ; modèle historique conservé,54cb597af479980af8a504aff78e9d89f6bc695a874a05d0a3d9be2b4b1b3533
n2-essoufflement-air-pollue-001,08,Prévention des accidents,P267,CONSERVEE,Conservée après nouvelle lecture : Assimiler CO et contamination huileuse parfois odorante. La distinction interrogée reste utile au même objectif.,Plusieurs plongeurs présentent céphalées ou malaise après utilisation de blocs gonflés au même endroit. Quel élément empêche d’écarter une contamination au monoxyde de carbone ?,Le monoxyde de carbone peut être présent sans odeur particulière du gaz,1,Le monoxyde de carbone nécessite une odeur huileuse perceptible dans le gaz,Assimiler CO et contamination huileuse parfois odorante.,Le CO est inodore.,PREVENTION_ACCIDENTS_N2_2026-10-09.csv,"Recto autonome, clé unique, alternatives et corrigé relus ; pas de quota de corrections.",2026-10-10,"Sources historiques datées conservées ; recroisements du 10 octobre détaillés dans le journal, sans antidater les consultations.",QCM ; 3 choix ; modèle historique conservé,6a7f4d9fd349c988c459d4cb3d251897a847b08786134b667ba4b46ddfbd2793
n2-essoufflement-air-pollue-001,08,Prévention des accidents,P267,CONSERVEE,Conservée après nouvelle lecture : Confondre contrôle de pression et analyse de qualité. La distinction interrogée reste utile au même objectif.,Plusieurs plongeurs présentent céphalées ou malaise après utilisation de blocs gonflés au même endroit. Quel élément empêche d’écarter une contamination au monoxyde de carbone ?,Le monoxyde de carbone peut être présent sans odeur particulière du gaz,2,Le monoxyde de carbone nécessite une pression de gonflage anormalement élevée,Confondre contrôle de pression et analyse de qualité.,La pression normale ne mesure pas la teneur en CO.,PREVENTION_ACCIDENTS_N2_2026-10-09.csv,"Recto autonome, clé unique, alternatives et corrigé relus ; pas de quota de corrections.",2026-10-10,"Sources historiques datées conservées ; recroisements du 10 octobre détaillés dans le journal, sans antidater les consultations.",QCM ; 3 choix ; modèle historique conservé,6a7f4d9fd349c988c459d4cb3d251897a847b08786134b667ba4b46ddfbd2793
n2-essoufflement-signes-001,08,Prévention des accidents,P268,CONSERVEE,Conservée après nouvelle lecture : Confondre deux altérations susceptibles de survenir en profondeur. La distinction interrogée reste utile au même objectif.,"Après un palmage soutenu, quel tableau indique surtout une difficulté ventilatoire à signaler immédiatement ?","Respiration haletante, sensation de manque d’air et récupération difficile à l’arrêt",1,"Respiration régulière, euphorie inhabituelle et répétition d’une manipulation",Confondre deux altérations susceptibles de survenir en profondeur.,"Le tableau porte surtout sur le jugement, pas sur une respiration haletante.",PREVENTION_ACCIDENTS_N2_2026-10-09.csv,"Recto autonome, clé unique, alternatives et corrigé relus ; pas de quota de corrections.",2026-10-10,"Sources historiques datées conservées ; recroisements du 10 octobre détaillés dans le journal, sans antidater les consultations.",QCM ; 3 choix ; modèle historique conservé,db83c9ae88ba5210b31ed160551df5e61c7e7e78dac3328a6565f17691b9a5fa
n2-essoufflement-signes-001,08,Prévention des accidents,P268,CONSERVEE,Conservée après nouvelle lecture : Confondre malaise auriculaire et difficulté ventilatoire. La distinction interrogée reste utile au même objectif.,"Après un palmage soutenu, quel tableau indique surtout une difficulté ventilatoire à signaler immédiatement ?","Respiration haletante, sensation de manque d’air et récupération difficile à l’arrêt",2,"Respiration régulière, vertige rotatoire et sensation d’oreille bouchée",Confondre malaise auriculaire et difficulté ventilatoire.,Le tableau est vestibulaire sans gêne respiratoire décrite.,PREVENTION_ACCIDENTS_N2_2026-10-09.csv,"Recto autonome, clé unique, alternatives et corrigé relus ; pas de quota de corrections.",2026-10-10,"Sources historiques datées conservées ; recroisements du 10 octobre détaillés dans le journal, sans antidater les consultations.",QCM ; 3 choix ; modèle historique conservé,db83c9ae88ba5210b31ed160551df5e61c7e7e78dac3328a6565f17691b9a5fa
n2-essoufflement-panique-001,08,Prévention des accidents,P270,CONSERVEE,Conservée après nouvelle lecture : Transférer une réduction supposée de résistance à une amélioration de l’oxygène. La distinction interrogée reste utile au même objectif.,Pourquoi retirer son détendeur pendant un essoufflement ne facilite-t-il pas l’élimination du CO₂ en immersion ?,Il supprime l’accès au gaz respirable sans corriger la ventilation alvéolaire,1,Il augmente la fraction d’oxygène disponible en diminuant la résistance du gaz,Transférer une réduction supposée de résistance à une amélioration de l’oxygène.,"Sans détendeur, il n’y a plus de source respirable ; la fraction d’oxygène n’augmente pas.",PREVENTION_ACCIDENTS_N2_2026-10-09.csv,"Recto autonome, clé unique, alternatives et corrigé relus ; pas de quota de corrections.",2026-10-10,"Sources historiques datées conservées ; recroisements du 10 octobre détaillés dans le journal, sans antidater les consultations.",QCM ; 3 choix ; modèle historique conservé,c470c90c66a3fabad47bdd3a4154db6db86ed663cdf28f1674be76e0dd20e670
n2-essoufflement-panique-001,08,Prévention des accidents,P270,CONSERVEE,Conservée après nouvelle lecture : Confondre résistance d’écoulement et pression ambiante. La distinction interrogée reste utile au même objectif.,Pourquoi retirer son détendeur pendant un essoufflement ne facilite-t-il pas l’élimination du CO₂ en immersion ?,Il supprime l’accès au gaz respirable sans corriger la ventilation alvéolaire,2,Il diminue la pression ambiante des alvéoles en supprimant la résistance du détendeur,Confondre résistance d’écoulement et pression ambiante.,"À profondeur identique, retirer le détendeur ne fait pas baisser la pression ambiante.",PREVENTION_ACCIDENTS_N2_2026-10-09.csv,"Recto autonome, clé unique, alternatives et corrigé relus ; pas de quota de corrections.",2026-10-10,"Sources historiques datées conservées ; recroisements du 10 octobre détaillés dans le journal, sans antidater les consultations.",QCM ; 3 choix ; modèle historique conservé,c470c90c66a3fabad47bdd3a4154db6db86ed663cdf28f1674be76e0dd20e670
n2-essoufflement-premiers-signes-001,08,Prévention des accidents,P272,CONSERVEE,Conservée après nouvelle lecture : Retenir le travail expiratoire mais négliger l’effort déclencheur. La distinction interrogée reste utile au même objectif.,"Une respiration haletante apparaît pendant un palmage soutenu, avec du gaz disponible et un détendeur fonctionnel. Quel enchaînement initial convient ?","Signaler, stopper le palmage et se stabiliser avec l’équipier pour organiser la sortie",1,"Signaler, poursuivre le palmage et se concentrer sur une expiration plus lente",Retenir le travail expiratoire mais négliger l’effort déclencheur.,Maintenir le palmage maintient la production de CO₂ et la demande de ventilation.,PREVENTION_ACCIDENTS_N2_2026-10-09.csv,"Recto autonome, clé unique, alternatives et corrigé relus ; pas de quota de corrections.",2026-10-10,"Sources historiques datées conservées ; recroisements du 10 octobre détaillés dans le journal, sans antidater les consultations.",QCM ; 3 choix ; modèle historique conservé,1aef3df51d1443b1950a7d5e1a0a33c3fc7cc4be2c8beda84603204d80fb44b7
n2-essoufflement-premiers-signes-001,08,Prévention des accidents,P272,CONSERVEE,Conservée après nouvelle lecture : Appliquer le changement de source à toute difficulté respiratoire. La distinction interrogée reste utile au même objectif.,"Une respiration haletante apparaît pendant un palmage soutenu, avec du gaz disponible et un détendeur fonctionnel. Quel enchaînement initial convient ?","Signaler, stopper le palmage et se stabiliser avec l’équipier pour organiser la sortie",2,"Signaler, poursuivre le palmage et passer sur le détendeur de secours",Appliquer le changement de source à toute difficulté respiratoire.,Le cas précise une source fonctionnelle ; maintenir l’effort laisse le déclencheur présent.,PREVENTION_ACCIDENTS_N2_2026-10-09.csv,"Recto autonome, clé unique, alternatives et corrigé relus ; pas de quota de corrections.",2026-10-10,"Sources historiques datées conservées ; recroisements du 10 octobre détaillés dans le journal, sans antidater les consultations.",QCM ; 3 choix ; modèle historique conservé,1aef3df51d1443b1950a7d5e1a0a33c3fc7cc4be2c8beda84603204d80fb44b7
n2-essoufflement-assistance-001,08,Prévention des accidents,P274,CONSERVEE,Conservée après nouvelle lecture : Transférer une convention de tables à une plongée gérée à l’ordinateur. La distinction interrogée reste utile au même objectif.,Un plongeur essoufflé est assisté pendant une remontée avec un ordinateur. Quel principe permet de réduire son effort tout en gérant la désaturation ?,L’assistant prend en charge l’effort et contrôle vitesse et paliers indiqués,1,L’assistant prend en charge l’effort et applique la vitesse des tables à la place de l’ordinateur,Transférer une convention de tables à une plongée gérée à l’ordinateur.,La vitesse de référence est celle de l’ordinateur utilisé.,PREVENTION_ACCIDENTS_N2_2026-10-09.csv,"Recto autonome, clé unique, alternatives et corrigé relus ; pas de quota de corrections.",2026-10-10,"Sources historiques datées conservées ; recroisements du 10 octobre détaillés dans le journal, sans antidater les consultations.",QCM ; 3 choix ; modèle historique conservé,40289fc1657b50b8ee0da188fd54bd23ea7939a6add8c09d337c923b494328d7
n2-essoufflement-assistance-001,08,Prévention des accidents,P274,CONSERVEE,Conservée après nouvelle lecture : Confondre palier obligatoire et arrêt de sécurité. La distinction interrogée reste utile au même objectif.,Un plongeur essoufflé est assisté pendant une remontée avec un ordinateur. Quel principe permet de réduire son effort tout en gérant la désaturation ?,L’assistant prend en charge l’effort et contrôle vitesse et paliers indiqués,2,L’assistant prend en charge l’effort et transforme les paliers obligatoires en arrêt de sécurité,Confondre palier obligatoire et arrêt de sécurité.,Un palier obligatoire ne devient pas facultatif du fait de l’assistance.,PREVENTION_ACCIDENTS_N2_2026-10-09.csv,"Recto autonome, clé unique, alternatives et corrigé relus ; pas de quota de corrections.",2026-10-10,"Sources historiques datées conservées ; recroisements du 10 octobre détaillés dans le journal, sans antidater les consultations.",QCM ; 3 choix ; modèle historique conservé,40289fc1657b50b8ee0da188fd54bd23ea7939a6add8c09d337c923b494328d7
n2-essoufflement-courant-001,08,Prévention des accidents,P277,CONSERVEE,Conservée après nouvelle lecture : Faire du manomètre le seul déclencheur de changement de trajet. La distinction interrogée reste utile au même objectif.,"Dans un courant, le palmage nécessaire au trajet augmente fortement l’effort et la ventilation. Sur quel critère décider d’adapter le parcours avant l’épuisement ?","L’effort devenu excessif et la difficulté à récupérer, même avec une pression de bloc élevée",1,"L’atteinte de la pression de réserve prévue, si la profondeur reste inchangée",Faire du manomètre le seul déclencheur de changement de trajet.,La limitation ventilatoire peut survenir avec un bloc encore bien rempli.,PREVENTION_ACCIDENTS_N2_2026-10-09.csv,"Recto autonome, clé unique, alternatives et corrigé relus ; pas de quota de corrections.",2026-10-10,"Sources historiques datées conservées ; recroisements du 10 octobre détaillés dans le journal, sans antidater les consultations.",QCM ; 3 choix ; modèle historique conservé,53f558115afb612479d7c2d48abb161d92940841e4decec473cc99c01984b2e5
n2-essoufflement-courant-001,08,Prévention des accidents,P277,CONSERVEE,Conservée après nouvelle lecture : S’en tenir au planning malgré le changement de conditions. La distinction interrogée reste utile au même objectif.,"Dans un courant, le palmage nécessaire au trajet augmente fortement l’effort et la ventilation. Sur quel critère décider d’adapter le parcours avant l’épuisement ?","L’effort devenu excessif et la difficulté à récupérer, même avec une pression de bloc élevée",2,"L’atteinte du temps de demi-tour prévu, si la pression du bloc reste élevée",S’en tenir au planning malgré le changement de conditions.,L’effort réel peut imposer une adaptation avant le temps prévu.,PREVENTION_ACCIDENTS_N2_2026-10-09.csv,"Recto autonome, clé unique, alternatives et corrigé relus ; pas de quota de corrections.",2026-10-10,"Sources historiques datées conservées ; recroisements du 10 octobre détaillés dans le journal, sans antidater les consultations.",QCM ; 3 choix ; modèle historique conservé,53f558115afb612479d7c2d48abb161d92940841e4decec473cc99c01984b2e5
n2-froid-bilan-thermique-001,09,Prévention des accidents,P281,CONSERVEE,Conservée après nouvelle lecture : Confondre présence des frissons et retour à un équilibre thermique. La distinction interrogée reste utile au même objectif.,Un plongeur frissonne malgré une activité musculaire. Quel bilan explique que sa température centrale puisse continuer à baisser ?,Les pertes vers le milieu dépassent la chaleur produite par l’organisme,1,Les pertes vers le milieu diminuent jusqu’à égaler la chaleur produite par l’organisme,Confondre présence des frissons et retour à un équilibre thermique.,Une égalité arrêterait la baisse dans le modèle de bilan.,PREVENTION_ACCIDENTS_N2_2026-10-09.csv,"Recto autonome, clé unique, alternatives et corrigé relus ; pas de quota de corrections.",2026-10-10,"Sources historiques datées conservées ; recroisements du 10 octobre détaillés dans le journal, sans antidater les consultations.",QCM ; 3 choix ; modèle historique conservé,d86ab4f9c13f99c0f925859be6aebb8d34bd2f89852e83cc5555d52cad22f2fe
n2-froid-bilan-thermique-001,09,Prévention des accidents,P281,CONSERVEE,Conservée après nouvelle lecture : Supposer la compensation assurée dès qu’il y a activité. La distinction interrogée reste utile au même objectif.,Un plongeur frissonne malgré une activité musculaire. Quel bilan explique que sa température centrale puisse continuer à baisser ?,Les pertes vers le milieu dépassent la chaleur produite par l’organisme,2,Les pertes vers le milieu sont compensées par la chaleur produite par l’organisme,Supposer la compensation assurée dès qu’il y a activité.,La production peut rester inférieure aux pertes malgré cette activité.,PREVENTION_ACCIDENTS_N2_2026-10-09.csv,"Recto autonome, clé unique, alternatives et corrigé relus ; pas de quota de corrections.",2026-10-10,"Sources historiques datées conservées ; recroisements du 10 octobre détaillés dans le journal, sans antidater les consultations.",QCM ; 3 choix ; modèle historique conservé,d86ab4f9c13f99c0f925859be6aebb8d34bd2f89852e83cc5555d52cad22f2fe
n2-froid-signes-001,09,Prévention des accidents,P283,CONSERVEE,Conservée après nouvelle lecture : Confondre assistance et compensation durable de l’incapacité. La distinction interrogée reste utile au même objectif.,"En eau froide, un plongeur frissonne et ne peut plus manipuler ses attaches. Quelle décision prend en compte la dégradation de ses capacités ?",L’aider à terminer la plongée de façon contrôlée avec la palanquée,1,L’aider à poursuivre la plongée en confiant ses manipulations à l’équipier,Confondre assistance et compensation durable de l’incapacité.,Déléguer les gestes ne traite pas l’exposition au froid.,PREVENTION_ACCIDENTS_N2_2026-10-09.csv,"Recto autonome, clé unique, alternatives et corrigé relus ; pas de quota de corrections.",2026-10-10,"Sources historiques datées conservées ; recroisements du 10 octobre détaillés dans le journal, sans antidater les consultations.",QCM ; 3 choix ; modèle historique conservé,b7fcf2624d9da60011a70b96c17f6409374690a63f2f6aa6474f00c95d8b61d1
n2-froid-signes-001,09,Prévention des accidents,P283,CONSERVEE,Conservée après nouvelle lecture : Transférer à la faible profondeur la gestion d’un problème thermique. La distinction interrogée reste utile au même objectif.,"En eau froide, un plongeur frissonne et ne peut plus manipuler ses attaches. Quelle décision prend en compte la dégradation de ses capacités ?",L’aider à terminer la plongée de façon contrôlée avec la palanquée,2,L’aider à poursuivre la plongée à faible profondeur en réduisant les manipulations,Transférer à la faible profondeur la gestion d’un problème thermique.,Réduire la profondeur ne garantit pas un réchauffement ni la récupération des capacités.,PREVENTION_ACCIDENTS_N2_2026-10-09.csv,"Recto autonome, clé unique, alternatives et corrigé relus ; pas de quota de corrections.",2026-10-10,"Sources historiques datées conservées ; recroisements du 10 octobre détaillés dans le journal, sans antidater les consultations.",QCM ; 3 choix ; modèle historique conservé,b7fcf2624d9da60011a70b96c17f6409374690a63f2f6aa6474f00c95d8b61d1
n2-froid-fin-frissons-001,09,Prévention des accidents,P286,CONSERVEE,Conservée après nouvelle lecture : Prendre l’arrêt d’un symptôme pour un retour à l’équilibre. La distinction interrogée reste utile au même objectif.,"Après une exposition prolongée au froid, un plongeur cesse de frissonner tout en devenant confus. Quelle interprétation guide la prise en charge ?",Une aggravation du refroidissement avec une réponse de thermorégulation diminuée,1,Un retour à l’équilibre thermique avec un retard de récupération de la vigilance,Prendre l’arrêt d’un symptôme pour un retour à l’équilibre.,"La confusion concomitante est un signe de gravité, pas de récupération.",PREVENTION_ACCIDENTS_N2_2026-10-09.csv,"Recto autonome, clé unique, alternatives et corrigé relus ; pas de quota de corrections.",2026-10-10,"Sources historiques datées conservées ; recroisements du 10 octobre détaillés dans le journal, sans antidater les consultations.",QCM ; 3 choix ; modèle historique conservé,935b6f65bfb207b8c6374176ae4d1bec38444658acd2d50663f06789b7b1efaa
n2-froid-fin-frissons-001,09,Prévention des accidents,P286,CONSERVEE,Conservée après nouvelle lecture : Supposer un relais efficace de la production de chaleur. La distinction interrogée reste utile au même objectif.,"Après une exposition prolongée au froid, un plongeur cesse de frissonner tout en devenant confus. Quelle interprétation guide la prise en charge ?",Une aggravation du refroidissement avec une réponse de thermorégulation diminuée,2,Une stabilisation du refroidissement grâce à une production de chaleur sans frissons,Supposer un relais efficace de la production de chaleur.,La fin des frissons ne permet pas de conclure à une compensation thermique.,PREVENTION_ACCIDENTS_N2_2026-10-09.csv,"Recto autonome, clé unique, alternatives et corrigé relus ; pas de quota de corrections.",2026-10-10,"Sources historiques datées conservées ; recroisements du 10 octobre détaillés dans le journal, sans antidater les consultations.",QCM ; 3 choix ; modèle historique conservé,935b6f65bfb207b8c6374176ae4d1bec38444658acd2d50663f06789b7b1efaa
n2-froid-protection-001,09,Prévention des accidents,P289,CONSERVEE,Conservée après nouvelle lecture : Confondre volume d’eau et pression hydrostatique. La distinction interrogée reste utile au même objectif.,"À épaisseur nominale identique, pourquoi une combinaison humide trop ample protège-t-elle moins bien qu’une combinaison correctement ajustée ?",Elle favorise le renouvellement de l’eau déjà réchauffée au contact du corps,1,Elle augmente la pression de l’eau et comprime davantage le néoprène à même profondeur,Confondre volume d’eau et pression hydrostatique.,"À même profondeur, l’eau d’une combinaison ample n’exerce pas une pression supplémentaire due à son ampleur.",PREVENTION_ACCIDENTS_N2_2026-10-09.csv,"Recto autonome, clé unique, alternatives et corrigé relus ; pas de quota de corrections.",2026-10-10,"Sources historiques datées conservées ; recroisements du 10 octobre détaillés dans le journal, sans antidater les consultations.",QCM ; 3 choix ; modèle historique conservé,d1b4a01796fe9332e05128bae9100d5828f61d88678827815655ca3dfc32673e
n2-froid-protection-001,09,Prévention des accidents,P289,CONSERVEE,Conservée après nouvelle lecture : Confondre combinaison humide et vêtement qui doit rester sec. La distinction interrogée reste utile au même objectif.,"À épaisseur nominale identique, pourquoi une combinaison humide trop ample protège-t-elle moins bien qu’une combinaison correctement ajustée ?",Elle favorise le renouvellement de l’eau déjà réchauffée au contact du corps,2,Elle refroidit parce que toute présence d’eau annule l’isolation du néoprène,Confondre combinaison humide et vêtement qui doit rester sec.,Le néoprène conserve un rôle isolant malgré l’entrée d’eau ; c’est son renouvellement qui accroît les pertes.,PREVENTION_ACCIDENTS_N2_2026-10-09.csv,"Recto autonome, clé unique, alternatives et corrigé relus ; pas de quota de corrections.",2026-10-10,"Sources historiques datées conservées ; recroisements du 10 octobre détaillés dans le journal, sans antidater les consultations.",QCM ; 3 choix ; modèle historique conservé,d1b4a01796fe9332e05128bae9100d5828f61d88678827815655ca3dfc32673e
n2-froid-fatigue-001,09,Prévention des accidents,P291,CORRIGEE,"Retirer les leurres alimentation contrôlant le néoprène et eau réchauffée gratuitement. Comparer production musculaire de chaleur et limitation des pertes ; deux choix solides, sans troisième mécanisme ambigu.","En lutte contre le froid, quelle réponse dépend directement de réserves énergétiques suffisantes pour produire de la chaleur ?","Les frissons, par contractions musculaires involontaires",1,"La vasoconstriction, par réduction du débit sanguin vers la peau",Assimiler les deux réponses au froid à une production de chaleur.,La vasoconstriction conserve de la chaleur en limitant les pertes ; les frissons en produisent par contractions musculaires.,Analyse refaite dans le contrôle final,"Recto autonome, clé unique, alternatives et corrigé relus ; pas de quota de corrections.",2026-10-10,"Sources historiques datées conservées ; recroisements du 10 octobre détaillés dans le journal, sans antidater les consultations.",QCM ; 2 choix ; modèle historique conservé,a5bdb014b62fc6600ff7bc6196e19a58379e736d66469b891bdb115b5062267e
n2-froid-interactions-001,09,Prévention des accidents,P292,CONSERVEE,Conservée après nouvelle lecture : Associer refroidissement et ralentissement métabolique dès la phase de lutte. La distinction interrogée reste utile au même objectif.,"Pendant la lutte contre le froid, avec frissons et perte de dextérité, quel effet combiné peut réduire les marges d’une plongée profonde ?",Une hausse des besoins ventilatoires avec une dégradation des gestes et du jugement,1,Une baisse des besoins ventilatoires avec une dégradation des gestes et du jugement,Associer refroidissement et ralentissement métabolique dès la phase de lutte.,"La lutte contre le froid peut augmenter les besoins, plutôt que les réduire.",PREVENTION_ACCIDENTS_N2_2026-10-09.csv,"Recto autonome, clé unique, alternatives et corrigé relus ; pas de quota de corrections.",2026-10-10,"Sources historiques datées conservées ; recroisements du 10 octobre détaillés dans le journal, sans antidater les consultations.",QCM ; 3 choix ; modèle historique conservé,cb60de74fa4b4d8555f2f4b13b1bb5635cefa6cbc2f8475f9dae2edfcdab1d71
n2-froid-interactions-001,09,Prévention des accidents,P292,CONSERVEE,Conservée après nouvelle lecture : Assimiler stimulation par le froid et amélioration durable des performances. La distinction interrogée reste utile au même objectif.,"Pendant la lutte contre le froid, avec frissons et perte de dextérité, quel effet combiné peut réduire les marges d’une plongée profonde ?",Une hausse des besoins ventilatoires avec une dégradation des gestes et du jugement,2,Une hausse des besoins ventilatoires avec une amélioration des gestes et du jugement,Assimiler stimulation par le froid et amélioration durable des performances.,Un refroidissement dégrade les gestes et peut altérer le jugement.,PREVENTION_ACCIDENTS_N2_2026-10-09.csv,"Recto autonome, clé unique, alternatives et corrigé relus ; pas de quota de corrections.",2026-10-10,"Sources historiques datées conservées ; recroisements du 10 octobre détaillés dans le journal, sans antidater les consultations.",QCM ; 3 choix ; modèle historique conservé,cb60de74fa4b4d8555f2f4b13b1bb5635cefa6cbc2f8475f9dae2edfcdab1d71
n2-froid-sortie-001,09,Prévention des accidents,P293,CONSERVEE,Conservée après nouvelle lecture : Connaître le retrait du mouillé mais ignorer l’exposition pendant le déshabillage. La distinction interrogée reste utile au même objectif.,Un plongeur refroidi mais lucide sort de l’eau sur un pont exposé au vent. Comment organiser le passage aux vêtements secs ?,Le mettre à l’abri puis retirer le mouillé en le séchant et le couvrant immédiatement,1,Le déshabiller sur le pont puis le mettre à l’abri pour le sécher et le couvrir,Connaître le retrait du mouillé mais ignorer l’exposition pendant le déshabillage.,Le passage au sec doit éviter une exposition prolongée au vent.,PREVENTION_ACCIDENTS_N2_2026-10-09.csv,"Recto autonome, clé unique, alternatives et corrigé relus ; pas de quota de corrections.",2026-10-10,"Sources historiques datées conservées ; recroisements du 10 octobre détaillés dans le journal, sans antidater les consultations.",QCM ; 3 choix ; modèle historique conservé,b6e037ff39b36c45d5570d9206afcbe16161db59a236e9e7575876171fe79a51
n2-froid-sortie-001,09,Prévention des accidents,P293,CONSERVEE,Conservée après nouvelle lecture : Confondre protection provisoire et séchage sous l’isolant. La distinction interrogée reste utile au même objectif.,Un plongeur refroidi mais lucide sort de l’eau sur un pont exposé au vent. Comment organiser le passage aux vêtements secs ?,Le mettre à l’abri puis retirer le mouillé en le séchant et le couvrant immédiatement,2,Le couvrir sur le pont en gardant le mouillé puis attendre qu’il sèche sous les couches,Confondre protection provisoire et séchage sous l’isolant.,Le mouillé doit être remplacé par du sec lorsque la protection immédiate est possible.,PREVENTION_ACCIDENTS_N2_2026-10-09.csv,"Recto autonome, clé unique, alternatives et corrigé relus ; pas de quota de corrections.",2026-10-10,"Sources historiques datées conservées ; recroisements du 10 octobre détaillés dans le journal, sans antidater les consultations.",QCM ; 3 choix ; modèle historique conservé,b6e037ff39b36c45d5570d9206afcbe16161db59a236e9e7575876171fe79a51
n2-froid-rechauffement-001,09,Prévention des accidents,P295,CONSERVEE,Conservée après nouvelle lecture : Transférer un réchauffement par massage à une hypothermie avec confusion. La distinction interrogée reste utile au même objectif.,"Après sa sortie de l’eau, un plongeur hypothermique reste confus. Quelle prise en charge engager en attendant les secours ?",L’isoler du froid et le manipuler doucement en déclenchant l’alerte,1,L’isoler du froid et frictionner vigoureusement ses membres en déclenchant l’alerte,Transférer un réchauffement par massage à une hypothermie avec confusion.,Friction et manipulation vigoureuse sont inadaptées ; protéger et manipuler doucement.,PREVENTION_ACCIDENTS_N2_2026-10-09.csv,"Recto autonome, clé unique, alternatives et corrigé relus ; pas de quota de corrections.",2026-10-10,"Sources historiques datées conservées ; recroisements du 10 octobre détaillés dans le journal, sans antidater les consultations.",QCM ; 3 choix ; modèle historique conservé,606beabffdfb8bb383fdcfcfe9fb79eb5d4cc860547474903c0bf3daa1706ae2
n2-froid-rechauffement-001,09,Prévention des accidents,P295,CONSERVEE,Conservée après nouvelle lecture : Transférer la production de chaleur par effort à un sujet confus. La distinction interrogée reste utile au même objectif.,"Après sa sortie de l’eau, un plongeur hypothermique reste confus. Quelle prise en charge engager en attendant les secours ?",L’isoler du froid et le manipuler doucement en déclenchant l’alerte,2,L’isoler du froid et le faire marcher pour produire de la chaleur en déclenchant l’alerte,Transférer la production de chaleur par effort à un sujet confus.,La mobilisation n’est pas adaptée à cette hypothermie ; les risques cardiaques et de chute imposent la douceur.,PREVENTION_ACCIDENTS_N2_2026-10-09.csv,"Recto autonome, clé unique, alternatives et corrigé relus ; pas de quota de corrections.",2026-10-10,"Sources historiques datées conservées ; recroisements du 10 octobre détaillés dans le journal, sans antidater les consultations.",QCM ; 3 choix ; modèle historique conservé,606beabffdfb8bb383fdcfcfe9fb79eb5d4cc860547474903c0bf3daa1706ae2
n2-froid-boisson-001,09,Prévention des accidents,P296,CONSERVEE,Conservée après nouvelle lecture : Prendre les frissons pour un empêchement de boire. La distinction interrogée reste utile au même objectif.,Quel signe contre-indique de donner une boisson tiède à un plongeur refroidi ?,Une conscience fluctuante ou une difficulté à avaler,1,Des frissons avec une conscience et une déglutition normales,Prendre les frissons pour un empêchement de boire.,Des frissons seuls ne contre-indiquent pas la boisson chez une personne lucide qui avale normalement.,PREVENTION_ACCIDENTS_N2_2026-10-09.csv,"Recto autonome, clé unique, alternatives et corrigé relus ; pas de quota de corrections.",2026-10-10,"Sources historiques datées conservées ; recroisements du 10 octobre détaillés dans le journal, sans antidater les consultations.",QCM ; 3 choix ; modèle historique conservé,f0dfaf8e201e4eef2b9b5f43d76df6ac8e7020b259c4cc5595613760a2864766
n2-froid-boisson-001,09,Prévention des accidents,P296,CONSERVEE,Conservée après nouvelle lecture : Assimiler toute altération liée au froid à une déglutition dangereuse. La distinction interrogée reste utile au même objectif.,Quel signe contre-indique de donner une boisson tiède à un plongeur refroidi ?,Une conscience fluctuante ou une difficulté à avaler,2,Des doigts engourdis avec une conscience et une déglutition normales,Assimiler toute altération liée au froid à une déglutition dangereuse.,L’engourdissement des doigts ne prouve pas un trouble de conscience ou de déglutition.,PREVENTION_ACCIDENTS_N2_2026-10-09.csv,"Recto autonome, clé unique, alternatives et corrigé relus ; pas de quota de corrections.",2026-10-10,"Sources historiques datées conservées ; recroisements du 10 octobre détaillés dans le journal, sans antidater les consultations.",QCM ; 3 choix ; modèle historique conservé,f0dfaf8e201e4eef2b9b5f43d76df6ac8e7020b259c4cc5595613760a2864766
n2-narcose-air-001,10,Prévention des accidents,P299,CONSERVEE,Conservée après nouvelle lecture : Employer le modèle pédagogique 80/20 comme composition arrondie au pour cent. La distinction interrogée reste utile au même objectif.,"Quelle composition de l’air sec, arrondie au pour cent le plus proche pour chaque composant, est correcte ?","L’air sec est proche de 78 % N₂, 21 % O₂ et 1 % d’autres gaz",1,L’air sec est proche de 80 % N₂ et 20 % O₂ sans autres gaz,Employer le modèle pédagogique 80/20 comme composition arrondie au pour cent.,L’air sec réel est proche de 78/21/1 ; le recto demande chaque composant.,PREVENTION_ACCIDENTS_N2_2026-10-09.csv,"Recto autonome, clé unique, alternatives et corrigé relus ; pas de quota de corrections.",2026-10-10,"Sources historiques datées conservées ; recroisements du 10 octobre détaillés dans le journal, sans antidater les consultations.",QCM ; 3 choix ; modèle historique conservé,6ea2701521c0b8f3f24cec133d3f16caf380f0771116aab15c1eebad8c20f7b4
n2-narcose-air-001,10,Prévention des accidents,P299,CONSERVEE,Conservée après nouvelle lecture : Surestimer la fraction d’oxygène de l’air sec. La distinction interrogée reste utile au même objectif.,"Quelle composition de l’air sec, arrondie au pour cent le plus proche pour chaque composant, est correcte ?","L’air sec est proche de 78 % N₂, 21 % O₂ et 1 % d’autres gaz",2,"L’air sec est proche de 75 % N₂, 24 % O₂ et 1 % d’autres gaz",Surestimer la fraction d’oxygène de l’air sec.,"Elle est proche de 21 %, pas 24 %.",PREVENTION_ACCIDENTS_N2_2026-10-09.csv,"Recto autonome, clé unique, alternatives et corrigé relus ; pas de quota de corrections.",2026-10-10,"Sources historiques datées conservées ; recroisements du 10 octobre détaillés dans le journal, sans antidater les consultations.",QCM ; 3 choix ; modèle historique conservé,6ea2701521c0b8f3f24cec133d3f16caf380f0771116aab15c1eebad8c20f7b4
n2-narcose-dalton-001,10,Prévention des accidents,P302,CONSERVEE,Conservée après nouvelle lecture : Omettre la pression atmosphérique de la pression totale. La distinction interrogée reste utile au même objectif.,"Dans un mélange gazeux idéal, comment calcule-t-on la pression partielle d’un gaz ?",Fraction du gaz × pression absolue totale,1,Fraction du gaz × pression hydrostatique seule,Omettre la pression atmosphérique de la pression totale.,La loi emploie la pression absolue totale.,PREVENTION_ACCIDENTS_N2_2026-10-09.csv,"Recto autonome, clé unique, alternatives et corrigé relus ; pas de quota de corrections.",2026-10-10,"Sources historiques datées conservées ; recroisements du 10 octobre détaillés dans le journal, sans antidater les consultations.",QCM ; 3 choix ; modèle historique conservé,da76787d7e62361be6fbd9189c5798ce7d780a8d2388a4a61221feed0a4db522
n2-narcose-dalton-001,10,Prévention des accidents,P302,CONSERVEE,Conservée après nouvelle lecture : Inverser la multiplication par la fraction. La distinction interrogée reste utile au même objectif.,"Dans un mélange gazeux idéal, comment calcule-t-on la pression partielle d’un gaz ?",Fraction du gaz × pression absolue totale,2,Pression absolue totale divisée par la fraction du gaz,Inverser la multiplication par la fraction.,"La pression partielle est f×P, pas P/f.",PREVENTION_ACCIDENTS_N2_2026-10-09.csv,"Recto autonome, clé unique, alternatives et corrigé relus ; pas de quota de corrections.",2026-10-10,"Sources historiques datées conservées ; recroisements du 10 octobre détaillés dans le journal, sans antidater les consultations.",QCM ; 3 choix ; modèle historique conservé,da76787d7e62361be6fbd9189c5798ce7d780a8d2388a4a61221feed0a4db522
n2-narcose-oxygene-trente-001,10,Prévention des accidents,P304,CONSERVEE,Conservée après nouvelle lecture : Utiliser la seule pression hydrostatique. La distinction interrogée reste utile au même objectif.,"Dans le modèle d’air à 20 % d’oxygène, quelle est la pression partielle d’O₂ à 30 m ? Prendre 1 bar à la surface et +1 bar par 10 m.","0,8 bar",1,"0,6 bar",Utiliser la seule pression hydrostatique.,"0,20×3=0,6 ; il faut ajouter 1 bar atmosphérique puis 0,20×4=0,8.",PREVENTION_ACCIDENTS_N2_2026-10-09.csv,"Recto autonome, clé unique, alternatives et corrigé relus ; pas de quota de corrections.",2026-10-10,"Sources historiques datées conservées ; recroisements du 10 octobre détaillés dans le journal, sans antidater les consultations.",QCM ; 3 choix ; modèle historique conservé,dc75fe06c61c240b940454de31c4c7685c9d41d1648786808e018f40b9af099d
n2-narcose-oxygene-trente-001,10,Prévention des accidents,P304,CONSERVEE,Conservée après nouvelle lecture : Donner la pression totale plutôt que partielle. La distinction interrogée reste utile au même objectif.,"Dans le modèle d’air à 20 % d’oxygène, quelle est la pression partielle d’O₂ à 30 m ? Prendre 1 bar à la surface et +1 bar par 10 m.","0,8 bar",2,4 bars,Donner la pression totale plutôt que partielle.,"4 bar est le total ; la fraction 0,20 donne 0,8 bar.",PREVENTION_ACCIDENTS_N2_2026-10-09.csv,"Recto autonome, clé unique, alternatives et corrigé relus ; pas de quota de corrections.",2026-10-10,"Sources historiques datées conservées ; recroisements du 10 octobre détaillés dans le journal, sans antidater les consultations.",QCM ; 3 choix ; modèle historique conservé,dc75fe06c61c240b940454de31c4c7685c9d41d1648786808e018f40b9af099d
n2-narcose-azote-quarante-001,10,Prévention des accidents,P306,CONSERVEE,Conservée après nouvelle lecture : Employer 4 bar hydrostatiques au lieu de 5 absolus. La distinction interrogée reste utile au même objectif.,"Dans le modèle d’air à 80 % d’azote, quelle est la pression partielle d’azote à 40 m ? Prendre 1 bar à la surface et +1 bar par 10 m.",4 bars,1,"3,2 bars",Employer 4 bar hydrostatiques au lieu de 5 absolus.,"0,80×4=3,2 ; la bonne référence donne 0,80×5=4.",PREVENTION_ACCIDENTS_N2_2026-10-09.csv,"Recto autonome, clé unique, alternatives et corrigé relus ; pas de quota de corrections.",2026-10-10,"Sources historiques datées conservées ; recroisements du 10 octobre détaillés dans le journal, sans antidater les consultations.",QCM ; 3 choix ; modèle historique conservé,73b73456c9fc4c9ddf3c540f7766f9eaa7c3220a3ebde5e5e74a801a0479c7b1
n2-narcose-azote-quarante-001,10,Prévention des accidents,P306,CONSERVEE,Conservée après nouvelle lecture : Oublier la fraction de gaz. La distinction interrogée reste utile au même objectif.,"Dans le modèle d’air à 80 % d’azote, quelle est la pression partielle d’azote à 40 m ? Prendre 1 bar à la surface et +1 bar par 10 m.",4 bars,2,5 bars,Oublier la fraction de gaz.,5 bar est le total et non la part de l’azote.,PREVENTION_ACCIDENTS_N2_2026-10-09.csv,"Recto autonome, clé unique, alternatives et corrigé relus ; pas de quota de corrections.",2026-10-10,"Sources historiques datées conservées ; recroisements du 10 octobre détaillés dans le journal, sans antidater les consultations.",QCM ; 3 choix ; modèle historique conservé,73b73456c9fc4c9ddf3c540f7766f9eaa7c3220a3ebde5e5e74a801a0479c7b1
n2-narcose-partielle-vingt-001,10,Prévention des accidents,P302,CONSERVEE,Conservée après nouvelle lecture : Arrondir 21 % à 20 % malgré la donnée du recto. La distinction interrogée reste utile au même objectif.,Un mélange idéal contient 21 % d’oxygène. Quelle est sa pression partielle d’oxygène à une pression totale de 3 bars absolus ?,"0,63 bar",1,"0,60 bar",Arrondir 21 % à 20 % malgré la donnée du recto.,"0,20×3=0,60 ; 0,21×3=0,63.",PREVENTION_ACCIDENTS_N2_2026-10-09.csv,"Recto autonome, clé unique, alternatives et corrigé relus ; pas de quota de corrections.",2026-10-10,"Sources historiques datées conservées ; recroisements du 10 octobre détaillés dans le journal, sans antidater les consultations.",QCM ; 3 choix ; modèle historique conservé,a4797baa52f44858c1485e6c623b9d49005e82fd51dd2602f83a45c3655ee389
n2-narcose-partielle-vingt-001,10,Prévention des accidents,P302,CONSERVEE,Conservée après nouvelle lecture : Soustraire 1 bar à une pression déjà absolue. La distinction interrogée reste utile au même objectif.,Un mélange idéal contient 21 % d’oxygène. Quelle est sa pression partielle d’oxygène à une pression totale de 3 bars absolus ?,"0,63 bar",2,"0,42 bar",Soustraire 1 bar à une pression déjà absolue.,"0,21×2=0,42 ; les 3 bar fournis sont absolus.",PREVENTION_ACCIDENTS_N2_2026-10-09.csv,"Recto autonome, clé unique, alternatives et corrigé relus ; pas de quota de corrections.",2026-10-10,"Sources historiques datées conservées ; recroisements du 10 octobre détaillés dans le journal, sans antidater les consultations.",QCM ; 3 choix ; modèle historique conservé,a4797baa52f44858c1485e6c623b9d49005e82fd51dd2602f83a45c3655ee389
n2-narcose-fraction-pression-001,10,Prévention des accidents,P307,CONSERVEE,Conservée après nouvelle lecture : Confondre davantage de molécules par litre et proportion dans le mélange. La distinction interrogée reste utile au même objectif.,Un plongeur descend à l’air sans changer de mélange. Comment évoluent la fraction d’azote et sa pression partielle ?,La fraction reste constante et la pression partielle augmente,1,La fraction augmente et la pression partielle reste constante,Confondre davantage de molécules par litre et proportion dans le mélange.,La proportion reste la même ; c’est la pression partielle qui augmente.,PREVENTION_ACCIDENTS_N2_2026-10-09.csv,"Recto autonome, clé unique, alternatives et corrigé relus ; pas de quota de corrections.",2026-10-10,"Sources historiques datées conservées ; recroisements du 10 octobre détaillés dans le journal, sans antidater les consultations.",QCM ; 3 choix ; modèle historique conservé,891a3f80c1255b89c3b2aba1353bf497638e023377a682914cbf5d0aa41108e0
n2-narcose-fraction-pression-001,10,Prévention des accidents,P307,CONSERVEE,Conservée après nouvelle lecture : Transférer la constance de la composition à la pression. La distinction interrogée reste utile au même objectif.,Un plongeur descend à l’air sans changer de mélange. Comment évoluent la fraction d’azote et sa pression partielle ?,La fraction reste constante et la pression partielle augmente,2,La fraction reste constante et la pression partielle reste constante,Transférer la constance de la composition à la pression.,Le produit fraction × pression absolue augmente avec la pression totale.,PREVENTION_ACCIDENTS_N2_2026-10-09.csv,"Recto autonome, clé unique, alternatives et corrigé relus ; pas de quota de corrections.",2026-10-10,"Sources historiques datées conservées ; recroisements du 10 octobre détaillés dans le journal, sans antidater les consultations.",QCM ; 3 choix ; modèle historique conservé,891a3f80c1255b89c3b2aba1353bf497638e023377a682914cbf5d0aa41108e0
n2-narcose-effets-001,10,Prévention des accidents,P308,CONSERVEE,Conservée après nouvelle lecture : Confondre deux accidents impliquant l’azote et des troubles neurologiques. La distinction interrogée reste utile au même objectif.,Quel mécanisme distingue la narcose à l’air d’un accident de désaturation ?,L’action des gaz narcotiques sous pression partielle élevée sur le système nerveux,1,L’action de bulles issues du gaz dissous sur le système nerveux pendant la décompression,Confondre deux accidents impliquant l’azote et des troubles neurologiques.,La narcose ne correspond pas à des bulles de désaturation.,PREVENTION_ACCIDENTS_N2_2026-10-09.csv,"Recto autonome, clé unique, alternatives et corrigé relus ; pas de quota de corrections.",2026-10-10,"Sources historiques datées conservées ; recroisements du 10 octobre détaillés dans le journal, sans antidater les consultations.",QCM ; 3 choix ; modèle historique conservé,7972af86d955fbfb55175f4585d2f8b89c9dad86b53561ea0d742e2b37f54212
n2-narcose-effets-001,10,Prévention des accidents,P308,CONSERVEE,Conservée après nouvelle lecture : Confondre deux origines de troubles neurologiques en plongée. La distinction interrogée reste utile au même objectif.,Quel mécanisme distingue la narcose à l’air d’un accident de désaturation ?,L’action des gaz narcotiques sous pression partielle élevée sur le système nerveux,2,L’action de gaz pulmonaire passé dans les artères sur le système nerveux à la remontée,Confondre deux origines de troubles neurologiques en plongée.,"Le passage de gaz pulmonaire dans les artères relève d’une embolie, pas de la narcose.",PREVENTION_ACCIDENTS_N2_2026-10-09.csv,"Recto autonome, clé unique, alternatives et corrigé relus ; pas de quota de corrections.",2026-10-10,"Sources historiques datées conservées ; recroisements du 10 octobre détaillés dans le journal, sans antidater les consultations.",QCM ; 3 choix ; modèle historique conservé,7972af86d955fbfb55175f4585d2f8b89c9dad86b53561ea0d742e2b37f54212
n2-narcose-variabilite-001,10,Prévention des accidents,P309,CONSERVEE,Conservée après nouvelle lecture : Transformer une observation subjective en seuil physiologique. La distinction interrogée reste utile au même objectif.,"Après plusieurs plongées à 30 m sans narcose ressentie, quelle valeur donner à cette expérience pour la prochaine plongée ?",Elle décrit des plongées passées sans garantir les mêmes performances dans d’autres conditions,1,Elle fixe un seuil personnel à 30 m en dessous duquel les performances restent préservées,Transformer une observation subjective en seuil physiologique.,Ni les performances objectives ni l’absence future de narcose ne sont garanties.,PREVENTION_ACCIDENTS_N2_2026-10-09.csv,"Recto autonome, clé unique, alternatives et corrigé relus ; pas de quota de corrections.",2026-10-10,"Sources historiques datées conservées ; recroisements du 10 octobre détaillés dans le journal, sans antidater les consultations.",QCM ; 3 choix ; modèle historique conservé,fa6db81db218ac2a6bbdc9011b403c2cf295c332bb05ea2a483233ebc3f581d4
n2-narcose-variabilite-001,10,Prévention des accidents,P309,CONSERVEE,Conservée après nouvelle lecture : Confondre familiarité avec les tâches et suppression de la narcose. La distinction interrogée reste utile au même objectif.,"Après plusieurs plongées à 30 m sans narcose ressentie, quelle valeur donner à cette expérience pour la prochaine plongée ?",Elle décrit des plongées passées sans garantir les mêmes performances dans d’autres conditions,2,Elle valide une acclimatation à 30 m permettant de conserver les performances dans d’autres conditions,Confondre familiarité avec les tâches et suppression de la narcose.,L’expérience ne rend pas les gaz dépourvus d’effet narcotique.,PREVENTION_ACCIDENTS_N2_2026-10-09.csv,"Recto autonome, clé unique, alternatives et corrigé relus ; pas de quota de corrections.",2026-10-10,"Sources historiques datées conservées ; recroisements du 10 octobre détaillés dans le journal, sans antidater les consultations.",QCM ; 3 choix ; modèle historique conservé,fa6db81db218ac2a6bbdc9011b403c2cf295c332bb05ea2a483233ebc3f581d4
n2-narcose-capacites-001,10,Prévention des accidents,P313,CONSERVEE,Conservée après nouvelle lecture : Admettre un effet moteur mais épargner le jugement si le ressenti est positif. La distinction interrogée reste utile au même objectif.,"En profondeur, un plongeur se sent euphorique et très sûr de ses décisions. Quel lien entre ce ressenti et ses performances est correct ?",Le sentiment d’aisance peut coexister avec une attention et un jugement dégradés,1,Le sentiment d’aisance indique un jugement préservé malgré une coordination dégradée,Admettre un effet moteur mais épargner le jugement si le ressenti est positif.,L’euphorie ne valide pas le jugement.,PREVENTION_ACCIDENTS_N2_2026-10-09.csv,"Recto autonome, clé unique, alternatives et corrigé relus ; pas de quota de corrections.",2026-10-10,"Sources historiques datées conservées ; recroisements du 10 octobre détaillés dans le journal, sans antidater les consultations.",QCM ; 3 choix ; modèle historique conservé,feff81ed52beff2a3429d78eda1816c0dd0f01710fa121ab422a6c5f0ea2ba3b
n2-narcose-capacites-001,10,Prévention des accidents,P313,CONSERVEE,Conservée après nouvelle lecture : Admettre un effet sur la mémoire mais épargner l’attention. La distinction interrogée reste utile au même objectif.,"En profondeur, un plongeur se sent euphorique et très sûr de ses décisions. Quel lien entre ce ressenti et ses performances est correct ?",Le sentiment d’aisance peut coexister avec une attention et un jugement dégradés,2,Le sentiment d’aisance indique une attention préservée malgré une mémoire dégradée,Admettre un effet sur la mémoire mais épargner l’attention.,L’euphorie ne valide pas l’attention.,PREVENTION_ACCIDENTS_N2_2026-10-09.csv,"Recto autonome, clé unique, alternatives et corrigé relus ; pas de quota de corrections.",2026-10-10,"Sources historiques datées conservées ; recroisements du 10 octobre détaillés dans le journal, sans antidater les consultations.",QCM ; 3 choix ; modèle historique conservé,feff81ed52beff2a3429d78eda1816c0dd0f01710fa121ab422a6c5f0ea2ba3b
n2-narcose-conditions-001,10,Prévention des accidents,P316,CORRIGEE,"Les leurres modifiaient absurdement la composition de l’air ; tester désormais la portée de l’état du jour dans la préparation, au même objectif.","Pour une plongée profonde à l’air, comment intégrer fatigue, anxiété et manque de pratique récente dans le choix du profil ?",Les considérer aussi comme des limites de vigilance et de coordination pour choisir la profondeur et les tâches,1,"Les intégrer au budget de gaz, en conservant la profondeur et les tâches validées lors d’une plongée reposée",Réduire fatigue/anxiété à une hausse de consommation prévue dans le bloc.,Le budget de gaz ne prend pas en charge les limites cognitives et de coordination ; le choix du profil et des tâches doit aussi être adapté.,Analyse refaite dans le contrôle final,"Recto autonome, clé unique, alternatives et corrigé relus ; pas de quota de corrections.",2026-10-10,"Sources historiques datées conservées ; recroisements du 10 octobre détaillés dans le journal, sans antidater les consultations.",QCM ; 3 choix ; modèle historique conservé,6b0f34344f4f405b63d932fcf33798a2ca565e27f0507a6d78435dfff973b099
n2-narcose-conditions-001,10,Prévention des accidents,P316,CORRIGEE,"Les leurres modifiaient absurdement la composition de l’air ; tester désormais la portée de l’état du jour dans la préparation, au même objectif.","Pour une plongée profonde à l’air, comment intégrer fatigue, anxiété et manque de pratique récente dans le choix du profil ?",Les considérer aussi comme des limites de vigilance et de coordination pour choisir la profondeur et les tâches,2,"Les intégrer à l’intervalle de surface, en conservant la profondeur et les tâches validées lors d’une plongée reposée","Réduire l’état du jour au repos entre immersions, en reconduisant un profil précédemment maîtrisé.",Un intervalle et une expérience passée ne garantissent pas les capacités du jour pour la profondeur et les tâches.,Analyse refaite dans le contrôle final,"Recto autonome, clé unique, alternatives et corrigé relus ; pas de quota de corrections.",2026-10-10,"Sources historiques datées conservées ; recroisements du 10 octobre détaillés dans le journal, sans antidater les consultations.",QCM ; 3 choix ; modèle historique conservé,6b0f34344f4f405b63d932fcf33798a2ca565e27f0507a6d78435dfff973b099
n2-narcose-medicaments-001,10,Prévention des accidents,P319,CONSERVEE,Conservée après nouvelle lecture : Évaluer le médicament mais oublier la maladie sous-jacente. La distinction interrogée reste utile au même objectif.,"Avant une plongée profonde, un médicament provoque somnolence ou ralentissement. Que doit prendre en compte l’avis médical sur la compatibilité avec la plongée ?","Le traitement, la maladie traitée et les contraintes de la plongée prévue",1,"Le traitement et ses effets en surface, indépendamment de la maladie traitée",Évaluer le médicament mais oublier la maladie sous-jacente.,La maladie et les conditions de plongée font aussi partie de l’évaluation.,PREVENTION_ACCIDENTS_N2_2026-10-09.csv,"Recto autonome, clé unique, alternatives et corrigé relus ; pas de quota de corrections.",2026-10-10,"Sources historiques datées conservées ; recroisements du 10 octobre détaillés dans le journal, sans antidater les consultations.",QCM ; 3 choix ; modèle historique conservé,0dfdc7295cecbe5ff431339d729bef3b2c30489fee663191daf04218bfed565f
n2-narcose-medicaments-001,10,Prévention des accidents,P319,CONSERVEE,Conservée après nouvelle lecture : Évaluer la maladie mais oublier les effets du traitement. La distinction interrogée reste utile au même objectif.,"Avant une plongée profonde, un médicament provoque somnolence ou ralentissement. Que doit prendre en compte l’avis médical sur la compatibilité avec la plongée ?","Le traitement, la maladie traitée et les contraintes de la plongée prévue",2,"La maladie traitée et son évolution, indépendamment des effets du traitement",Évaluer la maladie mais oublier les effets du traitement.,Les effets indésirables et interactions du médicament peuvent compromettre la plongée.,PREVENTION_ACCIDENTS_N2_2026-10-09.csv,"Recto autonome, clé unique, alternatives et corrigé relus ; pas de quota de corrections.",2026-10-10,"Sources historiques datées conservées ; recroisements du 10 octobre détaillés dans le journal, sans antidater les consultations.",QCM ; 3 choix ; modèle historique conservé,0dfdc7295cecbe5ff431339d729bef3b2c30489fee663191daf04218bfed565f
n2-narcose-reaction-001,10,Prévention des accidents,P321,CONSERVEE,Conservée après nouvelle lecture : Confondre amélioration rapide de narcose et désaturation complète. La distinction interrogée reste utile au même objectif.,Quel effet d’une remontée contrôlée vers moins profond explique généralement la diminution d’une narcose à l’air ?,La réduction de la pression partielle des gaz narcotiques respirés,1,L’élimination complète de l’azote dissous pendant les premiers mètres,Confondre amélioration rapide de narcose et désaturation complète.,L’azote dissous n’est pas éliminé complètement après quelques mètres.,PREVENTION_ACCIDENTS_N2_2026-10-09.csv,"Recto autonome, clé unique, alternatives et corrigé relus ; pas de quota de corrections.",2026-10-10,"Sources historiques datées conservées ; recroisements du 10 octobre détaillés dans le journal, sans antidater les consultations.",QCM ; 3 choix ; modèle historique conservé,21a0a6953e148c73e5b94e54e0d6f6919380ef6ddde1b4b32306cc754771044a
n2-narcose-reaction-001,10,Prévention des accidents,P321,CONSERVEE,Conservée après nouvelle lecture : Attribuer l’amélioration à davantage d’oxygène sous pression. La distinction interrogée reste utile au même objectif.,Quel effet d’une remontée contrôlée vers moins profond explique généralement la diminution d’une narcose à l’air ?,La réduction de la pression partielle des gaz narcotiques respirés,2,L’augmentation de la pression partielle d’oxygène pendant les premiers mètres,Attribuer l’amélioration à davantage d’oxygène sous pression.,La pression partielle d’oxygène baisse aussi lorsque la pression ambiante baisse.,PREVENTION_ACCIDENTS_N2_2026-10-09.csv,"Recto autonome, clé unique, alternatives et corrigé relus ; pas de quota de corrections.",2026-10-10,"Sources historiques datées conservées ; recroisements du 10 octobre détaillés dans le journal, sans antidater les consultations.",QCM ; 3 choix ; modèle historique conservé,21a0a6953e148c73e5b94e54e0d6f6919380ef6ddde1b4b32306cc754771044a
n2-narcose-equipier-001,10,Prévention des accidents,P325,CONSERVEE,Conservée après nouvelle lecture : Préserver l’autonomie du plongeur atteint en lui laissant la décision. La distinction interrogée reste utile au même objectif.,"En profondeur, un équipier répond lentement et répète une manipulation inutile. Quelle répartition des rôles convient pour remonter vers moins profond ?",L’équipier valide prend l’initiative et assiste la remontée du plongeur dont le jugement paraît altéré,1,Le plongeur dont le jugement paraît altéré prend l’initiative et l’équipier valide suit sa remontée,Préserver l’autonomie du plongeur atteint en lui laissant la décision.,Son jugement paraît altéré ; il ne doit pas piloter seul la résolution.,PREVENTION_ACCIDENTS_N2_2026-10-09.csv,"Recto autonome, clé unique, alternatives et corrigé relus ; pas de quota de corrections.",2026-10-10,"Sources historiques datées conservées ; recroisements du 10 octobre détaillés dans le journal, sans antidater les consultations.",QCM ; 3 choix ; modèle historique conservé,9cffebdf1b6d75bb2e366f41ebbefc03ac7a372439e7ebbe7c5f96674ac73e0e
n2-narcose-equipier-001,10,Prévention des accidents,P325,CONSERVEE,Conservée après nouvelle lecture : Interpréter la simplification des tâches comme une séparation utile. La distinction interrogée reste utile au même objectif.,"En profondeur, un équipier répond lentement et répète une manipulation inutile. Quelle répartition des rôles convient pour remonter vers moins profond ?",L’équipier valide prend l’initiative et assiste la remontée du plongeur dont le jugement paraît altéré,2,Chaque plongeur conduit sa remontée séparément pour réduire les tâches de communication,Interpréter la simplification des tâches comme une séparation utile.,La séparation retire l’assistance nécessaire à un plongeur aux capacités altérées.,PREVENTION_ACCIDENTS_N2_2026-10-09.csv,"Recto autonome, clé unique, alternatives et corrigé relus ; pas de quota de corrections.",2026-10-10,"Sources historiques datées conservées ; recroisements du 10 octobre détaillés dans le journal, sans antidater les consultations.",QCM ; 3 choix ; modèle historique conservé,9cffebdf1b6d75bb2e366f41ebbefc03ac7a372439e7ebbe7c5f96674ac73e0e
n2-narcose-apres-sortie-001,10,Prévention des accidents,P326,CONSERVEE,Conservée après nouvelle lecture : Assimiler l’évolution de la narcose à la cinétique d’élimination de l’azote dissous. La distinction interrogée reste utile au même objectif.,Une confusion ou une faiblesse persiste après la sortie d’une plongée où une narcose était suspectée. Quelle interprétation doit guider l’alerte ?,Une urgence différente reste possible et nécessite une évaluation immédiate,1,Une narcose se prolonge jusqu’à élimination de l’azote dissous et nécessite cette attente,Assimiler l’évolution de la narcose à la cinétique d’élimination de l’azote dissous.,Une désaturation complète n’est pas nécessaire à la réduction des effets narcotiques.,PREVENTION_ACCIDENTS_N2_2026-10-09.csv,"Recto autonome, clé unique, alternatives et corrigé relus ; pas de quota de corrections.",2026-10-10,"Sources historiques datées conservées ; recroisements du 10 octobre détaillés dans le journal, sans antidater les consultations.",QCM ; 3 choix ; modèle historique conservé,b4d9b3371bace1b5e61ed28ff90b657c260a1ee32a3df33bdcdd37836e7ef0e7
n2-narcose-apres-sortie-001,10,Prévention des accidents,P326,CONSERVEE,Conservée après nouvelle lecture : Utiliser les paliers comme test d’exclusion des autres urgences. La distinction interrogée reste utile au même objectif.,Une confusion ou une faiblesse persiste après la sortie d’une plongée où une narcose était suspectée. Quelle interprétation doit guider l’alerte ?,Une urgence différente reste possible et nécessite une évaluation immédiate,2,Une narcose vécue au fond explique les signes en surface si les paliers ont été respectés,Utiliser les paliers comme test d’exclusion des autres urgences.,Les paliers respectés n’excluent pas les autres causes de troubles persistants.,PREVENTION_ACCIDENTS_N2_2026-10-09.csv,"Recto autonome, clé unique, alternatives et corrigé relus ; pas de quota de corrections.",2026-10-10,"Sources historiques datées conservées ; recroisements du 10 octobre détaillés dans le journal, sans antidater les consultations.",QCM ; 3 choix ; modèle historique conservé,b4d9b3371bace1b5e61ed28ff90b657c260a1ee32a3df33bdcdd37836e7ef0e7
n2-add-henry-001,11,Désaturation,P328,CONSERVEE,Conservée après nouvelle lecture : Confusion composition/pression : croire que la fraction inchangée suffit à maintenir la quantité dissoute ; Henry dépend de la pression partielle. La distinction interrogée reste utile au même objectif.,"Pour le même gaz et le même liquide, à température constante, la pression partielle du gaz est doublée. Que devient sa quantité dissoute une fois le nouvel équilibre atteint ?",Elle est multipliée par 2,1,Elle reste identique,Confusion composition/pression : croire que la fraction inchangée suffit à maintenir la quantité dissoute ; Henry dépend de la pression partielle.,"Voir la distinction détaillée dans la colonne attrait, reprise et relue lors de cette passe.",DESATURATION_N2_DISTRACTEURS_2026-10-09.csv,"Recto autonome, clé unique, alternatives et corrigé relus ; pas de quota de corrections.",2026-10-10,"Sources historiques datées conservées ; recroisements du 10 octobre détaillés dans le journal, sans antidater les consultations.",QCM ; 3 choix ; modèle historique conservé,47734c38d7ab27eabbefb602edeaca756f68c45a2bb9a3686a45a8286343520e
n2-add-henry-001,11,Désaturation,P328,CONSERVEE,Conservée après nouvelle lecture : Confusion Boyle/Henry : diviser la quantité dissoute par deux comme le volume d’un gaz ; Henry donne une augmentation. La distinction interrogée reste utile au même objectif.,"Pour le même gaz et le même liquide, à température constante, la pression partielle du gaz est doublée. Que devient sa quantité dissoute une fois le nouvel équilibre atteint ?",Elle est multipliée par 2,2,Elle est divisée par 2,Confusion Boyle/Henry : diviser la quantité dissoute par deux comme le volume d’un gaz ; Henry donne une augmentation.,"Voir la distinction détaillée dans la colonne attrait, reprise et relue lors de cette passe.",DESATURATION_N2_DISTRACTEURS_2026-10-09.csv,"Recto autonome, clé unique, alternatives et corrigé relus ; pas de quota de corrections.",2026-10-10,"Sources historiques datées conservées ; recroisements du 10 octobre détaillés dans le journal, sans antidater les consultations.",QCM ; 3 choix ; modèle historique conservé,47734c38d7ab27eabbefb602edeaca756f68c45a2bb9a3686a45a8286343520e
n2-add-bouteille-001,11,Désaturation,P330,CONSERVEE,Conservée après nouvelle lecture : Confusion dégazage/ébullition : attribuer les bulles à la vapeur du liquide ; elles contiennent du CO₂ précédemment dissous. La distinction interrogée reste utile au même objectif.,Pourquoi des bulles apparaissent-elles à l’ouverture d’une bouteille d’eau gazeuse ?,Du CO₂ auparavant dissous quitte le liquide devenu sursaturé,1,De la vapeur d’eau se forme dans le liquide sous l’effet de l’ouverture,Confusion dégazage/ébullition : attribuer les bulles à la vapeur du liquide ; elles contiennent du CO₂ précédemment dissous.,"Voir la distinction détaillée dans la colonne attrait, reprise et relue lors de cette passe.",DESATURATION_N2_DISTRACTEURS_2026-10-09.csv,"Recto autonome, clé unique, alternatives et corrigé relus ; pas de quota de corrections.",2026-10-10,"Sources historiques datées conservées ; recroisements du 10 octobre détaillés dans le journal, sans antidater les consultations.",QCM ; 3 choix ; modèle historique conservé,48e886dd614e364eee2828bee470ea05a5aa7c3ca7415738ed1db01afce6c5d2
n2-add-bouteille-001,11,Désaturation,P330,CONSERVEE,Conservée après nouvelle lecture : Confusion origine externe/interne : attribuer les bulles à l’air entrant ; la réserve gazeuse vient de la solution. La distinction interrogée reste utile au même objectif.,Pourquoi des bulles apparaissent-elles à l’ouverture d’une bouteille d’eau gazeuse ?,Du CO₂ auparavant dissous quitte le liquide devenu sursaturé,2,De l’air extérieur pénètre dans le liquide et forme les bulles,Confusion origine externe/interne : attribuer les bulles à l’air entrant ; la réserve gazeuse vient de la solution.,"Voir la distinction détaillée dans la colonne attrait, reprise et relue lors de cette passe.",DESATURATION_N2_DISTRACTEURS_2026-10-09.csv,"Recto autonome, clé unique, alternatives et corrigé relus ; pas de quota de corrections.",2026-10-10,"Sources historiques datées conservées ; recroisements du 10 octobre détaillés dans le journal, sans antidater les consultations.",QCM ; 3 choix ; modèle historique conservé,48e886dd614e364eee2828bee470ea05a5aa7c3ca7415738ed1db01afce6c5d2
n2-add-profondeur-001,11,Désaturation,P333,CONSERVEE,Conservée après nouvelle lecture : Confusion fraction/pression partielle : la composition de l’air ne change pas avec la profondeur ; sa pression partielle augmente. La distinction interrogée reste utile au même objectif.,"À durée et mélange respiré comparables, pourquoi une plongée plus profonde tend-elle à augmenter la charge en azote ?","La pression partielle d’azote augmente, favorisant son entrée dans les tissus",1,"La fraction d’azote dans l’air augmente, favorisant son entrée dans les tissus",Confusion fraction/pression partielle : la composition de l’air ne change pas avec la profondeur ; sa pression partielle augmente.,"Voir la distinction détaillée dans la colonne attrait, reprise et relue lors de cette passe.",DESATURATION_N2_DISTRACTEURS_2026-10-09.csv,"Recto autonome, clé unique, alternatives et corrigé relus ; pas de quota de corrections.",2026-10-10,"Sources historiques datées conservées ; recroisements du 10 octobre détaillés dans le journal, sans antidater les consultations.",QCM ; 3 choix ; modèle historique conservé,a3bf26276593345b1dfddd1a40f1c2a5afead098e36cb6cbd1e6039ddf3b4094
n2-add-profondeur-001,11,Désaturation,P333,CONSERVEE,Conservée après nouvelle lecture : Confusion Boyle/Henry : comprimer du gaz déjà présent ne décrit pas l’entrée supplémentaire d’azote dissous. La distinction interrogée reste utile au même objectif.,"À durée et mélange respiré comparables, pourquoi une plongée plus profonde tend-elle à augmenter la charge en azote ?","La pression partielle d’azote augmente, favorisant son entrée dans les tissus",2,"Le gaz déjà présent est comprimé, ce qui augmente la quantité d’azote sans échange",Confusion Boyle/Henry : comprimer du gaz déjà présent ne décrit pas l’entrée supplémentaire d’azote dissous.,"Voir la distinction détaillée dans la colonne attrait, reprise et relue lors de cette passe.",DESATURATION_N2_DISTRACTEURS_2026-10-09.csv,"Recto autonome, clé unique, alternatives et corrigé relus ; pas de quota de corrections.",2026-10-10,"Sources historiques datées conservées ; recroisements du 10 octobre détaillés dans le journal, sans antidater les consultations.",QCM ; 3 choix ; modèle historique conservé,a3bf26276593345b1dfddd1a40f1c2a5afead098e36cb6cbd1e6039ddf3b4094
n2-add-duree-001,11,Désaturation,P334,CONSERVEE,Conservée après nouvelle lecture : Confusion consommation totale/charge tissulaire : la dose en litres n’est pas la variable du calcul de désaturation. La distinction interrogée reste utile au même objectif.,"À profondeur constante et mélange inchangé, pourquoi prolonger le séjour peut-il augmenter les obligations de désaturation ?",La charge d’azote de tissus encore hors équilibre continue à augmenter,1,Le stock d’air respiré cumulé fixe la charge d’azote à éliminer,Confusion consommation totale/charge tissulaire : la dose en litres n’est pas la variable du calcul de désaturation.,"Voir la distinction détaillée dans la colonne attrait, reprise et relue lors de cette passe.",DESATURATION_N2_DISTRACTEURS_2026-10-09.csv,"Recto autonome, clé unique, alternatives et corrigé relus ; pas de quota de corrections.",2026-10-10,"Sources historiques datées conservées ; recroisements du 10 octobre détaillés dans le journal, sans antidater les consultations.",QCM ; 3 choix ; modèle historique conservé,caa62cd56f3f87188b447d023481bbf46f7fd81639d964ec210b134dd479c400
n2-add-duree-001,11,Désaturation,P334,CONSERVEE,"Conservée après nouvelle lecture : Confusion durée/pression : à profondeur et mélange constants, la pression partielle ne monte pas avec le temps. La distinction interrogée reste utile au même objectif.","À profondeur constante et mélange inchangé, pourquoi prolonger le séjour peut-il augmenter les obligations de désaturation ?",La charge d’azote de tissus encore hors équilibre continue à augmenter,2,La pression partielle d’azote respiré augmente avec le temps passé,"Confusion durée/pression : à profondeur et mélange constants, la pression partielle ne monte pas avec le temps.","Voir la distinction détaillée dans la colonne attrait, reprise et relue lors de cette passe.",DESATURATION_N2_DISTRACTEURS_2026-10-09.csv,"Recto autonome, clé unique, alternatives et corrigé relus ; pas de quota de corrections.",2026-10-10,"Sources historiques datées conservées ; recroisements du 10 octobre détaillés dans le journal, sans antidater les consultations.",QCM ; 3 choix ; modèle historique conservé,caa62cd56f3f87188b447d023481bbf46f7fd81639d964ec210b134dd479c400
n2-add-tissus-001,11,Désaturation,P335,CONSERVEE,Conservée après nouvelle lecture : Confusion trajet anatomique/échanges : taille et distance aux poumons ne définissent pas à elles seules la vitesse de charge. La distinction interrogée reste utile au même objectif.,Quel ensemble de propriétés intervient directement dans les échanges d’azote et contribue aux différences de vitesse de charge entre tissus ?,Leur irrigation sanguine et leurs propriétés de diffusion et de solubilité,1,Leur taille anatomique et leur distance par rapport aux poumons,Confusion trajet anatomique/échanges : taille et distance aux poumons ne définissent pas à elles seules la vitesse de charge.,"Voir la distinction détaillée dans la colonne attrait, reprise et relue lors de cette passe.",DESATURATION_N2_DISTRACTEURS_2026-10-09.csv,"Recto autonome, clé unique, alternatives et corrigé relus ; pas de quota de corrections.",2026-10-10,"Sources historiques datées conservées ; recroisements du 10 octobre détaillés dans le journal, sans antidater les consultations.",QCM ; 3 choix ; modèle historique conservé,45d926353fdd9a77d2802b5179e25072d73047c0e282ca591b1749d885b52c72
n2-add-tissus-001,11,Désaturation,P335,CONSERVEE,Conservée après nouvelle lecture : Confusion métabolisme/charge de gaz inerte : azote et oxygène ne sont pas utilisés de la même façon. La distinction interrogée reste utile au même objectif.,Quel ensemble de propriétés intervient directement dans les échanges d’azote et contribue aux différences de vitesse de charge entre tissus ?,Leur irrigation sanguine et leurs propriétés de diffusion et de solubilité,2,Leur consommation d’oxygène et leur production locale de CO₂,Confusion métabolisme/charge de gaz inerte : azote et oxygène ne sont pas utilisés de la même façon.,"Voir la distinction détaillée dans la colonne attrait, reprise et relue lors de cette passe.",DESATURATION_N2_DISTRACTEURS_2026-10-09.csv,"Recto autonome, clé unique, alternatives et corrigé relus ; pas de quota de corrections.",2026-10-10,"Sources historiques datées conservées ; recroisements du 10 octobre détaillés dans le journal, sans antidater les consultations.",QCM ; 3 choix ; modèle historique conservé,45d926353fdd9a77d2802b5179e25072d73047c0e282ca591b1749d885b52c72
n2-add-apres-sortie-001,11,Désaturation,P336,CONSERVEE,Conservée après nouvelle lecture : Confusion instantané/progressif : remplacer immédiatement la charge par l’équilibre de surface. La distinction interrogée reste utile au même objectif.,"À la sortie d’une plongée, certains tissus contiennent plus d’azote qu’à l’équilibre de surface. Comment évolue cet azote supplémentaire après le retour à 1 bar ?",Il est éliminé progressivement par les échanges avec le sang et les poumons,1,Il est éliminé dès que la pression respirée retrouve celle de la surface,Confusion instantané/progressif : remplacer immédiatement la charge par l’équilibre de surface.,"Voir la distinction détaillée dans la colonne attrait, reprise et relue lors de cette passe.",DESATURATION_N2_DISTRACTEURS_2026-10-09.csv,"Recto autonome, clé unique, alternatives et corrigé relus ; pas de quota de corrections.",2026-10-10,"Sources historiques datées conservées ; recroisements du 10 octobre détaillés dans le journal, sans antidater les consultations.",QCM ; 3 choix ; modèle historique conservé,0b2a44fa33033fd85d5db2a90c14b025794f3555d79360e816307e06382cce12
n2-add-apres-sortie-001,11,Désaturation,P336,CONSERVEE,Conservée après nouvelle lecture : Confusion gaz respiré/gaz résiduel : conserver le gaz supplémentaire jusqu’à une prochaine immersion. La distinction interrogée reste utile au même objectif.,"À la sortie d’une plongée, certains tissus contiennent plus d’azote qu’à l’équilibre de surface. Comment évolue cet azote supplémentaire après le retour à 1 bar ?",Il est éliminé progressivement par les échanges avec le sang et les poumons,2,Il reste stocké jusqu’à ce qu’une autre immersion relance les échanges,Confusion gaz respiré/gaz résiduel : conserver le gaz supplémentaire jusqu’à une prochaine immersion.,"Voir la distinction détaillée dans la colonne attrait, reprise et relue lors de cette passe.",DESATURATION_N2_DISTRACTEURS_2026-10-09.csv,"Recto autonome, clé unique, alternatives et corrigé relus ; pas de quota de corrections.",2026-10-10,"Sources historiques datées conservées ; recroisements du 10 octobre détaillés dans le journal, sans antidater les consultations.",QCM ; 3 choix ; modèle historique conservé,0b2a44fa33033fd85d5db2a90c14b025794f3555d79360e816307e06382cce12
n2-add-poumons-001,11,Désaturation,P337,CONSERVEE,Conservée après nouvelle lecture : Confusion filtre pulmonaire/élimination normale : la formation de bulles n’est pas une étape nécessaire avant les échanges alvéolaires. La distinction interrogée reste utile au même objectif.,Quel trajet décrit l’élimination du gaz inerte dissous dans les tissus lors d’une désaturation normale ?,Tissus → transport dissous dans le sang → alvéoles → expiration,1,Tissus → formation de bulles veineuses → filtre pulmonaire → expiration,Confusion filtre pulmonaire/élimination normale : la formation de bulles n’est pas une étape nécessaire avant les échanges alvéolaires.,"Voir la distinction détaillée dans la colonne attrait, reprise et relue lors de cette passe.",DESATURATION_N2_DISTRACTEURS_2026-10-09.csv,"Recto autonome, clé unique, alternatives et corrigé relus ; pas de quota de corrections.",2026-10-10,"Sources historiques datées conservées ; recroisements du 10 octobre détaillés dans le journal, sans antidater les consultations.",QCM ; 3 choix ; modèle historique conservé,41c16ca8164c550e3285cac4f85a681197cb3d14ce8aa3cf10f7546e900c9210
n2-add-poumons-001,11,Désaturation,P337,CONSERVEE,Conservée après nouvelle lecture : Confusion azote inerte/déchets azotés : l’excrétion rénale du métabolisme ne décrit pas ce gaz respiré. La distinction interrogée reste utile au même objectif.,Quel trajet décrit l’élimination du gaz inerte dissous dans les tissus lors d’une désaturation normale ?,Tissus → transport dissous dans le sang → alvéoles → expiration,2,Tissus → transport dissous dans le sang → reins → urine,Confusion azote inerte/déchets azotés : l’excrétion rénale du métabolisme ne décrit pas ce gaz respiré.,"Voir la distinction détaillée dans la colonne attrait, reprise et relue lors de cette passe.",DESATURATION_N2_DISTRACTEURS_2026-10-09.csv,"Recto autonome, clé unique, alternatives et corrigé relus ; pas de quota de corrections.",2026-10-10,"Sources historiques datées conservées ; recroisements du 10 octobre détaillés dans le journal, sans antidater les consultations.",QCM ; 3 choix ; modèle historique conservé,41c16ca8164c550e3285cac4f85a681197cb3d14ce8aa3cf10f7546e900c9210
n2-add-bulles-001,11,Désaturation,P338,CONSERVEE,Conservée après nouvelle lecture : Confusion ADD/surpression pulmonaire : rupture alvéolaire par expansion du gaz piégé appartient au barotraumatisme. La distinction interrogée reste utile au même objectif.,Quel mécanisme relie une baisse trop rapide de pression à un accident de désaturation ?,Une sursaturation excessive en gaz inerte favorise des bulles et des lésions,1,L’expansion de gaz bloqué dans les poumons provoque une rupture alvéolaire,Confusion ADD/surpression pulmonaire : rupture alvéolaire par expansion du gaz piégé appartient au barotraumatisme.,"Voir la distinction détaillée dans la colonne attrait, reprise et relue lors de cette passe.",DESATURATION_N2_DISTRACTEURS_2026-10-09.csv,"Recto autonome, clé unique, alternatives et corrigé relus ; pas de quota de corrections.",2026-10-10,"Sources historiques datées conservées ; recroisements du 10 octobre détaillés dans le journal, sans antidater les consultations.",QCM ; 3 choix ; modèle historique conservé,2ac0efff3542c5260065a37a3da854b958e70777cd8b03a4df96a8b559d0e905
n2-add-bulles-001,11,Désaturation,P338,CONSERVEE,"Conservée après nouvelle lecture : Confusion azote/CO₂ : la production insuffisamment éliminée de CO₂ explique l’hypercapnie, pas ce mécanisme de désaturation. La distinction interrogée reste utile au même objectif.",Quel mécanisme relie une baisse trop rapide de pression à un accident de désaturation ?,Une sursaturation excessive en gaz inerte favorise des bulles et des lésions,2,La production de CO₂ dépasse son élimination par la ventilation,"Confusion azote/CO₂ : la production insuffisamment éliminée de CO₂ explique l’hypercapnie, pas ce mécanisme de désaturation.","Voir la distinction détaillée dans la colonne attrait, reprise et relue lors de cette passe.",DESATURATION_N2_DISTRACTEURS_2026-10-09.csv,"Recto autonome, clé unique, alternatives et corrigé relus ; pas de quota de corrections.",2026-10-10,"Sources historiques datées conservées ; recroisements du 10 octobre détaillés dans le journal, sans antidater les consultations.",QCM ; 3 choix ; modèle historique conservé,2ac0efff3542c5260065a37a3da854b958e70777cd8b03a4df96a8b559d0e905
n2-add-froid-effort-001,11,Désaturation,P341,CONSERVEE,"Conservée après nouvelle lecture : Confusion effort constant/effets symétriques : meilleure perfusion au fond peut augmenter la charge, elle n’est pas forcément compensée à la remontée. La distinction interrogée reste utile au même objectif.",Pourquoi l’effet de l’effort et du froid sur la désaturation dépend-il aussi du moment où ils surviennent ?,Une perfusion accrue au fond peut augmenter la charge ; un refroidissement à la remontée peut ralentir son élimination,1,Une perfusion accrue au fond augmente la charge ; l’élimination est ensuite accélérée dans la même proportion,"Confusion effort constant/effets symétriques : meilleure perfusion au fond peut augmenter la charge, elle n’est pas forcément compensée à la remontée.","Voir la distinction détaillée dans la colonne attrait, reprise et relue lors de cette passe.",DESATURATION_N2_DISTRACTEURS_2026-10-09.csv,"Recto autonome, clé unique, alternatives et corrigé relus ; pas de quota de corrections.",2026-10-10,"Sources historiques datées conservées ; recroisements du 10 octobre détaillés dans le journal, sans antidater les consultations.",QCM ; 3 choix ; modèle historique conservé,13bf0958fc80c7b60b18f092d07daef6bbf2d9e0d7ee8fbfe7083fd148b66545
n2-add-froid-effort-001,11,Désaturation,P341,CONSERVEE,Conservée après nouvelle lecture : Confusion refroidissement/protection : un refroidissement pendant la remontée peut ralentir l’élimination plutôt que l’améliorer. La distinction interrogée reste utile au même objectif.,Pourquoi l’effet de l’effort et du froid sur la désaturation dépend-il aussi du moment où ils surviennent ?,Une perfusion accrue au fond peut augmenter la charge ; un refroidissement à la remontée peut ralentir son élimination,2,Une perfusion accrue au fond augmente la charge ; un refroidissement à la remontée accélère son élimination,Confusion refroidissement/protection : un refroidissement pendant la remontée peut ralentir l’élimination plutôt que l’améliorer.,"Voir la distinction détaillée dans la colonne attrait, reprise et relue lors de cette passe.",DESATURATION_N2_DISTRACTEURS_2026-10-09.csv,"Recto autonome, clé unique, alternatives et corrigé relus ; pas de quota de corrections.",2026-10-10,"Sources historiques datées conservées ; recroisements du 10 octobre détaillés dans le journal, sans antidater les consultations.",QCM ; 3 choix ; modèle historique conservé,13bf0958fc80c7b60b18f092d07daef6bbf2d9e0d7ee8fbfe7083fd148b66545
n2-add-modele-001,11,Désaturation,P343,CONSERVEE,Conservée après nouvelle lecture : Confusion simulation/mesure : la charge tissulaire est calculée et non suivie directement dans le corps. La distinction interrogée reste utile au même objectif.,Un Suunto Zoop Novo a suivi une plongée sans erreur et calcule sa désaturation. Quel lien entre son calcul et le plongeur explique qu’un ADD reste possible malgré le respect des indications ?,Il applique des paramètres physiologiques du modèle au profil du plongeur,1,Il ajuste ses paramètres tissulaires à partir de la réponse physiologique mesurée,Confusion simulation/mesure : la charge tissulaire est calculée et non suivie directement dans le corps.,"Voir la distinction détaillée dans la colonne attrait, reprise et relue lors de cette passe.",DESATURATION_N2_DISTRACTEURS_2026-10-09.csv,"Recto autonome, clé unique, alternatives et corrigé relus ; pas de quota de corrections.",2026-10-10,"Sources historiques datées conservées ; recroisements du 10 octobre détaillés dans le journal, sans antidater les consultations.",QCM ; 3 choix ; modèle historique conservé,d1d6dc1d5464bf603144a9b7d1855761ccda562630a8384e89bbe35cec12b5e2
n2-add-modele-001,11,Désaturation,P343,CONSERVEE,Conservée après nouvelle lecture : Confusion réglage personnel/évaluation automatique : fatigue et hydratation ne sont pas mesurées par le calcul. La distinction interrogée reste utile au même objectif.,Un Suunto Zoop Novo a suivi une plongée sans erreur et calcule sa désaturation. Quel lien entre son calcul et le plongeur explique qu’un ADD reste possible malgré le respect des indications ?,Il applique des paramètres physiologiques du modèle au profil du plongeur,2,Il adapte sa charge calculée à partir de la fatigue et de l’hydratation évaluées,Confusion réglage personnel/évaluation automatique : fatigue et hydratation ne sont pas mesurées par le calcul.,"Voir la distinction détaillée dans la colonne attrait, reprise et relue lors de cette passe.",DESATURATION_N2_DISTRACTEURS_2026-10-09.csv,"Recto autonome, clé unique, alternatives et corrigé relus ; pas de quota de corrections.",2026-10-10,"Sources historiques datées conservées ; recroisements du 10 octobre détaillés dans le journal, sans antidater les consultations.",QCM ; 3 choix ; modèle historique conservé,d1d6dc1d5464bf603144a9b7d1855761ccda562630a8384e89bbe35cec12b5e2
n2-add-retard-001,11,Désaturation,P344,CONSERVEE,Conservée après nouvelle lecture : Confusion latence/fin des échanges : un début en surface ne suffit pas à exclure une origine de désaturation. La distinction interrogée reste utile au même objectif.,"Un plongeur va bien à sa sortie de l’eau, puis présente des signes inhabituels deux heures plus tard. Que permet de conclure ce délai sur une éventuelle origine liée à la désaturation ?",Il reste compatible avec un accident de désaturation,1,"Il indique une cause extérieure à la plongée, après la fin de la désaturation",Confusion latence/fin des échanges : un début en surface ne suffit pas à exclure une origine de désaturation.,"Voir la distinction détaillée dans la colonne attrait, reprise et relue lors de cette passe.",DESATURATION_N2_DISTRACTEURS_2026-10-09.csv,"Recto autonome, clé unique, alternatives et corrigé relus ; pas de quota de corrections.",2026-10-10,"Sources historiques datées conservées ; recroisements du 10 octobre détaillés dans le journal, sans antidater les consultations.",QCM ; 3 choix ; modèle historique conservé,dbcfbf707f895e443d143f4d43890caa88f88e6096d3f841a62b1ec74c524bc1
n2-add-retard-001,11,Désaturation,P344,CONSERVEE,Conservée après nouvelle lecture : Confusion timing ADD/barotraumatisme : le délai après sortie n’oriente pas à lui seul vers une surpression pulmonaire. La distinction interrogée reste utile au même objectif.,"Un plongeur va bien à sa sortie de l’eau, puis présente des signes inhabituels deux heures plus tard. Que permet de conclure ce délai sur une éventuelle origine liée à la désaturation ?",Il reste compatible avec un accident de désaturation,2,Il oriente vers un barotraumatisme plutôt que vers un accident de désaturation,Confusion timing ADD/barotraumatisme : le délai après sortie n’oriente pas à lui seul vers une surpression pulmonaire.,"Voir la distinction détaillée dans la colonne attrait, reprise et relue lors de cette passe.",DESATURATION_N2_DISTRACTEURS_2026-10-09.csv,"Recto autonome, clé unique, alternatives et corrigé relus ; pas de quota de corrections.",2026-10-10,"Sources historiques datées conservées ; recroisements du 10 octobre détaillés dans le journal, sans antidater les consultations.",QCM ; 3 choix ; modèle historique conservé,dbcfbf707f895e443d143f4d43890caa88f88e6096d3f841a62b1ec74c524bc1
n2-add-peau-001,11,Désaturation,P346,CONSERVEE,Conservée après nouvelle lecture : Confusion peau/air sous-cutané : emphysème et marbrures ne sont pas le même type de signe. La distinction interrogée reste utile au même objectif.,Des marbrures en réseau et des démangeaisons inhabituelles apparaissent sur le tronc après une plongée. Quelle forme d’accident de plongée peut présenter ce tableau ?,Un accident de désaturation cutané,1,Un barotraumatisme pulmonaire avec emphysème sous-cutané,Confusion peau/air sous-cutané : emphysème et marbrures ne sont pas le même type de signe.,"Voir la distinction détaillée dans la colonne attrait, reprise et relue lors de cette passe.",DESATURATION_N2_DISTRACTEURS_2026-10-09.csv,"Recto autonome, clé unique, alternatives et corrigé relus ; pas de quota de corrections.",2026-10-10,"Sources historiques datées conservées ; recroisements du 10 octobre détaillés dans le journal, sans antidater les consultations.",QCM ; 3 choix ; modèle historique conservé,99503eba086effebe8c5bf2eeebec3a4872a358fe9e4d7ca2325e14785383ae2
n2-add-peau-001,11,Désaturation,P346,CONSERVEE,Conservée après nouvelle lecture : Confusion aspect cutané/OPI : le tableau respiratoire de l’OPI ne correspond pas aux marbrures prurigineuses décrites. La distinction interrogée reste utile au même objectif.,Des marbrures en réseau et des démangeaisons inhabituelles apparaissent sur le tronc après une plongée. Quelle forme d’accident de plongée peut présenter ce tableau ?,Un accident de désaturation cutané,2,Un œdème pulmonaire d’immersion avec mauvaise oxygénation,Confusion aspect cutané/OPI : le tableau respiratoire de l’OPI ne correspond pas aux marbrures prurigineuses décrites.,"Voir la distinction détaillée dans la colonne attrait, reprise et relue lors de cette passe.",DESATURATION_N2_DISTRACTEURS_2026-10-09.csv,"Recto autonome, clé unique, alternatives et corrigé relus ; pas de quota de corrections.",2026-10-10,"Sources historiques datées conservées ; recroisements du 10 octobre détaillés dans le journal, sans antidater les consultations.",QCM ; 3 choix ; modèle historique conservé,99503eba086effebe8c5bf2eeebec3a4872a358fe9e4d7ca2325e14785383ae2
n2-add-oreille-interne-001,11,Désaturation,P350,CONSERVEE,Conservée après nouvelle lecture : Confusion conduit externe/oreille interne : l’oreille externe ne regroupe pas audition et équilibre. La distinction interrogée reste utile au même objectif.,Un vertige persiste après la sortie de l’eau et s’accompagne d’une baisse d’audition. Quelle localisation peut associer ces deux fonctions et être atteinte par un ADD comme par un barotraumatisme ?,L’oreille interne,1,Le conduit auditif externe,Confusion conduit externe/oreille interne : l’oreille externe ne regroupe pas audition et équilibre.,"Voir la distinction détaillée dans la colonne attrait, reprise et relue lors de cette passe.",DESATURATION_N2_DISTRACTEURS_2026-10-09.csv,"Recto autonome, clé unique, alternatives et corrigé relus ; pas de quota de corrections.",2026-10-10,"Sources historiques datées conservées ; recroisements du 10 octobre détaillés dans le journal, sans antidater les consultations.",QCM ; 3 choix ; modèle historique conservé,7c422e5d9855ddb8ccc289d59e8464ae96c24644a8277fffa0b4130d3c06bff6
n2-add-oreille-interne-001,11,Désaturation,P350,CONSERVEE,Conservée après nouvelle lecture : Confusion oreille moyenne/interne : la localisation moyenne ne suffit pas à expliquer et écarter le vertige persistant. La distinction interrogée reste utile au même objectif.,Un vertige persiste après la sortie de l’eau et s’accompagne d’une baisse d’audition. Quelle localisation peut associer ces deux fonctions et être atteinte par un ADD comme par un barotraumatisme ?,L’oreille interne,2,L’oreille moyenne,Confusion oreille moyenne/interne : la localisation moyenne ne suffit pas à expliquer et écarter le vertige persistant.,"Voir la distinction détaillée dans la colonne attrait, reprise et relue lors de cette passe.",DESATURATION_N2_DISTRACTEURS_2026-10-09.csv,"Recto autonome, clé unique, alternatives et corrigé relus ; pas de quota de corrections.",2026-10-10,"Sources historiques datées conservées ; recroisements du 10 octobre détaillés dans le journal, sans antidater les consultations.",QCM ; 3 choix ; modèle historique conservé,7c422e5d9855ddb8ccc289d59e8464ae96c24644a8277fffa0b4130d3c06bff6
n2-add-fatigue-001,11,Désaturation,P354,CONSERVEE,Conservée après nouvelle lecture : Confusion malaise/nécessité d’un déficit visible : des signes plus discrets peuvent accompagner un accident. La distinction interrogée reste utile au même objectif.,"Après une plongée, un équipier paraît épuisé et son comportement a changé. Quel critère justifie de signaler ces observations comme une possible alerte de plongée ?",Leur caractère inhabituel par rapport à son état normal,1,Leur association à une douleur ou à une paralysie déjà identifiée,Confusion malaise/nécessité d’un déficit visible : des signes plus discrets peuvent accompagner un accident.,"Voir la distinction détaillée dans la colonne attrait, reprise et relue lors de cette passe.",DESATURATION_N2_DISTRACTEURS_2026-10-09.csv,"Recto autonome, clé unique, alternatives et corrigé relus ; pas de quota de corrections.",2026-10-10,"Sources historiques datées conservées ; recroisements du 10 octobre détaillés dans le journal, sans antidater les consultations.",QCM ; 3 choix ; modèle historique conservé,9bb664752ed600fafd7b14bea3c87e0ed49a7254ecb3ac30a2a432b35cb709e2
n2-add-fatigue-001,11,Désaturation,P354,CONSERVEE,Conservée après nouvelle lecture : Confusion état actuel/état habituel : un brevet ou une expérience ne réfute pas une évolution anormale. La distinction interrogée reste utile au même objectif.,"Après une plongée, un équipier paraît épuisé et son comportement a changé. Quel critère justifie de signaler ces observations comme une possible alerte de plongée ?",Leur caractère inhabituel par rapport à son état normal,2,Leur survenue chez un plongeur encore peu expérimenté,Confusion état actuel/état habituel : un brevet ou une expérience ne réfute pas une évolution anormale.,"Voir la distinction détaillée dans la colonne attrait, reprise et relue lors de cette passe.",DESATURATION_N2_DISTRACTEURS_2026-10-09.csv,"Recto autonome, clé unique, alternatives et corrigé relus ; pas de quota de corrections.",2026-10-10,"Sources historiques datées conservées ; recroisements du 10 octobre détaillés dans le journal, sans antidater les consultations.",QCM ; 3 choix ; modèle historique conservé,9bb664752ed600fafd7b14bea3c87e0ed49a7254ecb3ac30a2a432b35cb709e2
n2-add-oxygene-001,11,Désaturation,P359,CONSERVEE,Conservée après nouvelle lecture : Confusion normobare/hyperbare : le masque à pression ambiante ne recomprime pas les bulles. La distinction interrogée reste utile au même objectif.,"En cas de suspicion d’accident de désaturation, pourquoi administrer de l’oxygène en surface ?",Améliorer l’oxygénation et favoriser l’élimination du gaz inerte,1,Améliorer l’oxygénation et recomprimer les bulles par la pression du masque,Confusion normobare/hyperbare : le masque à pression ambiante ne recomprime pas les bulles.,"Voir la distinction détaillée dans la colonne attrait, reprise et relue lors de cette passe.",DESATURATION_N2_DISTRACTEURS_2026-10-09.csv,"Recto autonome, clé unique, alternatives et corrigé relus ; pas de quota de corrections.",2026-10-10,"Sources historiques datées conservées ; recroisements du 10 octobre détaillés dans le journal, sans antidater les consultations.",QCM ; 3 choix ; modèle historique conservé,c42362703a5a84ec357fb947815e801464678dedc36326cabf0c20d9a9965c00
n2-add-oxygene-001,11,Désaturation,P359,CONSERVEE,Conservée après nouvelle lecture : Confusion oxygène/commande ventilatoire : la meilleure élimination ne repose pas sur une stimulation respiratoire pour chasser le gaz. La distinction interrogée reste utile au même objectif.,"En cas de suspicion d’accident de désaturation, pourquoi administrer de l’oxygène en surface ?",Améliorer l’oxygénation et favoriser l’élimination du gaz inerte,2,Améliorer l’oxygénation et stimuler la ventilation pour évacuer le gaz inerte,Confusion oxygène/commande ventilatoire : la meilleure élimination ne repose pas sur une stimulation respiratoire pour chasser le gaz.,"Voir la distinction détaillée dans la colonne attrait, reprise et relue lors de cette passe.",DESATURATION_N2_DISTRACTEURS_2026-10-09.csv,"Recto autonome, clé unique, alternatives et corrigé relus ; pas de quota de corrections.",2026-10-10,"Sources historiques datées conservées ; recroisements du 10 octobre détaillés dans le journal, sans antidater les consultations.",QCM ; 3 choix ; modèle historique conservé,c42362703a5a84ec357fb947815e801464678dedc36326cabf0c20d9a9965c00
n2-add-position-001,11,Désaturation,P360,CONSERVEE,Conservée après nouvelle lecture : Confusion malaise circulatoire/gêne respiratoire : la surélévation systématique des jambes n’est pas la conduite adaptée. La distinction interrogée reste utile au même objectif.,"Une victime de plongée consciente présente une gêne respiratoire, sans traumatisme identifié. En attendant les secours, quelle installation accompagne l’oxygène et la surveillance ?","Une position choisie pour son confort respiratoire, souvent demi-assise",1,Une position allongée avec jambes surélevées pour favoriser le retour du sang,Confusion malaise circulatoire/gêne respiratoire : la surélévation systématique des jambes n’est pas la conduite adaptée.,"Voir la distinction détaillée dans la colonne attrait, reprise et relue lors de cette passe.",DESATURATION_N2_DISTRACTEURS_2026-10-09.csv,"Recto autonome, clé unique, alternatives et corrigé relus ; pas de quota de corrections.",2026-10-10,"Sources historiques datées conservées ; recroisements du 10 octobre détaillés dans le journal, sans antidater les consultations.",QCM ; 3 choix ; modèle historique conservé,ac9986b21c66ff967795b8d9a538c9b1637864371d303726471f266d6d4799fd
n2-add-position-001,11,Désaturation,P360,CONSERVEE,Conservée après nouvelle lecture : Confusion victime consciente/perte de connaissance : le bilan ne conduit pas ici à la branche PLS. La distinction interrogée reste utile au même objectif.,"Une victime de plongée consciente présente une gêne respiratoire, sans traumatisme identifié. En attendant les secours, quelle installation accompagne l’oxygène et la surveillance ?","Une position choisie pour son confort respiratoire, souvent demi-assise",2,Une position latérale de sécurité pour protéger les voies aériennes,Confusion victime consciente/perte de connaissance : le bilan ne conduit pas ici à la branche PLS.,"Voir la distinction détaillée dans la colonne attrait, reprise et relue lors de cette passe.",DESATURATION_N2_DISTRACTEURS_2026-10-09.csv,"Recto autonome, clé unique, alternatives et corrigé relus ; pas de quota de corrections.",2026-10-10,"Sources historiques datées conservées ; recroisements du 10 octobre détaillés dans le journal, sans antidater les consultations.",QCM ; 3 choix ; modèle historique conservé,ac9986b21c66ff967795b8d9a538c9b1637864371d303726471f266d6d4799fd
n2-add-eau-001,11,Désaturation,P361,CONSERVEE,Conservée après nouvelle lecture : Confusion coopération/déglutition sûre : boire avec gêne respiratoire expose à l’inhalation. La distinction interrogée reste utile au même objectif.,"Oxygène et alerte sont déjà engagés pour des victimes de plongée. Dans quel cas peut-on proposer de l’eau par petites prises, sans suspicion de lésion digestive ?","Victime pleinement consciente, coopérative, avalant normalement, sans dyspnée ni nausées",1,"Victime pleinement consciente, coopérative, avalant normalement, avec une dyspnée persistante",Confusion coopération/déglutition sûre : boire avec gêne respiratoire expose à l’inhalation.,"Voir la distinction détaillée dans la colonne attrait, reprise et relue lors de cette passe.",DESATURATION_N2_DISTRACTEURS_2026-10-09.csv,"Recto autonome, clé unique, alternatives et corrigé relus ; pas de quota de corrections.",2026-10-10,"Sources historiques datées conservées ; recroisements du 10 octobre détaillés dans le journal, sans antidater les consultations.",QCM ; 3 choix ; modèle historique conservé,f1a3a4f275be92e0efec8542b1fd612f8b4fdf0f0cacb8219268cafeaa722cb4
n2-add-eau-001,11,Désaturation,P361,CONSERVEE,Conservée après nouvelle lecture : Confusion hydratation/contre-indication digestive : nausées et vomissements excluent la prise orale. La distinction interrogée reste utile au même objectif.,"Oxygène et alerte sont déjà engagés pour des victimes de plongée. Dans quel cas peut-on proposer de l’eau par petites prises, sans suspicion de lésion digestive ?","Victime pleinement consciente, coopérative, avalant normalement, sans dyspnée ni nausées",2,"Victime pleinement consciente, coopérative, avalant normalement, avec des nausées persistantes",Confusion hydratation/contre-indication digestive : nausées et vomissements excluent la prise orale.,"Voir la distinction détaillée dans la colonne attrait, reprise et relue lors de cette passe.",DESATURATION_N2_DISTRACTEURS_2026-10-09.csv,"Recto autonome, clé unique, alternatives et corrigé relus ; pas de quota de corrections.",2026-10-10,"Sources historiques datées conservées ; recroisements du 10 octobre détaillés dans le journal, sans antidater les consultations.",QCM ; 3 choix ; modèle historique conservé,f1a3a4f275be92e0efec8542b1fd612f8b4fdf0f0cacb8219268cafeaa722cb4
n2-add-transmission-001,11,Désaturation,P362,CONSERVEE,Conservée après nouvelle lecture : Confusion plainte/début des signes : une anomalie observée peut précéder le symptôme déclaré. La distinction interrogée reste utile au même objectif.,"Après sa sortie, un plongeur devient anormalement silencieux et répond lentement aux échanges. Plus tard, il signale une douleur. Quel événement faut-il dater comme début des signes transmis aux secours ?",Le changement de comportement observé par l’équipier,1,Le premier signalement de douleur par le plongeur,Confusion plainte/début des signes : une anomalie observée peut précéder le symptôme déclaré.,"Voir la distinction détaillée dans la colonne attrait, reprise et relue lors de cette passe.",DESATURATION_N2_DISTRACTEURS_2026-10-09.csv,"Recto autonome, clé unique, alternatives et corrigé relus ; pas de quota de corrections.",2026-10-10,"Sources historiques datées conservées ; recroisements du 10 octobre détaillés dans le journal, sans antidater les consultations.",QCM ; 3 choix ; modèle historique conservé,4b95e8348abe42a55b79d8a8a9cbb6c5b8c712ae42bc5e8f7c88da771de2d1be
n2-add-transmission-001,11,Désaturation,P362,CONSERVEE,Conservée après nouvelle lecture : Confusion diagnostic/apparition : la confirmation médicale intervient après les premiers signes. La distinction interrogée reste utile au même objectif.,"Après sa sortie, un plongeur devient anormalement silencieux et répond lentement aux échanges. Plus tard, il signale une douleur. Quel événement faut-il dater comme début des signes transmis aux secours ?",Le changement de comportement observé par l’équipier,2,La confirmation d’un accident par l’évaluation médicale,Confusion diagnostic/apparition : la confirmation médicale intervient après les premiers signes.,"Voir la distinction détaillée dans la colonne attrait, reprise et relue lors de cette passe.",DESATURATION_N2_DISTRACTEURS_2026-10-09.csv,"Recto autonome, clé unique, alternatives et corrigé relus ; pas de quota de corrections.",2026-10-10,"Sources historiques datées conservées ; recroisements du 10 octobre détaillés dans le journal, sans antidater les consultations.",QCM ; 3 choix ; modèle historique conservé,4b95e8348abe42a55b79d8a8a9cbb6c5b8c712ae42bc5e8f7c88da771de2d1be
n2-add-equipiers-001,11,Désaturation,P365,CONSERVEE,Conservée après nouvelle lecture : Confusion profil proche/charge uniforme : les réactions individuelles et historiques peuvent différer. La distinction interrogée reste utile au même objectif.,Un ADD est suspecté chez un plongeur ; secours et oxygène sont engagés. Ses équipiers ont suivi un profil proche et ne présentent pas de signe. Quel suivi des équipiers reste adapté ?,Rechercher chez chacun l’apparition de signes inhabituels et les transmettre aux secours,1,Leur attribuer la même atteinte et la même gravité sur la base du profil commun,Confusion profil proche/charge uniforme : les réactions individuelles et historiques peuvent différer.,"Voir la distinction détaillée dans la colonne attrait, reprise et relue lors de cette passe.",DESATURATION_N2_DISTRACTEURS_2026-10-09.csv,"Recto autonome, clé unique, alternatives et corrigé relus ; pas de quota de corrections.",2026-10-10,"Sources historiques datées conservées ; recroisements du 10 octobre détaillés dans le journal, sans antidater les consultations.",QCM ; 3 choix ; modèle historique conservé,1ef642ad7b059aec5c17e1928438f29dc148a048ed1739fe63f2d4efe627504e
n2-add-equipiers-001,11,Désaturation,P365,CONSERVEE,Conservée après nouvelle lecture : Confusion profil proche/absence de risque : l’atteinte d’un seul équipier ne dispense pas de surveiller les autres. La distinction interrogée reste utile au même objectif.,Un ADD est suspecté chez un plongeur ; secours et oxygène sont engagés. Ses équipiers ont suivi un profil proche et ne présentent pas de signe. Quel suivi des équipiers reste adapté ?,Rechercher chez chacun l’apparition de signes inhabituels et les transmettre aux secours,2,"Concentrer la recherche de signes sur le plongeur atteint, le profil commun étant déjà connu",Confusion profil proche/absence de risque : l’atteinte d’un seul équipier ne dispense pas de surveiller les autres.,"Voir la distinction détaillée dans la colonne attrait, reprise et relue lors de cette passe.",DESATURATION_N2_DISTRACTEURS_2026-10-09.csv,"Recto autonome, clé unique, alternatives et corrigé relus ; pas de quota de corrections.",2026-10-10,"Sources historiques datées conservées ; recroisements du 10 octobre détaillés dans le journal, sans antidater les consultations.",QCM ; 3 choix ; modèle historique conservé,1ef642ad7b059aec5c17e1928438f29dc148a048ed1739fe63f2d4efe627504e
n2-add-evacuation-001,11,Désaturation,P368,CONSERVEE,Conservée après nouvelle lecture : Confusion proximité/adaptation : le centre le plus proche peut ne pas être disponible ou adapté. La distinction interrogée reste utile au même objectif.,"Après l’alerte pour un accident de plongée, qui détermine la destination médicale de l’évacuation, en tenant compte de la disponibilité d’une prise en charge adaptée ?","La régulation médicale, en coordination avec les secours",1,"Le DP, en choisissant le caisson le plus proche du site",Confusion proximité/adaptation : le centre le plus proche peut ne pas être disponible ou adapté.,"Voir la distinction détaillée dans la colonne attrait, reprise et relue lors de cette passe.",DESATURATION_N2_DISTRACTEURS_2026-10-09.csv,"Recto autonome, clé unique, alternatives et corrigé relus ; pas de quota de corrections.",2026-10-10,"Sources historiques datées conservées ; recroisements du 10 octobre détaillés dans le journal, sans antidater les consultations.",QCM ; 3 choix ; modèle historique conservé,5cf407bc15cceccf9189231f7cfc8615c1140e997bdaec7f565cbda4372f6800
n2-add-evacuation-001,11,Désaturation,P368,CONSERVEE,Conservée après nouvelle lecture : Confusion secours opérationnels/régulation médicale : les moyens nautiques seuls ne déterminent pas la filière de soins. La distinction interrogée reste utile au même objectif.,"Après l’alerte pour un accident de plongée, qui détermine la destination médicale de l’évacuation, en tenant compte de la disponibilité d’une prise en charge adaptée ?","La régulation médicale, en coordination avec les secours",2,"Le pilote du bateau, en choisissant le port le plus proche du site",Confusion secours opérationnels/régulation médicale : les moyens nautiques seuls ne déterminent pas la filière de soins.,"Voir la distinction détaillée dans la colonne attrait, reprise et relue lors de cette passe.",DESATURATION_N2_DISTRACTEURS_2026-10-09.csv,"Recto autonome, clé unique, alternatives et corrigé relus ; pas de quota de corrections.",2026-10-10,"Sources historiques datées conservées ; recroisements du 10 octobre détaillés dans le journal, sans antidater les consultations.",QCM ; 3 choix ; modèle historique conservé,5cf407bc15cceccf9189231f7cfc8615c1140e997bdaec7f565cbda4372f6800
n2-add-remontee-001,11,Désaturation,P369,CONSERVEE,Conservée après nouvelle lecture : Confusion compensation palier/vitesse : rallonger soi-même le dernier palier n’est pas la procédure du modèle. La distinction interrogée reste utile au même objectif.,Un profil calculé prévoit une limite de vitesse et des paliers obligatoires. Quelle conduite conserve les conditions de ce calcul pendant une remontée normale ?,Respecter la limite de vitesse et les obligations de paliers,1,Rallonger le dernier palier pour compenser une vitesse supérieure à la limite,Confusion compensation palier/vitesse : rallonger soi-même le dernier palier n’est pas la procédure du modèle.,"Voir la distinction détaillée dans la colonne attrait, reprise et relue lors de cette passe.",DESATURATION_N2_DISTRACTEURS_2026-10-09.csv,"Recto autonome, clé unique, alternatives et corrigé relus ; pas de quota de corrections.",2026-10-10,"Sources historiques datées conservées ; recroisements du 10 octobre détaillés dans le journal, sans antidater les consultations.",QCM ; 3 choix ; modèle historique conservé,34fdb6a61a8a4f31bcec232534f3f9762972d919a86ac38a18e639d74da53632
n2-add-remontee-001,11,Désaturation,P369,CONSERVEE,Conservée après nouvelle lecture : Confusion compensation vitesse/palier : ralentir le trajet ne remplace pas les arrêts prescrits. La distinction interrogée reste utile au même objectif.,Un profil calculé prévoit une limite de vitesse et des paliers obligatoires. Quelle conduite conserve les conditions de ce calcul pendant une remontée normale ?,Respecter la limite de vitesse et les obligations de paliers,2,Ralentir davantage entre les niveaux pour raccourcir les paliers indiqués,Confusion compensation vitesse/palier : ralentir le trajet ne remplace pas les arrêts prescrits.,"Voir la distinction détaillée dans la colonne attrait, reprise et relue lors de cette passe.",DESATURATION_N2_DISTRACTEURS_2026-10-09.csv,"Recto autonome, clé unique, alternatives et corrigé relus ; pas de quota de corrections.",2026-10-10,"Sources historiques datées conservées ; recroisements du 10 octobre détaillés dans le journal, sans antidater les consultations.",QCM ; 3 choix ; modèle historique conservé,34fdb6a61a8a4f31bcec232534f3f9762972d919a86ac38a18e639d74da53632
n2-add-effort-surface-001,11,Désaturation,P370,CONSERVEE,Conservée après nouvelle lecture : Confusion consommation/pression partielle : respirer davantage à la surface ne reproduit pas la charge due à une exposition profonde. La distinction interrogée reste utile au même objectif.,Pourquoi un effort intense juste après une plongée ne doit-il pas être utilisé pour accélérer la désaturation ?,Il peut accroître le risque lié aux bulles pendant l’élimination du gaz inerte,1,Il augmente la charge d’azote par la hausse du volume d’air respiré en surface,Confusion consommation/pression partielle : respirer davantage à la surface ne reproduit pas la charge due à une exposition profonde.,"Voir la distinction détaillée dans la colonne attrait, reprise et relue lors de cette passe.",DESATURATION_N2_DISTRACTEURS_2026-10-09.csv,"Recto autonome, clé unique, alternatives et corrigé relus ; pas de quota de corrections.",2026-10-10,"Sources historiques datées conservées ; recroisements du 10 octobre détaillés dans le journal, sans antidater les consultations.",QCM ; 3 choix ; modèle historique conservé,86341af5e2bca2fbde1b5656b41d886e183309c8943285834f84a301856d2140
n2-add-effort-surface-001,11,Désaturation,P370,CONSERVEE,Conservée après nouvelle lecture : Confusion modification des échanges/arrêt des échanges : effort et perfusion n’interrompent pas toute diffusion du gaz. La distinction interrogée reste utile au même objectif.,Pourquoi un effort intense juste après une plongée ne doit-il pas être utilisé pour accélérer la désaturation ?,Il peut accroître le risque lié aux bulles pendant l’élimination du gaz inerte,2,Il bloque la diffusion d’azote entre les tissus et le sang pendant l’effort,Confusion modification des échanges/arrêt des échanges : effort et perfusion n’interrompent pas toute diffusion du gaz.,"Voir la distinction détaillée dans la colonne attrait, reprise et relue lors de cette passe.",DESATURATION_N2_DISTRACTEURS_2026-10-09.csv,"Recto autonome, clé unique, alternatives et corrigé relus ; pas de quota de corrections.",2026-10-10,"Sources historiques datées conservées ; recroisements du 10 octobre détaillés dans le journal, sans antidater les consultations.",QCM ; 3 choix ; modèle historique conservé,86341af5e2bca2fbde1b5656b41d886e183309c8943285834f84a301856d2140
n2-add-apnee-001,11,Désaturation,P371,CONSERVEE,Conservée après nouvelle lecture : Confusion compression/élimination : comprimer d’éventuelles bulles n’élimine pas le gaz inerte. La distinction interrogée reste utile au même objectif.,"Après une plongée bouteille, pourquoi une séance d’apnée profonde peut-elle ajouter un risque de désaturation ?",La charge résiduelle se combine à de nouvelles variations de pression,1,La redescente comprime les bulles et élimine la charge résiduelle,Confusion compression/élimination : comprimer d’éventuelles bulles n’élimine pas le gaz inerte.,"Voir la distinction détaillée dans la colonne attrait, reprise et relue lors de cette passe.",DESATURATION_N2_DISTRACTEURS_2026-10-09.csv,"Recto autonome, clé unique, alternatives et corrigé relus ; pas de quota de corrections.",2026-10-10,"Sources historiques datées conservées ; recroisements du 10 octobre détaillés dans le journal, sans antidater les consultations.",QCM ; 3 choix ; modèle historique conservé,accbd6342006a6023a43b87149350118a31848c1419fbac83531ba94babc4890
n2-add-apnee-001,11,Désaturation,P371,CONSERVEE,Conservée après nouvelle lecture : Confusion ventilation/échanges tissulaires : l’apnée n’arrête pas toute circulation ni tout échange entre sang et tissus. La distinction interrogée reste utile au même objectif.,"Après une plongée bouteille, pourquoi une séance d’apnée profonde peut-elle ajouter un risque de désaturation ?",La charge résiduelle se combine à de nouvelles variations de pression,2,L’arrêt de la respiration empêche les échanges du gaz résiduel dans les tissus,Confusion ventilation/échanges tissulaires : l’apnée n’arrête pas toute circulation ni tout échange entre sang et tissus.,"Voir la distinction détaillée dans la colonne attrait, reprise et relue lors de cette passe.",DESATURATION_N2_DISTRACTEURS_2026-10-09.csv,"Recto autonome, clé unique, alternatives et corrigé relus ; pas de quota de corrections.",2026-10-10,"Sources historiques datées conservées ; recroisements du 10 octobre détaillés dans le journal, sans antidater les consultations.",QCM ; 3 choix ; modèle historique conservé,accbd6342006a6023a43b87149350118a31848c1419fbac83531ba94babc4890
n2-add-yoyo-001,11,Désaturation,P374,CONSERVEE,Conservée après nouvelle lecture : Confusion profondeur max/profil : le maximum ne renseigne pas l’ordre des variations. La distinction interrogée reste utile au même objectif.,"Deux plongées ont la même durée et la même profondeur maximale, mais l’une comporte plusieurs remontées et redescendes. Quelle donnée supplémentaire décrit les échanges de gaz liés à ces oscillations ?",L’ordre des profondeurs successives et le temps passé à chacune,1,"La profondeur maximale, appliquée à chaque phase du trajet",Confusion profondeur max/profil : le maximum ne renseigne pas l’ordre des variations.,"Voir la distinction détaillée dans la colonne attrait, reprise et relue lors de cette passe.",DESATURATION_N2_DISTRACTEURS_2026-10-09.csv,"Recto autonome, clé unique, alternatives et corrigé relus ; pas de quota de corrections.",2026-10-10,"Sources historiques datées conservées ; recroisements du 10 octobre détaillés dans le journal, sans antidater les consultations.",QCM ; 3 choix ; modèle historique conservé,b061a5988f4a3f0872e24d31237d7c56d7d572e2b82007cf86a069b08f946c1d
n2-add-yoyo-001,11,Désaturation,P374,CONSERVEE,Conservée après nouvelle lecture : Confusion nombre cycles/dose : le nombre seul ne décrit ni durée ni profondeur de chaque phase. La distinction interrogée reste utile au même objectif.,"Deux plongées ont la même durée et la même profondeur maximale, mais l’une comporte plusieurs remontées et redescendes. Quelle donnée supplémentaire décrit les échanges de gaz liés à ces oscillations ?",L’ordre des profondeurs successives et le temps passé à chacune,2,"Le nombre de cycles, appliqué indépendamment de leur profondeur",Confusion nombre cycles/dose : le nombre seul ne décrit ni durée ni profondeur de chaque phase.,"Voir la distinction détaillée dans la colonne attrait, reprise et relue lors de cette passe.",DESATURATION_N2_DISTRACTEURS_2026-10-09.csv,"Recto autonome, clé unique, alternatives et corrigé relus ; pas de quota de corrections.",2026-10-10,"Sources historiques datées conservées ; recroisements du 10 octobre détaillés dans le journal, sans antidater les consultations.",QCM ; 3 choix ; modèle historique conservé,b061a5988f4a3f0872e24d31237d7c56d7d572e2b82007cf86a069b08f946c1d
n2-add-avion-001,11,Désaturation,P376,CONSERVEE,Conservée après nouvelle lecture : Confusion avec le minimum DAN après une seule plongée sans palier : 12 h au lieu de 18 h pour plusieurs plongées. La distinction interrogée reste utile au même objectif.,Un plongeur sans symptôme a fait plusieurs plongées sans palier dans la journée. Quel intervalle minimal de surface recommande DAN avant un vol dont la pression en cabine correspond à une altitude de 610 à 2 438 m ?,Au moins 18 h,1,Au moins 12 h,Confusion avec le minimum DAN après une seule plongée sans palier : 12 h au lieu de 18 h pour plusieurs plongées.,"Voir la distinction détaillée dans la colonne attrait, reprise et relue lors de cette passe.",DESATURATION_N2_DISTRACTEURS_2026-10-09.csv,"Recto autonome, clé unique, alternatives et corrigé relus ; pas de quota de corrections.",2026-10-10,"Sources historiques datées conservées ; recroisements du 10 octobre détaillés dans le journal, sans antidater les consultations.",QCM ; 3 choix ; modèle historique conservé,17c43cbd8319a3ecbae50a61e4a5bdf62102c6dbd384679618265a157c315de0
n2-add-avion-001,11,Désaturation,P376,CONSERVEE,Conservée après nouvelle lecture : Confusion délai conservateur/minimum recommandé : 24 h est plus long mais ne répond pas au minimum demandé. La distinction interrogée reste utile au même objectif.,Un plongeur sans symptôme a fait plusieurs plongées sans palier dans la journée. Quel intervalle minimal de surface recommande DAN avant un vol dont la pression en cabine correspond à une altitude de 610 à 2 438 m ?,Au moins 18 h,2,Au moins 24 h,Confusion délai conservateur/minimum recommandé : 24 h est plus long mais ne répond pas au minimum demandé.,"Voir la distinction détaillée dans la colonne attrait, reprise et relue lors de cette passe.",DESATURATION_N2_DISTRACTEURS_2026-10-09.csv,"Recto autonome, clé unique, alternatives et corrigé relus ; pas de quota de corrections.",2026-10-10,"Sources historiques datées conservées ; recroisements du 10 octobre détaillés dans le journal, sans antidater les consultations.",QCM ; 3 choix ; modèle historique conservé,17c43cbd8319a3ecbae50a61e4a5bdf62102c6dbd384679618265a157c315de0
n2-add-articulation-001,11,Désaturation,P377,CONSERVEE,Conservée après nouvelle lecture : Confusion amélioration/diagnostic : disparition ou persistance après repos ne décide pas à elle seule de la cause. La distinction interrogée reste utile au même objectif.,Une douleur profonde inhabituelle à l’épaule apparaît après plongée et portage du bloc. Comment articuler cette explication par l’effort et la demande d’évaluation ?,Signaler la douleur et la plongée récente sans attendre de confirmer une cause musculaire,1,Faire reposer l’épaule puis demander une évaluation si la douleur persiste,Confusion amélioration/diagnostic : disparition ou persistance après repos ne décide pas à elle seule de la cause.,"Voir la distinction détaillée dans la colonne attrait, reprise et relue lors de cette passe.",DESATURATION_N2_DISTRACTEURS_2026-10-09.csv,"Recto autonome, clé unique, alternatives et corrigé relus ; pas de quota de corrections.",2026-10-10,"Sources historiques datées conservées ; recroisements du 10 octobre détaillés dans le journal, sans antidater les consultations.",QCM ; 3 choix ; modèle historique conservé,e5199eb4634cdc8cc0e5403b204321790de24cfd90bb441220fcf337b22bedf6
n2-add-articulation-001,11,Désaturation,P377,CONSERVEE,Conservée après nouvelle lecture : Confusion réponse au mouvement/diagnostic : tester la douleur ne permet pas d’écarter un ADD avant l’alerte. La distinction interrogée reste utile au même objectif.,Une douleur profonde inhabituelle à l’épaule apparaît après plongée et portage du bloc. Comment articuler cette explication par l’effort et la demande d’évaluation ?,Signaler la douleur et la plongée récente sans attendre de confirmer une cause musculaire,2,Tester les mouvements de l’épaule puis demander une évaluation si la douleur ne change pas,Confusion réponse au mouvement/diagnostic : tester la douleur ne permet pas d’écarter un ADD avant l’alerte.,"Voir la distinction détaillée dans la colonne attrait, reprise et relue lors de cette passe.",DESATURATION_N2_DISTRACTEURS_2026-10-09.csv,"Recto autonome, clé unique, alternatives et corrigé relus ; pas de quota de corrections.",2026-10-10,"Sources historiques datées conservées ; recroisements du 10 octobre détaillés dans le journal, sans antidater les consultations.",QCM ; 3 choix ; modèle historique conservé,e5199eb4634cdc8cc0e5403b204321790de24cfd90bb441220fcf337b22bedf6
n2-tables-profil-carre-001,12,Désaturation,P381,CONSERVEE,Conservée après nouvelle lecture : Confusion maximum/moyenne : le profil carré MN90 utilise le maximum. La distinction interrogée reste utile au même objectif.,"Dans la lecture classique des MN90, pourquoi retient-on la profondeur maximale plutôt que la profondeur moyenne ?",La table attribue toute la durée retenue à la profondeur maximale,1,La table attribue la durée à la moyenne des profondeurs extrêmes,Confusion maximum/moyenne : le profil carré MN90 utilise le maximum.,"Voir la distinction détaillée dans la colonne attrait, reprise et relue lors de cette passe.",DESATURATION_N2_DISTRACTEURS_2026-10-09.csv,"Recto autonome, clé unique, alternatives et corrigé relus ; pas de quota de corrections.",2026-10-10,"Sources historiques datées conservées ; recroisements du 10 octobre détaillés dans le journal, sans antidater les consultations.",QCM ; 3 choix ; modèle historique conservé,875f3f3019d6b2a4c3e755bf44ca957151e7b795b7903e51117c5132d77b56e9
n2-tables-profil-carre-001,12,Désaturation,P381,CONSERVEE,Conservée après nouvelle lecture : Confusion durée de table/durée au fond : la descente est incluse dans la durée retenue. La distinction interrogée reste utile au même objectif.,"Dans la lecture classique des MN90, pourquoi retient-on la profondeur maximale plutôt que la profondeur moyenne ?",La table attribue toute la durée retenue à la profondeur maximale,2,La table attribue seulement le séjour au fond à la profondeur maximale,Confusion durée de table/durée au fond : la descente est incluse dans la durée retenue.,"Voir la distinction détaillée dans la colonne attrait, reprise et relue lors de cette passe.",DESATURATION_N2_DISTRACTEURS_2026-10-09.csv,"Recto autonome, clé unique, alternatives et corrigé relus ; pas de quota de corrections.",2026-10-10,"Sources historiques datées conservées ; recroisements du 10 octobre détaillés dans le journal, sans antidater les consultations.",QCM ; 3 choix ; modèle historique conservé,875f3f3019d6b2a4c3e755bf44ca957151e7b795b7903e51117c5132d77b56e9
n2-tables-duree-001,12,Désaturation,P384,CONSERVEE,Conservée après nouvelle lecture : Exclure la descente en comptant depuis l’arrivée au fond. La distinction interrogée reste utile au même objectif.,"Dans une plongée simple MN90 à remontée normale, entre quels instants compte-t-on la durée utilisée pour entrer dans la table ?",Du départ de la surface au début de la remontée,1,De l’arrivée au fond au début de la remontée,Exclure la descente en comptant depuis l’arrivée au fond.,"Voir la distinction détaillée dans la colonne attrait, reprise et relue lors de cette passe.",DESATURATION_N2_DISTRACTEURS_2026-10-09.csv,"Recto autonome, clé unique, alternatives et corrigé relus ; pas de quota de corrections.",2026-10-10,"Sources historiques datées conservées ; recroisements du 10 octobre détaillés dans le journal, sans antidater les consultations.",QCM ; 3 choix ; modèle historique conservé,fdc4c9b505b55cf61bcded37332658087540fedbbbc2579312f614f671e7e417
n2-tables-duree-001,12,Désaturation,P384,CONSERVEE,Conservée après nouvelle lecture : Confondre durée d’entrée avec durée totale d’immersion incluant les paliers. La distinction interrogée reste utile au même objectif.,"Dans une plongée simple MN90 à remontée normale, entre quels instants compte-t-on la durée utilisée pour entrer dans la table ?",Du départ de la surface au début de la remontée,2,Du départ de la surface à la fin du dernier palier,Confondre durée d’entrée avec durée totale d’immersion incluant les paliers.,"Voir la distinction détaillée dans la colonne attrait, reprise et relue lors de cette passe.",DESATURATION_N2_DISTRACTEURS_2026-10-09.csv,"Recto autonome, clé unique, alternatives et corrigé relus ; pas de quota de corrections.",2026-10-10,"Sources historiques datées conservées ; recroisements du 10 octobre détaillés dans le journal, sans antidater les consultations.",QCM ; 3 choix ; modèle historique conservé,fdc4c9b505b55cf61bcded37332658087540fedbbbc2579312f614f671e7e417
n2-tables-arrondis-001,12,Désaturation,P386,CONSERVEE,Conservée après nouvelle lecture : Arrondir la durée vers le bas : 31 min 10 s dépasse 30 min. La distinction interrogée reste utile au même objectif.,"Exercice MN90 : la profondeur maximale est 19 m et la durée avant remontée 31 min 10 s. La table comporte 18 et 20 m, puis 30 et 35 min à 20 m. Quelle ligne retenir ?",20 m et 35 min,1,20 m et 30 min,Arrondir la durée vers le bas : 31 min 10 s dépasse 30 min.,"Voir la distinction détaillée dans la colonne attrait, reprise et relue lors de cette passe.",DESATURATION_N2_DISTRACTEURS_2026-10-09.csv,"Recto autonome, clé unique, alternatives et corrigé relus ; pas de quota de corrections.",2026-10-10,"Sources historiques datées conservées ; recroisements du 10 octobre détaillés dans le journal, sans antidater les consultations.",QCM ; 3 choix ; modèle historique conservé,1a00e2d07e2bde20ae5cf1b16d04928ec30edf5026e179a576bc6c34c31134e8
n2-tables-arrondis-001,12,Désaturation,P386,CONSERVEE,Conservée après nouvelle lecture : Arrondir la profondeur vers le bas : 19 m dépasse 18 m. La distinction interrogée reste utile au même objectif.,"Exercice MN90 : la profondeur maximale est 19 m et la durée avant remontée 31 min 10 s. La table comporte 18 et 20 m, puis 30 et 35 min à 20 m. Quelle ligne retenir ?",20 m et 35 min,2,18 m et 35 min,Arrondir la profondeur vers le bas : 19 m dépasse 18 m.,"Voir la distinction détaillée dans la colonne attrait, reprise et relue lors de cette passe.",DESATURATION_N2_DISTRACTEURS_2026-10-09.csv,"Recto autonome, clé unique, alternatives et corrigé relus ; pas de quota de corrections.",2026-10-10,"Sources historiques datées conservées ; recroisements du 10 octobre détaillés dans le journal, sans antidater les consultations.",QCM ; 3 choix ; modèle historique conservé,1a00e2d07e2bde20ae5cf1b16d04928ec30edf5026e179a576bc6c34c31134e8
n2-tables-domaine-001,12,Désaturation,P388,CONSERVEE,Conservée après nouvelle lecture : Confusion domaine d’emploi/effort intense : les MN90 visent l’effort modéré. La distinction interrogée reste utile au même objectif.,Pour quelles conditions de gaz et d’effort les tables MN90 ont-elles été établies ?,Air et effort physique modéré,1,Air et effort physique intense,Confusion domaine d’emploi/effort intense : les MN90 visent l’effort modéré.,"Voir la distinction détaillée dans la colonne attrait, reprise et relue lors de cette passe.",DESATURATION_N2_DISTRACTEURS_2026-10-09.csv,"Recto autonome, clé unique, alternatives et corrigé relus ; pas de quota de corrections.",2026-10-10,"Sources historiques datées conservées ; recroisements du 10 octobre détaillés dans le journal, sans antidater les consultations.",QCM ; 3 choix ; modèle historique conservé,d690e9be007f3c802ece65a4a3d6a1912ac8829b26709b3ae4475cbd97d32baa
n2-tables-domaine-001,12,Désaturation,P388,CONSERVEE,Conservée après nouvelle lecture : Confusion table air/table nitrox : la présence de plus d’oxygène n’autorise pas directement cet emploi. La distinction interrogée reste utile au même objectif.,Pour quelles conditions de gaz et d’effort les tables MN90 ont-elles été établies ?,Air et effort physique modéré,2,Nitrox et effort physique modéré,Confusion table air/table nitrox : la présence de plus d’oxygène n’autorise pas directement cet emploi.,"Voir la distinction détaillée dans la colonne attrait, reprise et relue lors de cette passe.",DESATURATION_N2_DISTRACTEURS_2026-10-09.csv,"Recto autonome, clé unique, alternatives et corrigé relus ; pas de quota de corrections.",2026-10-10,"Sources historiques datées conservées ; recroisements du 10 octobre détaillés dans le journal, sans antidater les consultations.",QCM ; 3 choix ; modèle historique conservé,d690e9be007f3c802ece65a4a3d6a1912ac8829b26709b3ae4475cbd97d32baa
n2-tables-deux-plongees-001,12,Désaturation,P375,CONSERVEE,Conservée après nouvelle lecture : Confusion règle de table/règle nationale : ce nombre n’est pas un plafond réglementaire général de plongée adulte. La distinction interrogée reste utile au même objectif.,À quel champ d’application se rattache la limite de deux plongées par 24 heures étudiée avec les MN90 ?,Au domaine d’emploi des tables MN90,1,Au nombre réglementaire de plongées à l’air en établissement,Confusion règle de table/règle nationale : ce nombre n’est pas un plafond réglementaire général de plongée adulte.,"Voir la distinction détaillée dans la colonne attrait, reprise et relue lors de cette passe.",DESATURATION_N2_DISTRACTEURS_2026-10-09.csv,"Recto autonome, clé unique, alternatives et corrigé relus ; pas de quota de corrections.",2026-10-10,"Sources historiques datées conservées ; recroisements du 10 octobre détaillés dans le journal, sans antidater les consultations.",QCM ; 3 choix ; modèle historique conservé,9d2fd1b548a48073c4496cc976646624282415ece5a1c077c22e86f629655e6d
n2-tables-deux-plongees-001,12,Désaturation,P375,CONSERVEE,"Conservée après nouvelle lecture : Confusion MN90/algorithmes : les limites d’un appareil sont celles de son manuel et du projet, pas une reprise automatique. La distinction interrogée reste utile au même objectif.",À quel champ d’application se rattache la limite de deux plongées par 24 heures étudiée avec les MN90 ?,Au domaine d’emploi des tables MN90,2,Au domaine d’emploi commun des ordinateurs à gaz dissous,"Confusion MN90/algorithmes : les limites d’un appareil sont celles de son manuel et du projet, pas une reprise automatique.","Voir la distinction détaillée dans la colonne attrait, reprise et relue lors de cette passe.",DESATURATION_N2_DISTRACTEURS_2026-10-09.csv,"Recto autonome, clé unique, alternatives et corrigé relus ; pas de quota de corrections.",2026-10-10,"Sources historiques datées conservées ; recroisements du 10 octobre détaillés dans le journal, sans antidater les consultations.",QCM ; 3 choix ; modèle historique conservé,9d2fd1b548a48073c4496cc976646624282415ece5a1c077c22e86f629655e6d
n2-tables-sans-palier-001,12,Désaturation,P390,CONSERVEE,Conservée après nouvelle lecture : Confusion vitesse du trajet final/vitesse du fond : les 6 m/min entre paliers ne remplacent pas la remontée normale depuis le fond. La distinction interrogée reste utile au même objectif.,"Une plongée simple à 20 m est lue sur une ligne MN90 ne donnant aucun palier. Quelle remontée normale correspond à cette lecture, sans arrêt facultatif ajouté ?",Remonter vers la surface à la vitesse MN90 de 15 à 17 m/min,1,"Remonter vers la surface à 6 m/min, comme entre deux paliers",Confusion vitesse du trajet final/vitesse du fond : les 6 m/min entre paliers ne remplacent pas la remontée normale depuis le fond.,"Voir la distinction détaillée dans la colonne attrait, reprise et relue lors de cette passe.",DESATURATION_N2_DISTRACTEURS_2026-10-09.csv,"Recto autonome, clé unique, alternatives et corrigé relus ; pas de quota de corrections.",2026-10-10,"Sources historiques datées conservées ; recroisements du 10 octobre détaillés dans le journal, sans antidater les consultations.",QCM ; 3 choix ; modèle historique conservé,8292c5fcfc6847ba1641ce37ca56d24493bef46c33f9a08c87d40c5fe489d838
n2-tables-sans-palier-001,12,Désaturation,P390,CONSERVEE,Conservée après nouvelle lecture : Confusion confort/obligation : un arrêt facultatif de 3 min n’est pas un palier obligatoire absent de la ligne. La distinction interrogée reste utile au même objectif.,"Une plongée simple à 20 m est lue sur une ligne MN90 ne donnant aucun palier. Quelle remontée normale correspond à cette lecture, sans arrêt facultatif ajouté ?",Remonter vers la surface à la vitesse MN90 de 15 à 17 m/min,2,"Remonter jusqu’à 3 m à 15 à 17 m/min, puis y rester 3 min",Confusion confort/obligation : un arrêt facultatif de 3 min n’est pas un palier obligatoire absent de la ligne.,"Voir la distinction détaillée dans la colonne attrait, reprise et relue lors de cette passe.",DESATURATION_N2_DISTRACTEURS_2026-10-09.csv,"Recto autonome, clé unique, alternatives et corrigé relus ; pas de quota de corrections.",2026-10-10,"Sources historiques datées conservées ; recroisements du 10 octobre détaillés dans le journal, sans antidater les consultations.",QCM ; 3 choix ; modèle historique conservé,8292c5fcfc6847ba1641ce37ca56d24493bef46c33f9a08c87d40c5fe489d838
n2-tables-dtr-001,12,Désaturation,P394,CONSERVEE,Conservée après nouvelle lecture : Confusion DTR/trajet jusqu’au premier arrêt : il faut aussi les transitions et l’accès à la surface. La distinction interrogée reste utile au même objectif.,"Que comprend la durée totale de remontée, ou DTR, d’un exercice de tables MN90 ?","Trajet du fond au premier palier, arrêts et trajets jusqu’à la surface",1,Trajet du fond au premier palier et somme des durées d’arrêt,Confusion DTR/trajet jusqu’au premier arrêt : il faut aussi les transitions et l’accès à la surface.,"Voir la distinction détaillée dans la colonne attrait, reprise et relue lors de cette passe.",DESATURATION_N2_DISTRACTEURS_2026-10-09.csv,"Recto autonome, clé unique, alternatives et corrigé relus ; pas de quota de corrections.",2026-10-10,"Sources historiques datées conservées ; recroisements du 10 octobre détaillés dans le journal, sans antidater les consultations.",QCM ; 3 choix ; modèle historique conservé,8d31596b9d21c05f959c17d6e46ae7ba85c6830f76128bf667cb0dbd06eeda29
n2-tables-dtr-001,12,Désaturation,P394,CONSERVEE,Conservée après nouvelle lecture : Confusion DTR/somme des durées d’arrêt : les déplacements ont une durée propre. La distinction interrogée reste utile au même objectif.,"Que comprend la durée totale de remontée, ou DTR, d’un exercice de tables MN90 ?","Trajet du fond au premier palier, arrêts et trajets jusqu’à la surface",2,Somme des durées d’arrêt aux différentes profondeurs de palier,Confusion DTR/somme des durées d’arrêt : les déplacements ont une durée propre.,"Voir la distinction détaillée dans la colonne attrait, reprise et relue lors de cette passe.",DESATURATION_N2_DISTRACTEURS_2026-10-09.csv,"Recto autonome, clé unique, alternatives et corrigé relus ; pas de quota de corrections.",2026-10-10,"Sources historiques datées conservées ; recroisements du 10 octobre détaillés dans le journal, sans antidater les consultations.",QCM ; 3 choix ; modèle historique conservé,8d31596b9d21c05f959c17d6e46ae7ba85c6830f76128bf667cb0dbd06eeda29
n2-tables-gps-001,12,Désaturation,P395,CONSERVEE,Conservée après nouvelle lecture : Confusion GPS/majoration : la lettre ne donne pas le temps fictif sans intervalle ni profondeur de la suivante. La distinction interrogée reste utile au même objectif.,"À la sortie d’une plongée MN90, comment utilise-t-on la lettre du groupe de plongée successive (GPS) pour préparer la suivante ?","Avec l’intervalle de surface, lire l’azote résiduel avant de déterminer la majoration",1,La convertir en majoration à ajouter à la durée réelle de la suivante,Confusion GPS/majoration : la lettre ne donne pas le temps fictif sans intervalle ni profondeur de la suivante.,"Voir la distinction détaillée dans la colonne attrait, reprise et relue lors de cette passe.",DESATURATION_N2_DISTRACTEURS_2026-10-09.csv,"Recto autonome, clé unique, alternatives et corrigé relus ; pas de quota de corrections.",2026-10-10,"Sources historiques datées conservées ; recroisements du 10 octobre détaillés dans le journal, sans antidater les consultations.",QCM ; 3 choix ; modèle historique conservé,6291047be0489b0ec934313839f6a2fb0270c2f32ff49612823c6b3b5ce07312
n2-tables-gps-001,12,Désaturation,P395,CONSERVEE,Conservée après nouvelle lecture : Confusion GPS/intervalle minimal : la lettre ne fixe pas un délai suffisant pour repartir sans prise en compte résiduelle. La distinction interrogée reste utile au même objectif.,"À la sortie d’une plongée MN90, comment utilise-t-on la lettre du groupe de plongée successive (GPS) pour préparer la suivante ?","Avec l’intervalle de surface, lire l’azote résiduel avant de déterminer la majoration",2,La convertir en intervalle minimal permettant de traiter la suivante comme isolée,Confusion GPS/intervalle minimal : la lettre ne fixe pas un délai suffisant pour repartir sans prise en compte résiduelle.,"Voir la distinction détaillée dans la colonne attrait, reprise et relue lors de cette passe.",DESATURATION_N2_DISTRACTEURS_2026-10-09.csv,"Recto autonome, clé unique, alternatives et corrigé relus ; pas de quota de corrections.",2026-10-10,"Sources historiques datées conservées ; recroisements du 10 octobre détaillés dans le journal, sans antidater les consultations.",QCM ; 3 choix ; modèle historique conservé,6291047be0489b0ec934313839f6a2fb0270c2f32ff49612823c6b3b5ce07312
n2-tables-vitesses-001,12,Désaturation,P396,CONSERVEE,Conservée après nouvelle lecture : Inverser vitesse depuis le fond et vitesse entre paliers. La distinction interrogée reste utile au même objectif.,"Dans les MN90 au niveau de la mer, quelles vitesses distingue-t-on pour remonter du fond puis entre les paliers ?","15 à 17 m/min jusqu’au premier palier, puis 6 m/min",1,"6 m/min jusqu’au premier palier, puis 15 à 17 m/min",Inverser vitesse depuis le fond et vitesse entre paliers.,"Voir la distinction détaillée dans la colonne attrait, reprise et relue lors de cette passe.",DESATURATION_N2_DISTRACTEURS_2026-10-09.csv,"Recto autonome, clé unique, alternatives et corrigé relus ; pas de quota de corrections.",2026-10-10,"Sources historiques datées conservées ; recroisements du 10 octobre détaillés dans le journal, sans antidater les consultations.",QCM ; 3 choix ; modèle historique conservé,7f619f97e53afc57d11685257c0ad266962c63d3794cb3adc7dfad55c5574da9
n2-tables-vitesses-001,12,Désaturation,P396,CONSERVEE,Conservée après nouvelle lecture : Employer la vitesse depuis le fond aussi entre les paliers. La distinction interrogée reste utile au même objectif.,"Dans les MN90 au niveau de la mer, quelles vitesses distingue-t-on pour remonter du fond puis entre les paliers ?","15 à 17 m/min jusqu’au premier palier, puis 6 m/min",2,15 à 17 m/min jusqu’au premier palier et entre les paliers,Employer la vitesse depuis le fond aussi entre les paliers.,"Voir la distinction détaillée dans la colonne attrait, reprise et relue lors de cette passe.",DESATURATION_N2_DISTRACTEURS_2026-10-09.csv,"Recto autonome, clé unique, alternatives et corrigé relus ; pas de quota de corrections.",2026-10-10,"Sources historiques datées conservées ; recroisements du 10 octobre détaillés dans le journal, sans antidater les consultations.",QCM ; 3 choix ; modèle historique conservé,7f619f97e53afc57d11685257c0ad266962c63d3794cb3adc7dfad55c5574da9
n2-tables-ordinateur-001,12,Désaturation,P398,CONSERVEE,Conservée après nouvelle lecture : Confusion standard national/méthode : la vitesse MN90 n’est pas un réglage commun à tous les algorithmes. La distinction interrogée reste utile au même objectif.,Pourquoi la vitesse MN90 de 15 à 17 m/min ne définit-elle pas automatiquement la limite à suivre pour une plongée conduite à l’ordinateur ?,La limite de vitesse fait partie des conditions du modèle utilisé pendant cette plongée,1,La vitesse MN90 sert de référence commune aux calculs de toutes les méthodes,Confusion standard national/méthode : la vitesse MN90 n’est pas un réglage commun à tous les algorithmes.,"Voir la distinction détaillée dans la colonne attrait, reprise et relue lors de cette passe.",DESATURATION_N2_DISTRACTEURS_2026-10-09.csv,"Recto autonome, clé unique, alternatives et corrigé relus ; pas de quota de corrections.",2026-10-10,"Sources historiques datées conservées ; recroisements du 10 octobre détaillés dans le journal, sans antidater les consultations.",QCM ; 3 choix ; modèle historique conservé,4d10c207514a8bf6bd3bd3717a5195bda22c187bcf0dd1e5f296e06cc7f8ecec
n2-tables-ordinateur-001,12,Désaturation,P398,CONSERVEE,Conservée après nouvelle lecture : Confusion compensation durée/vitesse : respecter la même somme d’arrêts ne permet pas de changer la limite du modèle. La distinction interrogée reste utile au même objectif.,Pourquoi la vitesse MN90 de 15 à 17 m/min ne définit-elle pas automatiquement la limite à suivre pour une plongée conduite à l’ordinateur ?,La limite de vitesse fait partie des conditions du modèle utilisé pendant cette plongée,2,La vitesse utilisée peut être changée en conservant le temps total des paliers,Confusion compensation durée/vitesse : respecter la même somme d’arrêts ne permet pas de changer la limite du modèle.,"Voir la distinction détaillée dans la colonne attrait, reprise et relue lors de cette passe.",DESATURATION_N2_DISTRACTEURS_2026-10-09.csv,"Recto autonome, clé unique, alternatives et corrigé relus ; pas de quota de corrections.",2026-10-10,"Sources historiques datées conservées ; recroisements du 10 octobre détaillés dans le journal, sans antidater les consultations.",QCM ; 3 choix ; modèle historique conservé,4d10c207514a8bf6bd3bd3717a5195bda22c187bcf0dd1e5f296e06cc7f8ecec
n2-tables-intervalles-001,12,Désaturation,P399,CONSERVEE,Conservée après nouvelle lecture : Inclure les deux bornes dans les catégories précédentes. La distinction interrogée reste utile au même objectif.,"Dans les exercices MN90, à quelles catégories appartiennent deux plongées séparées par exactement 15 min de surface, puis par exactement 12 h ?",15 min : successive ; 12 h : isolée,1,15 min : consécutive ; 12 h : successive,Inclure les deux bornes dans les catégories précédentes.,"Voir la distinction détaillée dans la colonne attrait, reprise et relue lors de cette passe.",DESATURATION_N2_DISTRACTEURS_2026-10-09.csv,"Recto autonome, clé unique, alternatives et corrigé relus ; pas de quota de corrections.",2026-10-10,"Sources historiques datées conservées ; recroisements du 10 octobre détaillés dans le journal, sans antidater les consultations.",QCM ; 3 choix ; modèle historique conservé,386b0220ccd06ebb503306fec314c728b6c47a752338bfb3a5a7c1e1d12f9ee8
n2-tables-intervalles-001,12,Désaturation,P399,CONSERVEE,Conservée après nouvelle lecture : Inclure 12 h dans les successives au lieu de commencer les isolées. La distinction interrogée reste utile au même objectif.,"Dans les exercices MN90, à quelles catégories appartiennent deux plongées séparées par exactement 15 min de surface, puis par exactement 12 h ?",15 min : successive ; 12 h : isolée,2,15 min : successive ; 12 h : successive,Inclure 12 h dans les successives au lieu de commencer les isolées.,"Voir la distinction détaillée dans la colonne attrait, reprise et relue lors de cette passe.",DESATURATION_N2_DISTRACTEURS_2026-10-09.csv,"Recto autonome, clé unique, alternatives et corrigé relus ; pas de quota de corrections.",2026-10-10,"Sources historiques datées conservées ; recroisements du 10 octobre détaillés dans le journal, sans antidater les consultations.",QCM ; 3 choix ; modèle historique conservé,386b0220ccd06ebb503306fec314c728b6c47a752338bfb3a5a7c1e1d12f9ee8
n2-tables-majoration-001,12,Désaturation,P405,CONSERVEE,Conservée après nouvelle lecture : Traiter le temps fictif comme temps réellement autorisé au fond. La distinction interrogée reste utile au même objectif.,"Dans une plongée successive MN90, que représente la majoration ajoutée au temps de la deuxième plongée ?",Un temps fictif représentant l’azote résiduel,1,Un temps réel supplémentaire à passer au fond,Traiter le temps fictif comme temps réellement autorisé au fond.,"Voir la distinction détaillée dans la colonne attrait, reprise et relue lors de cette passe.",DESATURATION_N2_DISTRACTEURS_2026-10-09.csv,"Recto autonome, clé unique, alternatives et corrigé relus ; pas de quota de corrections.",2026-10-10,"Sources historiques datées conservées ; recroisements du 10 octobre détaillés dans le journal, sans antidater les consultations.",QCM ; 3 choix ; modèle historique conservé,80081d2742a9ccab378fe46c63fc954c7c975c5fa20d09aa467f3aeac8086dcb
n2-tables-majoration-001,12,Désaturation,P405,CONSERVEE,Conservée après nouvelle lecture : Traiter le temps fictif comme attente à ajouter en surface. La distinction interrogée reste utile au même objectif.,"Dans une plongée successive MN90, que représente la majoration ajoutée au temps de la deuxième plongée ?",Un temps fictif représentant l’azote résiduel,2,Un temps d’attente à ajouter à l’intervalle de surface,Traiter le temps fictif comme attente à ajouter en surface.,"Voir la distinction détaillée dans la colonne attrait, reprise et relue lors de cette passe.",DESATURATION_N2_DISTRACTEURS_2026-10-09.csv,"Recto autonome, clé unique, alternatives et corrigé relus ; pas de quota de corrections.",2026-10-10,"Sources historiques datées conservées ; recroisements du 10 octobre détaillés dans le journal, sans antidater les consultations.",QCM ; 3 choix ; modèle historique conservé,80081d2742a9ccab378fe46c63fc954c7c975c5fa20d09aa467f3aeac8086dcb
n2-tables-temps-fictif-001,12,Désaturation,P406,CONSERVEE,Conservée après nouvelle lecture : Oublier la majoration : 22 min. La distinction interrogée reste utile au même objectif.,"Exercice de successive : majoration 13 min, durée réelle de la deuxième plongée 22 min. Quelle durée sert à lire ses paliers ?",35 min,1,22 min,Oublier la majoration : 22 min.,"Voir la distinction détaillée dans la colonne attrait, reprise et relue lors de cette passe.",DESATURATION_N2_DISTRACTEURS_2026-10-09.csv,"Recto autonome, clé unique, alternatives et corrigé relus ; pas de quota de corrections.",2026-10-10,"Sources historiques datées conservées ; recroisements du 10 octobre détaillés dans le journal, sans antidater les consultations.",QCM ; 3 choix ; modèle historique conservé,666ad076e26719da889a32c7622dbfaef3b9c3925342463e350a23579a75e164
n2-tables-temps-fictif-001,12,Désaturation,P406,CONSERVEE,Conservée après nouvelle lecture : Soustraire la majoration : 22 − 13 = 9 min. La distinction interrogée reste utile au même objectif.,"Exercice de successive : majoration 13 min, durée réelle de la deuxième plongée 22 min. Quelle durée sert à lire ses paliers ?",35 min,2,9 min,Soustraire la majoration : 22 − 13 = 9 min.,"Voir la distinction détaillée dans la colonne attrait, reprise et relue lors de cette passe.",DESATURATION_N2_DISTRACTEURS_2026-10-09.csv,"Recto autonome, clé unique, alternatives et corrigé relus ; pas de quota de corrections.",2026-10-10,"Sources historiques datées conservées ; recroisements du 10 octobre détaillés dans le journal, sans antidater les consultations.",QCM ; 3 choix ; modèle historique conservé,666ad076e26719da889a32c7622dbfaef3b9c3925342463e350a23579a75e164
n2-tables-variables-001,12,Désaturation,P407,CONSERVEE,Conservée après nouvelle lecture : Substituer la durée réelle au délai de désaturation en surface. La distinction interrogée reste utile au même objectif.,Quelles trois données faut-il connaître pour déterminer la majoration MN90 d’une deuxième plongée ?,"GPS initial, intervalle de surface, profondeur de la seconde",1,"GPS initial, durée réelle de la seconde, profondeur de la seconde",Substituer la durée réelle au délai de désaturation en surface.,"Voir la distinction détaillée dans la colonne attrait, reprise et relue lors de cette passe.",DESATURATION_N2_DISTRACTEURS_2026-10-09.csv,"Recto autonome, clé unique, alternatives et corrigé relus ; pas de quota de corrections.",2026-10-10,"Sources historiques datées conservées ; recroisements du 10 octobre détaillés dans le journal, sans antidater les consultations.",QCM ; 3 choix ; modèle historique conservé,4e5073609044cda40a45d5db471477ec39dc639f5b43ca2bb388d286274f8679
n2-tables-variables-001,12,Désaturation,P407,CONSERVEE,Conservée après nouvelle lecture : Substituer profondeur et durée aux données GPS et profondeur de la suivante. La distinction interrogée reste utile au même objectif.,Quelles trois données faut-il connaître pour déterminer la majoration MN90 d’une deuxième plongée ?,"GPS initial, intervalle de surface, profondeur de la seconde",2,"Profondeur de la première, intervalle de surface, durée de la seconde",Substituer profondeur et durée aux données GPS et profondeur de la suivante.,"Voir la distinction détaillée dans la colonne attrait, reprise et relue lors de cette passe.",DESATURATION_N2_DISTRACTEURS_2026-10-09.csv,"Recto autonome, clé unique, alternatives et corrigé relus ; pas de quota de corrections.",2026-10-10,"Sources historiques datées conservées ; recroisements du 10 octobre détaillés dans le journal, sans antidater les consultations.",QCM ; 3 choix ; modèle historique conservé,4e5073609044cda40a45d5db471477ec39dc639f5b43ca2bb388d286274f8679
n2-tables-remontee-lente-001,12,Désaturation,P408,CONSERVEE,Conservée après nouvelle lecture : Ne pas ajouter les 4 min de remontée lente : 20 min. La distinction interrogée reste utile au même objectif.,"Exercice MN90 : 20 min jusqu’au départ du fond, puis 4 min de remontée lente jusqu’au premier palier. Quelle durée retenir avant les arrondis de lecture ?",24 min,1,20 min,Ne pas ajouter les 4 min de remontée lente : 20 min.,"Voir la distinction détaillée dans la colonne attrait, reprise et relue lors de cette passe.",DESATURATION_N2_DISTRACTEURS_2026-10-09.csv,"Recto autonome, clé unique, alternatives et corrigé relus ; pas de quota de corrections.",2026-10-10,"Sources historiques datées conservées ; recroisements du 10 octobre détaillés dans le journal, sans antidater les consultations.",QCM ; 3 choix ; modèle historique conservé,ac62ffb83d8bb703f8d1bd761776d27e435de9646ad08ce2ac7a44cc13f3d257
n2-tables-remontee-lente-001,12,Désaturation,P408,CONSERVEE,Conservée après nouvelle lecture : Soustraire les 4 min : 20 − 4 = 16 min. La distinction interrogée reste utile au même objectif.,"Exercice MN90 : 20 min jusqu’au départ du fond, puis 4 min de remontée lente jusqu’au premier palier. Quelle durée retenir avant les arrondis de lecture ?",24 min,2,16 min,Soustraire les 4 min : 20 − 4 = 16 min.,"Voir la distinction détaillée dans la colonne attrait, reprise et relue lors de cette passe.",DESATURATION_N2_DISTRACTEURS_2026-10-09.csv,"Recto autonome, clé unique, alternatives et corrigé relus ; pas de quota de corrections.",2026-10-10,"Sources historiques datées conservées ; recroisements du 10 octobre détaillés dans le journal, sans antidater les consultations.",QCM ; 3 choix ; modèle historique conservé,ac62ffb83d8bb703f8d1bd761776d27e435de9646ad08ce2ac7a44cc13f3d257
n2-tables-courbe-001,12,Désaturation,P412,CONSERVEE,Conservée après nouvelle lecture : Lire la ligne 40 min malgré 41 min de durée. La distinction interrogée reste utile au même objectif.,Extrait MN90 à 20 m : 40 min sans palier ; 45 min avec 1 min à 3 m. Une plongée simple dure 41 min avant une remontée normale. Faut-il lire une ligne avec palier ?,Oui : lire 45 min et 1 min à 3 m,1,Non : lire 40 min et aucun palier,Lire la ligne 40 min malgré 41 min de durée.,"Voir la distinction détaillée dans la colonne attrait, reprise et relue lors de cette passe.",DESATURATION_N2_DISTRACTEURS_2026-10-09.csv,"Recto autonome, clé unique, alternatives et corrigé relus ; pas de quota de corrections.",2026-10-10,"Sources historiques datées conservées ; recroisements du 10 octobre détaillés dans le journal, sans antidater les consultations.",QCM ; 3 choix ; modèle historique conservé,696ee923f2f022e802d0d74d382a6d2f7deb63ffd476fecc135a7e81a33a4f97
n2-tables-courbe-001,12,Désaturation,P412,CONSERVEE,Conservée après nouvelle lecture : Interpoler : (41 − 40)/(45 − 40) × 60 = 12 s. La distinction interrogée reste utile au même objectif.,Extrait MN90 à 20 m : 40 min sans palier ; 45 min avec 1 min à 3 m. Une plongée simple dure 41 min avant une remontée normale. Faut-il lire une ligne avec palier ?,Oui : lire 45 min et 1 min à 3 m,2,Oui : interpoler à 41 min et 12 s à 3 m,Interpoler : (41 − 40)/(45 − 40) × 60 = 12 s.,"Voir la distinction détaillée dans la colonne attrait, reprise et relue lors de cette passe.",DESATURATION_N2_DISTRACTEURS_2026-10-09.csv,"Recto autonome, clé unique, alternatives et corrigé relus ; pas de quota de corrections.",2026-10-10,"Sources historiques datées conservées ; recroisements du 10 octobre détaillés dans le journal, sans antidater les consultations.",QCM ; 3 choix ; modèle historique conservé,696ee923f2f022e802d0d74d382a6d2f7deb63ffd476fecc135a7e81a33a4f97
n2-tables-calcul-dtr-001,12,Désaturation,P413,CONSERVEE,"Conservée après nouvelle lecture : Confusion arrondi au supérieur/au plus proche : 11,3 devient à tort 11. La distinction interrogée reste utile au même objectif.","Exercice MN90 : départ de 30 m, un seul palier de 9 min à 3 m. Employer 15 m/min jusqu’au palier, puis 6 m/min à la surface, et arrondir la somme à la minute supérieure. Quelle DTR ?",12 min,1,11 min,"Confusion arrondi au supérieur/au plus proche : 11,3 devient à tort 11.","Voir la distinction détaillée dans la colonne attrait, reprise et relue lors de cette passe.",DESATURATION_N2_DISTRACTEURS_2026-10-09.csv,"Recto autonome, clé unique, alternatives et corrigé relus ; pas de quota de corrections.",2026-10-10,"Sources historiques datées conservées ; recroisements du 10 octobre détaillés dans le journal, sans antidater les consultations.",QCM ; 3 choix ; modèle historique conservé,d79bd553554a96d0fca33b456cf9b3a142d38d29a4e72f2e97b92b373f61310d
n2-tables-calcul-dtr-001,12,Désaturation,P413,CONSERVEE,"Conservée après nouvelle lecture : Confusion vitesse de 10 m/min de certains ordinateurs/MN90 : 27/10 + 9 + 3/6 = 12,2, arrondi à tort à 13 pour cet énoncé. La distinction interrogée reste utile au même objectif.","Exercice MN90 : départ de 30 m, un seul palier de 9 min à 3 m. Employer 15 m/min jusqu’au palier, puis 6 m/min à la surface, et arrondir la somme à la minute supérieure. Quelle DTR ?",12 min,2,13 min,"Confusion vitesse de 10 m/min de certains ordinateurs/MN90 : 27/10 + 9 + 3/6 = 12,2, arrondi à tort à 13 pour cet énoncé.","Voir la distinction détaillée dans la colonne attrait, reprise et relue lors de cette passe.",DESATURATION_N2_DISTRACTEURS_2026-10-09.csv,"Recto autonome, clé unique, alternatives et corrigé relus ; pas de quota de corrections.",2026-10-10,"Sources historiques datées conservées ; recroisements du 10 octobre détaillés dans le journal, sans antidater les consultations.",QCM ; 3 choix ; modèle historique conservé,d79bd553554a96d0fca33b456cf9b3a142d38d29a4e72f2e97b92b373f61310d
n2-tables-successive-001,12,Désaturation,P414,CONSERVEE,Conservée après nouvelle lecture : Confusion temps réel/temps fictif : lire 20 min donne à tort aucun palier. La distinction interrogée reste utile au même objectif.,"Exercice MN90 : GPS H, intervalle de surface 2 h, deuxième plongée prévue à 20 m pendant 20 min. Extraits : H/2 h → azote résiduel 0,98 ; tableau II, 0,99/20 m → majoration 22 min ; à 20 m, 40 min → sans palier, 45 min → 1 min à 3 m. Quels paliers lire pour la seconde ?",1 min à 3 m,1,Aucun palier obligatoire,Confusion temps réel/temps fictif : lire 20 min donne à tort aucun palier.,"Voir la distinction détaillée dans la colonne attrait, reprise et relue lors de cette passe.",DESATURATION_N2_DISTRACTEURS_2026-10-09.csv,"Recto autonome, clé unique, alternatives et corrigé relus ; pas de quota de corrections.",2026-10-10,"Sources historiques datées conservées ; recroisements du 10 octobre détaillés dans le journal, sans antidater les consultations.",QCM ; 3 choix ; modèle historique conservé,a4ca14e45ac519b45577e0d84b7b55050ef5cbc05ecf129fbb1c7df092bac0d9
n2-tables-successive-001,12,Désaturation,P414,CONSERVEE,Conservée après nouvelle lecture : Confusion lecture arrondie/interpolation : 42 min ne se lit pas comme 24 s d’un palier interpolé entre 40 et 45 min. La distinction interrogée reste utile au même objectif.,"Exercice MN90 : GPS H, intervalle de surface 2 h, deuxième plongée prévue à 20 m pendant 20 min. Extraits : H/2 h → azote résiduel 0,98 ; tableau II, 0,99/20 m → majoration 22 min ; à 20 m, 40 min → sans palier, 45 min → 1 min à 3 m. Quels paliers lire pour la seconde ?",1 min à 3 m,2,24 s à 3 m,Confusion lecture arrondie/interpolation : 42 min ne se lit pas comme 24 s d’un palier interpolé entre 40 et 45 min.,"Voir la distinction détaillée dans la colonne attrait, reprise et relue lors de cette passe.",DESATURATION_N2_DISTRACTEURS_2026-10-09.csv,"Recto autonome, clé unique, alternatives et corrigé relus ; pas de quota de corrections.",2026-10-10,"Sources historiques datées conservées ; recroisements du 10 octobre détaillés dans le journal, sans antidater les consultations.",QCM ; 3 choix ; modèle historique conservé,a4ca14e45ac519b45577e0d84b7b55050ef5cbc05ecf129fbb1c7df092bac0d9
n2-tables-intervalle-arrondi-001,12,Désaturation,P414,CONSERVEE,"Conservée après nouvelle lecture : Arrondir le temps surface au supérieur, créditant 20 min inexistantes. La distinction interrogée reste utile au même objectif.","Exercice MN90 : GPS H, intervalle réel 2 h 10. Tableau I : H/2 h = 0,98 ; H/2 h 30 = 0,95. Quel intervalle tabulé retenir pour lire l’azote résiduel ?","2 h, soit 0,98",1,"2 h 30, soit 0,95","Arrondir le temps surface au supérieur, créditant 20 min inexistantes.","Voir la distinction détaillée dans la colonne attrait, reprise et relue lors de cette passe.",DESATURATION_N2_DISTRACTEURS_2026-10-09.csv,"Recto autonome, clé unique, alternatives et corrigé relus ; pas de quota de corrections.",2026-10-10,"Sources historiques datées conservées ; recroisements du 10 octobre détaillés dans le journal, sans antidater les consultations.",QCM ; 3 choix ; modèle historique conservé,988a433ca3f6f1cab8864aaea680ee1c6320f17dfb91c93fe87b66d7d3c17fa3
n2-tables-intervalle-arrondi-001,12,Désaturation,P414,CONSERVEE,Conservée après nouvelle lecture : Interpoler alors que la règle MN90 exige la valeur tabulée inférieure. La distinction interrogée reste utile au même objectif.,"Exercice MN90 : GPS H, intervalle réel 2 h 10. Tableau I : H/2 h = 0,98 ; H/2 h 30 = 0,95. Quel intervalle tabulé retenir pour lire l’azote résiduel ?","2 h, soit 0,98",2,"2 h 10, par interpolation entre 0,98 et 0,95",Interpoler alors que la règle MN90 exige la valeur tabulée inférieure.,"Voir la distinction détaillée dans la colonne attrait, reprise et relue lors de cette passe.",DESATURATION_N2_DISTRACTEURS_2026-10-09.csv,"Recto autonome, clé unique, alternatives et corrigé relus ; pas de quota de corrections.",2026-10-10,"Sources historiques datées conservées ; recroisements du 10 octobre détaillés dans le journal, sans antidater les consultations.",QCM ; 3 choix ; modèle historique conservé,988a433ca3f6f1cab8864aaea680ee1c6320f17dfb91c93fe87b66d7d3c17fa3
n2-tables-successive-duree-maximale-001,12,Désaturation,P642,CONSERVEE,Conservée après nouvelle lecture : Prendre la majoration 22 min pour le temps réellement disponible. La distinction interrogée reste utile au même objectif.,"Exercice MN90 : à 20 m, la dernière ligne sans palier obligatoire est 40 min. Pour une deuxième plongée à 20 m, la majoration calculée vaut 22 min. Quelle durée réelle maximale avant remontée reste dans cette ligne sans palier ?",18 min,1,22 min,Prendre la majoration 22 min pour le temps réellement disponible.,"Voir la distinction détaillée dans la colonne attrait, reprise et relue lors de cette passe.",DESATURATION_N2_DISTRACTEURS_2026-10-09.csv,"Recto autonome, clé unique, alternatives et corrigé relus ; pas de quota de corrections.",2026-10-10,"Sources historiques datées conservées ; recroisements du 10 octobre détaillés dans le journal, sans antidater les consultations.",QCM ; 3 choix ; modèle historique conservé,1558ca1d8b2f058cfaca1c68af7d19e723e8ae615711a75d8232bb44f39e5e67
n2-tables-successive-duree-maximale-001,12,Désaturation,P642,CONSERVEE,Conservée après nouvelle lecture : Oublier la majoration et prendre 40 min réelles. La distinction interrogée reste utile au même objectif.,"Exercice MN90 : à 20 m, la dernière ligne sans palier obligatoire est 40 min. Pour une deuxième plongée à 20 m, la majoration calculée vaut 22 min. Quelle durée réelle maximale avant remontée reste dans cette ligne sans palier ?",18 min,2,40 min,Oublier la majoration et prendre 40 min réelles.,"Voir la distinction détaillée dans la colonne attrait, reprise et relue lors de cette passe.",DESATURATION_N2_DISTRACTEURS_2026-10-09.csv,"Recto autonome, clé unique, alternatives et corrigé relus ; pas de quota de corrections.",2026-10-10,"Sources historiques datées conservées ; recroisements du 10 octobre détaillés dans le journal, sans antidater les consultations.",QCM ; 3 choix ; modèle historique conservé,1558ca1d8b2f058cfaca1c68af7d19e723e8ae615711a75d8232bb44f39e5e67
n2-tables-dtr-plusieurs-paliers-001,12,Désaturation,P643,CONSERVEE,"Conservée après nouvelle lecture : Arrondir 7,47 min au plus proche : 7. La distinction interrogée reste utile au même objectif.","Exercice MN90 de calcul de trajet : départ du fond à 28 m, arrêts imposés par l’énoncé de 1 min à 6 m puis 4 min à 3 m. Employer 15 m/min jusqu’au premier arrêt, puis 6 m/min entre les arrêts et jusqu’à la surface. Arrondir la somme à la minute supérieure. Quelle durée totale de remontée ?",8 min,1,7 min,"Arrondir 7,47 min au plus proche : 7.","Voir la distinction détaillée dans la colonne attrait, reprise et relue lors de cette passe.",DESATURATION_N2_DISTRACTEURS_2026-10-09.csv,"Recto autonome, clé unique, alternatives et corrigé relus ; pas de quota de corrections.",2026-10-10,"Sources historiques datées conservées ; recroisements du 10 octobre détaillés dans le journal, sans antidater les consultations.",QCM ; 3 choix ; modèle historique conservé,87b1d483f17836afe23aa2ea0b06b786e78c91cb7bd66f866a913c0b04f42aba
n2-tables-dtr-plusieurs-paliers-001,12,Désaturation,P643,CONSERVEE,Conservée après nouvelle lecture : Arrondir chaque trajet séparément : 2 + 1 + 1 + 5 = 9. La distinction interrogée reste utile au même objectif.,"Exercice MN90 de calcul de trajet : départ du fond à 28 m, arrêts imposés par l’énoncé de 1 min à 6 m puis 4 min à 3 m. Employer 15 m/min jusqu’au premier arrêt, puis 6 m/min entre les arrêts et jusqu’à la surface. Arrondir la somme à la minute supérieure. Quelle durée totale de remontée ?",8 min,2,9 min,Arrondir chaque trajet séparément : 2 + 1 + 1 + 5 = 9.,"Voir la distinction détaillée dans la colonne attrait, reprise et relue lors de cette passe.",DESATURATION_N2_DISTRACTEURS_2026-10-09.csv,"Recto autonome, clé unique, alternatives et corrigé relus ; pas de quota de corrections.",2026-10-10,"Sources historiques datées conservées ; recroisements du 10 octobre détaillés dans le journal, sans antidater les consultations.",QCM ; 3 choix ; modèle historique conservé,87b1d483f17836afe23aa2ea0b06b786e78c91cb7bd66f866a913c0b04f42aba
n2-ordinateurs-profil-001,13,Désaturation,P415,CONSERVEE,Conservée après nouvelle lecture : Confusion modèle de table carré/profil suivi par l’ordinateur. La distinction interrogée reste utile au même objectif.,Pourquoi un ordinateur peut-il donner une décompression différente d’une table pour une plongée qui remonte progressivement le long d’un tombant ?,Il intègre les profondeurs successives et le temps à chacune,1,Il applique toute la durée à la profondeur maximale,Confusion modèle de table carré/profil suivi par l’ordinateur.,"Voir la distinction détaillée dans la colonne attrait, reprise et relue lors de cette passe.",DESATURATION_N2_DISTRACTEURS_2026-10-09.csv,"Recto autonome, clé unique, alternatives et corrigé relus ; pas de quota de corrections.",2026-10-10,"Sources historiques datées conservées ; recroisements du 10 octobre détaillés dans le journal, sans antidater les consultations.",QCM ; 3 choix ; modèle historique conservé,be3cb77913540abfc9205fef4426868f4c811a878d051a71fb9a922fec6e2a05
n2-ordinateurs-profil-001,13,Désaturation,P415,CONSERVEE,Conservée après nouvelle lecture : Confusion dernière profondeur/intégration de l’ensemble du profil. La distinction interrogée reste utile au même objectif.,Pourquoi un ordinateur peut-il donner une décompression différente d’une table pour une plongée qui remonte progressivement le long d’un tombant ?,Il intègre les profondeurs successives et le temps à chacune,2,Il applique toute la durée à la dernière profondeur mesurée,Confusion dernière profondeur/intégration de l’ensemble du profil.,"Voir la distinction détaillée dans la colonne attrait, reprise et relue lors de cette passe.",DESATURATION_N2_DISTRACTEURS_2026-10-09.csv,"Recto autonome, clé unique, alternatives et corrigé relus ; pas de quota de corrections.",2026-10-10,"Sources historiques datées conservées ; recroisements du 10 octobre détaillés dans le journal, sans antidater les consultations.",QCM ; 3 choix ; modèle historique conservé,be3cb77913540abfc9205fef4426868f4c811a878d051a71fb9a922fec6e2a05
n2-ordinateurs-affichages-001,13,Désaturation,P418,CONSERVEE,Conservée après nouvelle lecture : Confusion NDL/DTR : les 6 min ne sont pas le retour. La distinction interrogée reste utile au même objectif.,Un ordinateur affiche « DIVE TIME 24 min » et « NDL 6 min ». Que représentent ces deux valeurs à la profondeur actuelle ?,24 min écoulées ; 6 min estimées avant palier à cette profondeur,1,24 min écoulées ; 6 min de remontée jusqu’à la surface,Confusion NDL/DTR : les 6 min ne sont pas le retour.,"Voir la distinction détaillée dans la colonne attrait, reprise et relue lors de cette passe.",DESATURATION_N2_DISTRACTEURS_2026-10-09.csv,"Recto autonome, clé unique, alternatives et corrigé relus ; pas de quota de corrections.",2026-10-10,"Sources historiques datées conservées ; recroisements du 10 octobre détaillés dans le journal, sans antidater les consultations.",QCM ; 3 choix ; modèle historique conservé,d0fa1a19e8e977937e6e01fa11743d967d44f1d2eb3e4eb1402cdb8c8c615824
n2-ordinateurs-affichages-001,13,Désaturation,P418,CONSERVEE,Conservée après nouvelle lecture : Confusion temps écoulé/autonomie gaz : les 24 min ne sont pas un stock respiratoire. La distinction interrogée reste utile au même objectif.,Un ordinateur affiche « DIVE TIME 24 min » et « NDL 6 min ». Que représentent ces deux valeurs à la profondeur actuelle ?,24 min écoulées ; 6 min estimées avant palier à cette profondeur,2,24 min d’autonomie gaz ; 6 min estimées avant palier,Confusion temps écoulé/autonomie gaz : les 24 min ne sont pas un stock respiratoire.,"Voir la distinction détaillée dans la colonne attrait, reprise et relue lors de cette passe.",DESATURATION_N2_DISTRACTEURS_2026-10-09.csv,"Recto autonome, clé unique, alternatives et corrigé relus ; pas de quota de corrections.",2026-10-10,"Sources historiques datées conservées ; recroisements du 10 octobre détaillés dans le journal, sans antidater les consultations.",QCM ; 3 choix ; modèle historique conservé,d0fa1a19e8e977937e6e01fa11743d967d44f1d2eb3e4eb1402cdb8c8c615824
n2-ordinateurs-alarme-vitesse-001,13,Désaturation,P422,CONSERVEE,"Conservée après nouvelle lecture : Confusion limite MN90/limite Zoop Novo : ce modèle utilise 10 m/min, pas 15. La distinction interrogée reste utile au même objectif.","Sur un Suunto Zoop Novo, une alarme sonore s’accompagne du message SLOW. Que signale-t-elle et quelle action attend-elle ?",Remontée au-delà de 10 m/min : ralentir,1,Remontée au-delà de 15 m/min : ralentir,"Confusion limite MN90/limite Zoop Novo : ce modèle utilise 10 m/min, pas 15.","Voir la distinction détaillée dans la colonne attrait, reprise et relue lors de cette passe.",DESATURATION_N2_DISTRACTEURS_2026-10-09.csv,"Recto autonome, clé unique, alternatives et corrigé relus ; pas de quota de corrections.",2026-10-10,"Sources historiques datées conservées ; recroisements du 10 octobre détaillés dans le journal, sans antidater les consultations.",QCM ; 3 choix ; modèle historique conservé,6fd5c28110d6e4a85977e565ac56824126b6fa7c62f09d378564209b9d4e02c8
n2-ordinateurs-alarme-vitesse-001,13,Désaturation,P422,CONSERVEE,Conservée après nouvelle lecture : Confusion trajet interpaliers/limite de l’ordinateur : 6 m/min est une convention de tables. La distinction interrogée reste utile au même objectif.,"Sur un Suunto Zoop Novo, une alarme sonore s’accompagne du message SLOW. Que signale-t-elle et quelle action attend-elle ?",Remontée au-delà de 10 m/min : ralentir,2,Remontée au-delà de 6 m/min : ralentir,Confusion trajet interpaliers/limite de l’ordinateur : 6 m/min est une convention de tables.,"Voir la distinction détaillée dans la colonne attrait, reprise et relue lors de cette passe.",DESATURATION_N2_DISTRACTEURS_2026-10-09.csv,"Recto autonome, clé unique, alternatives et corrigé relus ; pas de quota de corrections.",2026-10-10,"Sources historiques datées conservées ; recroisements du 10 octobre détaillés dans le journal, sans antidater les consultations.",QCM ; 3 choix ; modèle historique conservé,6fd5c28110d6e4a85977e565ac56824126b6fa7c62f09d378564209b9d4e02c8
n2-ordinateurs-gaz-001,13,Désaturation,P423,CONSERVEE,Conservée après nouvelle lecture : Oublier que le gaz sélectionné modifie aussi le calcul de désaturation. La distinction interrogée reste utile au même objectif.,"Pourquoi vérifier le gaz sélectionné sur l’ordinateur avant de plonger, même si la profondeur affichée paraît correcte ?",Le gaz réglé influe sur désaturation et exposition à l’oxygène,1,Le gaz réglé influe uniquement sur l’exposition à l’oxygène,Oublier que le gaz sélectionné modifie aussi le calcul de désaturation.,"Voir la distinction détaillée dans la colonne attrait, reprise et relue lors de cette passe.",DESATURATION_N2_DISTRACTEURS_2026-10-09.csv,"Recto autonome, clé unique, alternatives et corrigé relus ; pas de quota de corrections.",2026-10-10,"Sources historiques datées conservées ; recroisements du 10 octobre détaillés dans le journal, sans antidater les consultations.",QCM ; 3 choix ; modèle historique conservé,3f4d9bfc681b8cb3cf88f7c916c9bed0e539c836880f22ed65fc0ce403a74ee6
n2-ordinateurs-gaz-001,13,Désaturation,P423,CONSERVEE,Conservée après nouvelle lecture : Oublier que le gaz sélectionné modifie aussi l’exposition à l’oxygène. La distinction interrogée reste utile au même objectif.,"Pourquoi vérifier le gaz sélectionné sur l’ordinateur avant de plonger, même si la profondeur affichée paraît correcte ?",Le gaz réglé influe sur désaturation et exposition à l’oxygène,2,Le gaz réglé influe uniquement sur les calculs de désaturation,Oublier que le gaz sélectionné modifie aussi l’exposition à l’oxygène.,"Voir la distinction détaillée dans la colonne attrait, reprise et relue lors de cette passe.",DESATURATION_N2_DISTRACTEURS_2026-10-09.csv,"Recto autonome, clé unique, alternatives et corrigé relus ; pas de quota de corrections.",2026-10-10,"Sources historiques datées conservées ; recroisements du 10 octobre détaillés dans le journal, sans antidater les consultations.",QCM ; 3 choix ; modèle historique conservé,3f4d9bfc681b8cb3cf88f7c916c9bed0e539c836880f22ed65fc0ce403a74ee6
n2-ordinateurs-salinite-001,13,Désaturation,P424,CONSERVEE,Conservée après nouvelle lecture : Confusion densité/décalage fixe : conversion variable avec la pression. La distinction interrogée reste utile au même objectif.,"Sur un appareil offrant un réglage de salinité, à quoi sert ce réglage dans l’affichage de profondeur ?",Convertir pression mesurée en profondeur selon la densité de l’eau,1,Appliquer un décalage fixe de profondeur quelle que soit la pression,Confusion densité/décalage fixe : conversion variable avec la pression.,"Voir la distinction détaillée dans la colonne attrait, reprise et relue lors de cette passe.",DESATURATION_N2_DISTRACTEURS_2026-10-09.csv,"Recto autonome, clé unique, alternatives et corrigé relus ; pas de quota de corrections.",2026-10-10,"Sources historiques datées conservées ; recroisements du 10 octobre détaillés dans le journal, sans antidater les consultations.",QCM ; 3 choix ; modèle historique conservé,867561b8c4d6e532212ee6335eac22c035143e6090cd96c422e94c6fb654976e
n2-ordinateurs-salinite-001,13,Désaturation,P424,CONSERVEE,Conservée après nouvelle lecture : Confusion salinité/altitude : densité de l’eau et pression atmosphérique sont différentes. La distinction interrogée reste utile au même objectif.,"Sur un appareil offrant un réglage de salinité, à quoi sert ce réglage dans l’affichage de profondeur ?",Convertir pression mesurée en profondeur selon la densité de l’eau,2,Corriger l’altitude de référence avant de convertir la pression,Confusion salinité/altitude : densité de l’eau et pression atmosphérique sont différentes.,"Voir la distinction détaillée dans la colonne attrait, reprise et relue lors de cette passe.",DESATURATION_N2_DISTRACTEURS_2026-10-09.csv,"Recto autonome, clé unique, alternatives et corrigé relus ; pas de quota de corrections.",2026-10-10,"Sources historiques datées conservées ; recroisements du 10 octobre détaillés dans le journal, sans antidater les consultations.",QCM ; 3 choix ; modèle historique conservé,867561b8c4d6e532212ee6335eac22c035143e6090cd96c422e94c6fb654976e
n2-ordinateurs-historique-001,13,Désaturation,P427,CONSERVEE,Conservée après nouvelle lecture : Confusion porteur actuel/historique enregistré : changer de poignet ne transfère pas les immersions de A. La distinction interrogée reste utile au même objectif.,"A a plongé séparément de B le matin. Avant l’immersion de l’après-midi, A met au poignet l’ordinateur de B, encore en suivi de désaturation. Quel historique cet appareil utilise-t-il pour le calcul ?",Les immersions que l’appareil a suivies avec B,1,"Les immersions effectuées par A, qui porte maintenant l’appareil",Confusion porteur actuel/historique enregistré : changer de poignet ne transfère pas les immersions de A.,"Voir la distinction détaillée dans la colonne attrait, reprise et relue lors de cette passe.",DESATURATION_N2_DISTRACTEURS_2026-10-09.csv,"Recto autonome, clé unique, alternatives et corrigé relus ; pas de quota de corrections.",2026-10-10,"Sources historiques datées conservées ; recroisements du 10 octobre détaillés dans le journal, sans antidater les consultations.",QCM ; 3 choix ; modèle historique conservé,53c14c7eb1745ec33eb56ab6d5638068c62f51ed8bc8199055694727ba67b6f0
n2-ordinateurs-historique-001,13,Désaturation,P427,CONSERVEE,Conservée après nouvelle lecture : Confusion changement d’utilisateur/réinitialisation : l’état calculé de B reste suivi après l’échange. La distinction interrogée reste utile au même objectif.,"A a plongé séparément de B le matin. Avant l’immersion de l’après-midi, A met au poignet l’ordinateur de B, encore en suivi de désaturation. Quel historique cet appareil utilise-t-il pour le calcul ?",Les immersions que l’appareil a suivies avec B,2,Un état de surface neuf lors du changement d’utilisateur,Confusion changement d’utilisateur/réinitialisation : l’état calculé de B reste suivi après l’échange.,"Voir la distinction détaillée dans la colonne attrait, reprise et relue lors de cette passe.",DESATURATION_N2_DISTRACTEURS_2026-10-09.csv,"Recto autonome, clé unique, alternatives et corrigé relus ; pas de quota de corrections.",2026-10-10,"Sources historiques datées conservées ; recroisements du 10 octobre détaillés dans le journal, sans antidater les consultations.",QCM ; 3 choix ; modèle historique conservé,53c14c7eb1745ec33eb56ab6d5638068c62f51ed8bc8199055694727ba67b6f0
n2-ordinateurs-controle-001,13,Désaturation,P430,CONSERVEE,Conservée après nouvelle lecture : Confusion journal/charge résiduelle : le nombre d’immersions ne garantit pas leur suivi pour ce plongeur ; la pression du bloc ne remplace pas le gaz réglé. La distinction interrogée reste utile au même objectif.,"Un ordinateur s’allume, dispose d’énergie et mesure la profondeur. Quel ensemble de données faut-il encore vérifier pour que ses calculs correspondent à la plongée prévue et au plongeur ?","Mode actif, mélange sélectionné, réglages et suivi des immersions personnelles",1,"Mode actif, pression du bloc, réglages et nombre de plongées mémorisées",Confusion journal/charge résiduelle : le nombre d’immersions ne garantit pas leur suivi pour ce plongeur ; la pression du bloc ne remplace pas le gaz réglé.,"Voir la distinction détaillée dans la colonne attrait, reprise et relue lors de cette passe.",DESATURATION_N2_DISTRACTEURS_2026-10-09.csv,"Recto autonome, clé unique, alternatives et corrigé relus ; pas de quota de corrections.",2026-10-10,"Sources historiques datées conservées ; recroisements du 10 octobre détaillés dans le journal, sans antidater les consultations.",QCM ; 3 choix ; modèle historique conservé,6c535f9a2cded50118b5ca7d2d121aa58f359d6c19acda3a8fbe0a573b509584
n2-ordinateurs-controle-001,13,Désaturation,P430,CONSERVEE,"Conservée après nouvelle lecture : Confusion matériel respiratoire/modèle de décompression : heure, pression du bloc et détendeur ne remplacent pas mode et historique. La distinction interrogée reste utile au même objectif.","Un ordinateur s’allume, dispose d’énergie et mesure la profondeur. Quel ensemble de données faut-il encore vérifier pour que ses calculs correspondent à la plongée prévue et au plongeur ?","Mode actif, mélange sélectionné, réglages et suivi des immersions personnelles",2,"Mélange sélectionné, pression du bloc, heure locale et modèle du détendeur","Confusion matériel respiratoire/modèle de décompression : heure, pression du bloc et détendeur ne remplacent pas mode et historique.","Voir la distinction détaillée dans la colonne attrait, reprise et relue lors de cette passe.",DESATURATION_N2_DISTRACTEURS_2026-10-09.csv,"Recto autonome, clé unique, alternatives et corrigé relus ; pas de quota de corrections.",2026-10-10,"Sources historiques datées conservées ; recroisements du 10 octobre détaillés dans le journal, sans antidater les consultations.",QCM ; 3 choix ; modèle historique conservé,6c535f9a2cded50118b5ca7d2d121aa58f359d6c19acda3a8fbe0a573b509584
n2-ordinateurs-collectif-001,13,Désaturation,P432,CONSERVEE,Conservée après nouvelle lecture : Confusion plan fixe/affichage évolutif : les obligations peuvent changer pendant la remontée. La distinction interrogée reste utile au même objectif.,"Votre ordinateur n’indique plus de palier, celui de votre équipier en impose encore. Le gaz permet de respecter les deux. Quelle conduite règle la fin de plongée de la palanquée ?",Rester ensemble et suivre les obligations actualisées des deux appareils,1,Rester ensemble et appliquer jusqu’au bout les durées relevées au départ du fond,Confusion plan fixe/affichage évolutif : les obligations peuvent changer pendant la remontée.,"Voir la distinction détaillée dans la colonne attrait, reprise et relue lors de cette passe.",DESATURATION_N2_DISTRACTEURS_2026-10-09.csv,"Recto autonome, clé unique, alternatives et corrigé relus ; pas de quota de corrections.",2026-10-10,"Sources historiques datées conservées ; recroisements du 10 octobre détaillés dans le journal, sans antidater les consultations.",QCM ; 3 choix ; modèle historique conservé,f88de97288c62c452700d363cf4ca56f14a3cd74559007f7afef2fc4367709ce
n2-ordinateurs-collectif-001,13,Désaturation,P432,CONSERVEE,Conservée après nouvelle lecture : Confusion somme des paliers/compatibilité : faire ses propres paliers puis attendre en surface rompt la cohésion et ne gère pas les plafonds ensemble. La distinction interrogée reste utile au même objectif.,"Votre ordinateur n’indique plus de palier, celui de votre équipier en impose encore. Le gaz permet de respecter les deux. Quelle conduite règle la fin de plongée de la palanquée ?",Rester ensemble et suivre les obligations actualisées des deux appareils,2,Terminer chacun les obligations de son appareil et se retrouver en surface,Confusion somme des paliers/compatibilité : faire ses propres paliers puis attendre en surface rompt la cohésion et ne gère pas les plafonds ensemble.,"Voir la distinction détaillée dans la colonne attrait, reprise et relue lors de cette passe.",DESATURATION_N2_DISTRACTEURS_2026-10-09.csv,"Recto autonome, clé unique, alternatives et corrigé relus ; pas de quota de corrections.",2026-10-10,"Sources historiques datées conservées ; recroisements du 10 octobre détaillés dans le journal, sans antidater les consultations.",QCM ; 3 choix ; modèle historique conservé,f88de97288c62c452700d363cf4ca56f14a3cd74559007f7afef2fc4367709ce
n2-ordinateurs-differences-001,13,Désaturation,P433,CONSERVEE,Conservée après nouvelle lecture : Confusion même appareil/même modèle physiologique : la capacité du bloc ne détermine pas la charge de désaturation. La distinction interrogée reste utile au même objectif.,Deux équipiers sont restés côte à côte pendant l’exploration mais ont des paliers différents. Quel ensemble de données permet de rechercher une explication dans leurs calculs ?,"Modèles, réglages, gaz sélectionnés et historiques personnels",1,"Modèles, réglages, volumes des blocs et pressions de départ",Confusion même appareil/même modèle physiologique : la capacité du bloc ne détermine pas la charge de désaturation.,"Voir la distinction détaillée dans la colonne attrait, reprise et relue lors de cette passe.",DESATURATION_N2_DISTRACTEURS_2026-10-09.csv,"Recto autonome, clé unique, alternatives et corrigé relus ; pas de quota de corrections.",2026-10-10,"Sources historiques datées conservées ; recroisements du 10 octobre détaillés dans le journal, sans antidater les consultations.",QCM ; 3 choix ; modèle historique conservé,f0c2849820d55aa9a762c2bf8552358acfb2314a71257ce9a050725ae6e55df4
n2-ordinateurs-differences-001,13,Désaturation,P433,CONSERVEE,Conservée après nouvelle lecture : Confusion profil actuel/historique : mêmes profondeur et durée actuelles ne suffisent pas ; la pression du bloc ne renseigne pas le modèle. La distinction interrogée reste utile au même objectif.,Deux équipiers sont restés côte à côte pendant l’exploration mais ont des paliers différents. Quel ensemble de données permet de rechercher une explication dans leurs calculs ?,"Modèles, réglages, gaz sélectionnés et historiques personnels",2,"Profondeurs maximales, durées de l’exploration et pressions restantes",Confusion profil actuel/historique : mêmes profondeur et durée actuelles ne suffisent pas ; la pression du bloc ne renseigne pas le modèle.,"Voir la distinction détaillée dans la colonne attrait, reprise et relue lors de cette passe.",DESATURATION_N2_DISTRACTEURS_2026-10-09.csv,"Recto autonome, clé unique, alternatives et corrigé relus ; pas de quota de corrections.",2026-10-10,"Sources historiques datées conservées ; recroisements du 10 octobre détaillés dans le journal, sans antidater les consultations.",QCM ; 3 choix ; modèle historique conservé,f0c2849820d55aa9a762c2bf8552358acfb2314a71257ce9a050725ae6e55df4
n2-ordinateurs-dtr-augmente-001,13,Désaturation,P438,CORRIGEE,L’estimation au débit du fond pouvait être défendue comme marge conservative ; demander désormais le calcul du profil actualisé et comparer les références de pression.,"À profondeur constante, la durée totale de remontée (DTR) augmente de 3 min pendant l’exploration. Pour calculer le gaz consommé par le profil de retour actualisé, à quelle pression faut-il compter chacune de ses phases ?",À la pression ambiante de la profondeur de chaque phase,1,À la pression ambiante de la profondeur d’exploration pour toutes les phases,Utiliser la consommation de fond comme coût de toutes les minutes de retour.,"Ce calcul peut être une majoration prudente mais ne représente pas le profil actualisé demandé, dont les phases ont des pressions différentes.",Analyse refaite dans le contrôle final,"Recto autonome, clé unique, alternatives et corrigé relus ; pas de quota de corrections.",2026-10-10,"Sources historiques datées conservées ; recroisements du 10 octobre détaillés dans le journal, sans antidater les consultations.",QCM ; 3 choix ; modèle historique conservé,6721580f079c5e44d05b07f09314dc97f2ee4c030251a4f74d32105937085434
n2-ordinateurs-dtr-augmente-001,13,Désaturation,P438,CORRIGEE,L’estimation au débit du fond pouvait être défendue comme marge conservative ; demander désormais le calcul du profil actualisé et comparer les références de pression.,"À profondeur constante, la durée totale de remontée (DTR) augmente de 3 min pendant l’exploration. Pour calculer le gaz consommé par le profil de retour actualisé, à quelle pression faut-il compter chacune de ses phases ?",À la pression ambiante de la profondeur de chaque phase,2,À la pression atmosphérique de surface pour toutes les phases,Traiter les minutes de DTR comme des minutes de référence à 1 bar.,"Les phases subaquatiques consomment le gaz à leur pression ambiante, supérieure à 1 bar.",Analyse refaite dans le contrôle final,"Recto autonome, clé unique, alternatives et corrigé relus ; pas de quota de corrections.",2026-10-10,"Sources historiques datées conservées ; recroisements du 10 octobre détaillés dans le journal, sans antidater les consultations.",QCM ; 3 choix ; modèle historique conservé,6721580f079c5e44d05b07f09314dc97f2ee4c030251a4f74d32105937085434
n2-ordinateurs-ndl-air-001,13,Désaturation,P439,CONSERVEE,Conservée après nouvelle lecture : Confusion NDL/autonomie gaz : l’ordinateur de décompression ne donne pas ces 12 min comme durée avant réserve. La distinction interrogée reste utile au même objectif.,"À profondeur constante, un ordinateur sans sonde affiche 12 min de NDL ; le manomètre et la consommation observée indiquent 4 min avant le seuil de retour convenu. Que représentent respectivement ces deux durées ?",12 min avant palier estimé ; 4 min avant déclenchement du retour lié au gaz,1,12 min avant déclenchement du retour lié au gaz ; 4 min avant palier estimé,Confusion NDL/autonomie gaz : l’ordinateur de décompression ne donne pas ces 12 min comme durée avant réserve.,"Voir la distinction détaillée dans la colonne attrait, reprise et relue lors de cette passe.",DESATURATION_N2_DISTRACTEURS_2026-10-09.csv,"Recto autonome, clé unique, alternatives et corrigé relus ; pas de quota de corrections.",2026-10-10,"Sources historiques datées conservées ; recroisements du 10 octobre détaillés dans le journal, sans antidater les consultations.",QCM ; 3 choix ; modèle historique conservé,7dbc4728d66f7bbae858076a5086ea375b7740bfd219a67940e12b3e946d46f7
n2-ordinateurs-ndl-air-001,13,Désaturation,P439,CONSERVEE,Conservée après nouvelle lecture : Confusion NDL/DTR : le temps restant sans palier n’est pas le temps de trajet vers la surface. La distinction interrogée reste utile au même objectif.,"À profondeur constante, un ordinateur sans sonde affiche 12 min de NDL ; le manomètre et la consommation observée indiquent 4 min avant le seuil de retour convenu. Que représentent respectivement ces deux durées ?",12 min avant palier estimé ; 4 min avant déclenchement du retour lié au gaz,2,12 min de trajet jusqu’à la surface ; 4 min avant déclenchement du retour lié au gaz,Confusion NDL/DTR : le temps restant sans palier n’est pas le temps de trajet vers la surface.,"Voir la distinction détaillée dans la colonne attrait, reprise et relue lors de cette passe.",DESATURATION_N2_DISTRACTEURS_2026-10-09.csv,"Recto autonome, clé unique, alternatives et corrigé relus ; pas de quota de corrections.",2026-10-10,"Sources historiques datées conservées ; recroisements du 10 octobre détaillés dans le journal, sans antidater les consultations.",QCM ; 3 choix ; modèle historique conservé,7dbc4728d66f7bbae858076a5086ea375b7740bfd219a67940e12b3e946d46f7
n2-ordinateurs-sonde-001,13,Désaturation,P440,CONSERVEE,Conservée après nouvelle lecture : Confusion donnée modèle/mesure : charge tissulaire calculée disponible sans sonde. La distinction interrogée reste utile au même objectif.,"Un ordinateur personnel a suivi toutes les plongées et mesure profondeur et durée, sans capteur relié au bloc. Laquelle de ces informations échappe à son suivi de désaturation ?",La pression actuelle du gaz dans le bloc,1,La charge de gaz inerte estimée par ses compartiments,Confusion donnée modèle/mesure : charge tissulaire calculée disponible sans sonde.,"Voir la distinction détaillée dans la colonne attrait, reprise et relue lors de cette passe.",DESATURATION_N2_DISTRACTEURS_2026-10-09.csv,"Recto autonome, clé unique, alternatives et corrigé relus ; pas de quota de corrections.",2026-10-10,"Sources historiques datées conservées ; recroisements du 10 octobre détaillés dans le journal, sans antidater les consultations.",QCM ; 3 choix ; modèle historique conservé,d81876f1fa4b7d15799bf86cd13fef850a3646cdd17ec3dea5534c02f72d53f6
n2-ordinateurs-sonde-001,13,Désaturation,P440,CONSERVEE,Conservée après nouvelle lecture : Confusion estimation de décompression/mesure : temps sans palier calculable à partir du profil. La distinction interrogée reste utile au même objectif.,"Un ordinateur personnel a suivi toutes les plongées et mesure profondeur et durée, sans capteur relié au bloc. Laquelle de ces informations échappe à son suivi de désaturation ?",La pression actuelle du gaz dans le bloc,2,Le temps sans palier estimé à la profondeur actuelle,Confusion estimation de décompression/mesure : temps sans palier calculable à partir du profil.,"Voir la distinction détaillée dans la colonne attrait, reprise et relue lors de cette passe.",DESATURATION_N2_DISTRACTEURS_2026-10-09.csv,"Recto autonome, clé unique, alternatives et corrigé relus ; pas de quota de corrections.",2026-10-10,"Sources historiques datées conservées ; recroisements du 10 octobre détaillés dans le journal, sans antidater les consultations.",QCM ; 3 choix ; modèle historique conservé,d81876f1fa4b7d15799bf86cd13fef850a3646cdd17ec3dea5534c02f72d53f6
n2-ordinateurs-verrouillage-001,13,Désaturation,P441,CONSERVEE,Conservée après nouvelle lecture : Confusion perte du modèle/perte du capteur : profondeur et durée restent affichées. La distinction interrogée reste utile au même objectif.,Un Suunto Zoop Novo reste plus de 3 min au-dessus de son plafond de décompression et affiche ER. Quelle information de décompression devient indisponible et pour quelle durée annoncée par le manuel ?,Calcul de décompression indisponible pendant 48 h après sortie,1,Profondeur et durée indisponibles pendant 48 h après sortie,Confusion perte du modèle/perte du capteur : profondeur et durée restent affichées.,"Voir la distinction détaillée dans la colonne attrait, reprise et relue lors de cette passe.",DESATURATION_N2_DISTRACTEURS_2026-10-09.csv,"Recto autonome, clé unique, alternatives et corrigé relus ; pas de quota de corrections.",2026-10-10,"Sources historiques datées conservées ; recroisements du 10 octobre détaillés dans le journal, sans antidater les consultations.",QCM ; 3 choix ; modèle historique conservé,0fd28c3eed965bd5f01c8693f7a1ebfeb14f8940265cf48170a3bec2b0a1d3cc
n2-ordinateurs-verrouillage-001,13,Désaturation,P441,CONSERVEE,Conservée après nouvelle lecture : Confusion délai 24 h/48 h du Zoop Novo. La distinction interrogée reste utile au même objectif.,Un Suunto Zoop Novo reste plus de 3 min au-dessus de son plafond de décompression et affiche ER. Quelle information de décompression devient indisponible et pour quelle durée annoncée par le manuel ?,Calcul de décompression indisponible pendant 48 h après sortie,2,Calcul de décompression indisponible pendant 24 h après sortie,Confusion délai 24 h/48 h du Zoop Novo.,"Voir la distinction détaillée dans la colonne attrait, reprise et relue lors de cette passe.",DESATURATION_N2_DISTRACTEURS_2026-10-09.csv,"Recto autonome, clé unique, alternatives et corrigé relus ; pas de quota de corrections.",2026-10-10,"Sources historiques datées conservées ; recroisements du 10 octobre détaillés dans le journal, sans antidater les consultations.",QCM ; 3 choix ; modèle historique conservé,0fd28c3eed965bd5f01c8693f7a1ebfeb14f8940265cf48170a3bec2b0a1d3cc
n2-ordinateurs-manuel-001,13,Désaturation,P443,CONSERVEE,Conservée après nouvelle lecture : Confusion profondeur/statut : un arrêt peu profond peut être facultatif ou obligatoire. La distinction interrogée reste utile au même objectif.,Vous utilisez un nouveau modèle d’ordinateur. Son écran peut demander un arrêt de sécurité ou un arrêt obligatoire après une anomalie. Quelle distinction faut-il savoir lire dans son manuel pour appliquer la conduite adaptée ?,Le symbole et le message correspondant à l’arrêt dans ce modèle,1,La profondeur à laquelle cet arrêt est affiché,Confusion profondeur/statut : un arrêt peu profond peut être facultatif ou obligatoire.,"Voir la distinction détaillée dans la colonne attrait, reprise et relue lors de cette passe.",DESATURATION_N2_DISTRACTEURS_2026-10-09.csv,"Recto autonome, clé unique, alternatives et corrigé relus ; pas de quota de corrections.",2026-10-10,"Sources historiques datées conservées ; recroisements du 10 octobre détaillés dans le journal, sans antidater les consultations.",QCM ; 3 choix ; modèle historique conservé,250c76af35617b4f5124cbe702c1d252edff4eb0ca2eb4312449fbd3f3d11a7d
n2-ordinateurs-manuel-001,13,Désaturation,P443,CONSERVEE,Conservée après nouvelle lecture : Confusion durée/statut : une durée courte ne prouve pas qu’un arrêt soit facultatif. La distinction interrogée reste utile au même objectif.,Vous utilisez un nouveau modèle d’ordinateur. Son écran peut demander un arrêt de sécurité ou un arrêt obligatoire après une anomalie. Quelle distinction faut-il savoir lire dans son manuel pour appliquer la conduite adaptée ?,Le symbole et le message correspondant à l’arrêt dans ce modèle,2,Le nombre de minutes affiché pour cet arrêt,Confusion durée/statut : une durée courte ne prouve pas qu’un arrêt soit facultatif.,"Voir la distinction détaillée dans la colonne attrait, reprise et relue lors de cette passe.",DESATURATION_N2_DISTRACTEURS_2026-10-09.csv,"Recto autonome, clé unique, alternatives et corrigé relus ; pas de quota de corrections.",2026-10-10,"Sources historiques datées conservées ; recroisements du 10 octobre détaillés dans le journal, sans antidater les consultations.",QCM ; 3 choix ; modèle historique conservé,250c76af35617b4f5124cbe702c1d252edff4eb0ca2eb4312449fbd3f3d11a7d
n2-ordinateurs-lisibilite-001,13,Désaturation,P445,CONSERVEE,Conservée après nouvelle lecture : Confusion taille écran/lisibilité : un grand écran peut avoir des caractères petits ou peu contrastés. La distinction interrogée reste utile au même objectif.,"Avec votre masque et votre correction visuelle, vous devez lire rapidement profondeur, durée et alarmes. Quels critères d’affichage comptent directement pour choisir l’ordinateur ?","Taille des caractères, contraste et éclairage de l’écran",1,"Diagonale de l’écran, nombre de fonctions et mémoire du journal",Confusion taille écran/lisibilité : un grand écran peut avoir des caractères petits ou peu contrastés.,"Voir la distinction détaillée dans la colonne attrait, reprise et relue lors de cette passe.",DESATURATION_N2_DISTRACTEURS_2026-10-09.csv,"Recto autonome, clé unique, alternatives et corrigé relus ; pas de quota de corrections.",2026-10-10,"Sources historiques datées conservées ; recroisements du 10 octobre détaillés dans le journal, sans antidater les consultations.",QCM ; 3 choix ; modèle historique conservé,03c4d0064449a2efe4a0e07671cd1eadd838e189d84e30acf2412e938d480a3b
n2-ordinateurs-lisibilite-001,13,Désaturation,P445,CONSERVEE,Conservée après nouvelle lecture : Confusion fonctions/capacité lecture : nombre de fonctions ou mémoire ne garantit pas la lecture en immersion. La distinction interrogée reste utile au même objectif.,"Avec votre masque et votre correction visuelle, vous devez lire rapidement profondeur, durée et alarmes. Quels critères d’affichage comptent directement pour choisir l’ordinateur ?","Taille des caractères, contraste et éclairage de l’écran",2,"Résolution de l’écran, nombre de modes et durée de la batterie",Confusion fonctions/capacité lecture : nombre de fonctions ou mémoire ne garantit pas la lecture en immersion.,"Voir la distinction détaillée dans la colonne attrait, reprise et relue lors de cette passe.",DESATURATION_N2_DISTRACTEURS_2026-10-09.csv,"Recto autonome, clé unique, alternatives et corrigé relus ; pas de quota de corrections.",2026-10-10,"Sources historiques datées conservées ; recroisements du 10 octobre détaillés dans le journal, sans antidater les consultations.",QCM ; 3 choix ; modèle historique conservé,03c4d0064449a2efe4a0e07671cd1eadd838e189d84e30acf2412e938d480a3b
n2-ordinateurs-modes-001,13,Désaturation,P446,CONSERVEE,Conservée après nouvelle lecture : Confusion conservatisme/composition : durcir le mode air ne renseigne pas la fraction d’oxygène réellement respirée. La distinction interrogée reste utile au même objectif.,Un futur projet utilise un mélange de plus de 21 % d’oxygène et demande des calculs de décompression correspondant à ce mélange. Quelle fonction faut-il vérifier sur l’ordinateur ?,Un mode nitrox couvrant la fraction d’oxygène prévue,1,Un mode air avec réglage de conservatisme personnel,Confusion conservatisme/composition : durcir le mode air ne renseigne pas la fraction d’oxygène réellement respirée.,"Voir la distinction détaillée dans la colonne attrait, reprise et relue lors de cette passe.",DESATURATION_N2_DISTRACTEURS_2026-10-09.csv,"Recto autonome, clé unique, alternatives et corrigé relus ; pas de quota de corrections.",2026-10-10,"Sources historiques datées conservées ; recroisements du 10 octobre détaillés dans le journal, sans antidater les consultations.",QCM ; 3 choix ; modèle historique conservé,cc8b93639a22fd1c1754f045d5ca25b3b28a5d1e232684fe5987dc84e7319ae6
n2-ordinateurs-modes-001,13,Désaturation,P446,CONSERVEE,Conservée après nouvelle lecture : Confusion profondeur/décompression : un profondimètre ne calcule pas la désaturation. La distinction interrogée reste utile au même objectif.,Un futur projet utilise un mélange de plus de 21 % d’oxygène et demande des calculs de décompression correspondant à ce mélange. Quelle fonction faut-il vérifier sur l’ordinateur ?,Un mode nitrox couvrant la fraction d’oxygène prévue,2,Un mode profondimètre avec alarmes de durée et profondeur,Confusion profondeur/décompression : un profondimètre ne calcule pas la désaturation.,"Voir la distinction détaillée dans la colonne attrait, reprise et relue lors de cette passe.",DESATURATION_N2_DISTRACTEURS_2026-10-09.csv,"Recto autonome, clé unique, alternatives et corrigé relus ; pas de quota de corrections.",2026-10-10,"Sources historiques datées conservées ; recroisements du 10 octobre détaillés dans le journal, sans antidater les consultations.",QCM ; 3 choix ; modèle historique conservé,cc8b93639a22fd1c1754f045d5ca25b3b28a5d1e232684fe5987dc84e7319ae6
n2-ordinateurs-gf-principe-001,13,Désaturation,P637,CONSERVEE,Conservée après nouvelle lecture : Confusion réglage statistique/probabilité personnelle d’ADD. La distinction interrogée reste utile au même objectif.,"Dans un modèle Bühlmann à gradient factors, que représente le pourcentage d’un GF par rapport à la pression ambiante et à la limite du modèle ?",Une fraction du gradient de sursaturation autorisé,1,La probabilité personnelle d’un accident en pourcentage,Confusion réglage statistique/probabilité personnelle d’ADD.,"Voir la distinction détaillée dans la colonne attrait, reprise et relue lors de cette passe.",DESATURATION_N2_DISTRACTEURS_2026-10-09.csv,"Recto autonome, clé unique, alternatives et corrigé relus ; pas de quota de corrections.",2026-10-10,"Sources historiques datées conservées ; recroisements du 10 octobre détaillés dans le journal, sans antidater les consultations.",QCM ; 3 choix ; modèle historique conservé,549014fe004118b1e46f2e219d0656b1a7e99d742f2773e0544f2831fbeb8b90
n2-ordinateurs-gf-principe-001,13,Désaturation,P637,CONSERVEE,Conservée après nouvelle lecture : Confusion pourcentage de gradient/pourcentage de pression totale depuis zéro. La distinction interrogée reste utile au même objectif.,"Dans un modèle Bühlmann à gradient factors, que représente le pourcentage d’un GF par rapport à la pression ambiante et à la limite du modèle ?",Une fraction du gradient de sursaturation autorisé,2,Une fraction de la M-value mesurée depuis zéro pression,Confusion pourcentage de gradient/pourcentage de pression totale depuis zéro.,"Voir la distinction détaillée dans la colonne attrait, reprise et relue lors de cette passe.",DESATURATION_N2_DISTRACTEURS_2026-10-09.csv,"Recto autonome, clé unique, alternatives et corrigé relus ; pas de quota de corrections.",2026-10-10,"Sources historiques datées conservées ; recroisements du 10 octobre détaillés dans le journal, sans antidater les consultations.",QCM ; 3 choix ; modèle historique conservé,549014fe004118b1e46f2e219d0656b1a7e99d742f2773e0544f2831fbeb8b90
n2-ordinateurs-gf-air-ffessm-001,13,Désaturation,P638,CONSERVEE,Conservée après nouvelle lecture : Confusion GF bas 30 de certains usages techniques/repère fédéral air. La distinction interrogée reste utile au même objectif.,"Pour une planification N2 ou N3 FFESSM à l’air avec un ordinateur réglable par gradient factors, quelle relation et quelle plage de valeurs sont indiquées pour GF bas et GF haut ?","GF bas = GF haut, entre 85 et 90 %",1,"GF bas = 30 %, GF haut entre 85 et 90 %",Confusion GF bas 30 de certains usages techniques/repère fédéral air.,"Voir la distinction détaillée dans la colonne attrait, reprise et relue lors de cette passe.",DESATURATION_N2_DISTRACTEURS_2026-10-09.csv,"Recto autonome, clé unique, alternatives et corrigé relus ; pas de quota de corrections.",2026-10-10,"Sources historiques datées conservées ; recroisements du 10 octobre détaillés dans le journal, sans antidater les consultations.",QCM ; 3 choix ; modèle historique conservé,ad50c61e61dd92814af9729b29ab0cce50021acbb14ed40acf08ffdc0fa1e4af
n2-ordinateurs-gf-air-ffessm-001,13,Désaturation,P638,CONSERVEE,Conservée après nouvelle lecture : Confusion GF haut original 100/repère fédéral 85–90. La distinction interrogée reste utile au même objectif.,"Pour une planification N2 ou N3 FFESSM à l’air avec un ordinateur réglable par gradient factors, quelle relation et quelle plage de valeurs sont indiquées pour GF bas et GF haut ?","GF bas = GF haut, entre 85 et 90 %",2,"GF bas entre 85 et 90 %, GF haut = 100 %",Confusion GF haut original 100/repère fédéral 85–90.,"Voir la distinction détaillée dans la colonne attrait, reprise et relue lors de cette passe.",DESATURATION_N2_DISTRACTEURS_2026-10-09.csv,"Recto autonome, clé unique, alternatives et corrigé relus ; pas de quota de corrections.",2026-10-10,"Sources historiques datées conservées ; recroisements du 10 octobre détaillés dans le journal, sans antidater les consultations.",QCM ; 3 choix ; modèle historique conservé,ad50c61e61dd92814af9729b29ab0cce50021acbb14ed40acf08ffdc0fa1e4af
n2-ordinateurs-plafond-lecture-001,13,Désaturation,P644,CONSERVEE,Conservée après nouvelle lecture : Confusion profondeur limite/valeur centrale : 5 m est au-dessus du plafond. La distinction interrogée reste utile au même objectif.,"Pendant une décompression, un Suunto Zoop Novo affiche CEILING 6 m. Parmi ces positions à un instant où ce plafond reste affiché, laquelle respecte cette limite ?",Se maintenir entre 6 et 7 m,1,Se maintenir entre 5 et 6 m,Confusion profondeur limite/valeur centrale : 5 m est au-dessus du plafond.,"Voir la distinction détaillée dans la colonne attrait, reprise et relue lors de cette passe.",DESATURATION_N2_DISTRACTEURS_2026-10-09.csv,"Recto autonome, clé unique, alternatives et corrigé relus ; pas de quota de corrections.",2026-10-10,"Sources historiques datées conservées ; recroisements du 10 octobre détaillés dans le journal, sans antidater les consultations.",QCM ; 3 choix ; modèle historique conservé,bbe5cd2c3f2c0caaad432a0ae99aca2b77fa5b17d80953b280e6af0b86f4e173
n2-ordinateurs-plafond-lecture-001,13,Désaturation,P644,CONSERVEE,Conservée après nouvelle lecture : Confusion zone symétrique/plafond : 5–7 m inclut une profondeur interdite. La distinction interrogée reste utile au même objectif.,"Pendant une décompression, un Suunto Zoop Novo affiche CEILING 6 m. Parmi ces positions à un instant où ce plafond reste affiché, laquelle respecte cette limite ?",Se maintenir entre 6 et 7 m,2,Osciller entre 5 et 7 m,Confusion zone symétrique/plafond : 5–7 m inclut une profondeur interdite.,"Voir la distinction détaillée dans la colonne attrait, reprise et relue lors de cette passe.",DESATURATION_N2_DISTRACTEURS_2026-10-09.csv,"Recto autonome, clé unique, alternatives et corrigé relus ; pas de quota de corrections.",2026-10-10,"Sources historiques datées conservées ; recroisements du 10 octobre détaillés dans le journal, sans antidater les consultations.",QCM ; 3 choix ; modèle historique conservé,bbe5cd2c3f2c0caaad432a0ae99aca2b77fa5b17d80953b280e6af0b86f4e173
n2-ordinateurs-plafonds-differents-001,13,Désaturation,P645,CONSERVEE,"Conservée après nouvelle lecture : Confusion contraintes/moyenne : 4,5 m franchit le plafond de A. La distinction interrogée reste utile au même objectif.","Deux équipiers sont à 7 m, avec du gaz suffisant. Les plafonds de décompression de leurs ordinateurs indiquent 6 m pour A et 3 m pour B. Quelle est la profondeur la plus faible qu’ils puissent rejoindre ensemble à cet instant en respectant les deux plafonds ?",6 m,1,"4,5 m","Confusion contraintes/moyenne : 4,5 m franchit le plafond de A.","Voir la distinction détaillée dans la colonne attrait, reprise et relue lors de cette passe.",DESATURATION_N2_DISTRACTEURS_2026-10-09.csv,"Recto autonome, clé unique, alternatives et corrigé relus ; pas de quota de corrections.",2026-10-10,"Sources historiques datées conservées ; recroisements du 10 octobre détaillés dans le journal, sans antidater les consultations.",QCM ; 3 choix ; modèle historique conservé,33de787a754e1d4ad7f6e24bfc4d0736362e05907587d4f089589b32e7c25546
n2-ordinateurs-plafonds-differents-001,13,Désaturation,P645,CONSERVEE,Conservée après nouvelle lecture : Confusion plus proche surface/contrainte collective : 3 m respecte B mais franchit A. La distinction interrogée reste utile au même objectif.,"Deux équipiers sont à 7 m, avec du gaz suffisant. Les plafonds de décompression de leurs ordinateurs indiquent 6 m pour A et 3 m pour B. Quelle est la profondeur la plus faible qu’ils puissent rejoindre ensemble à cet instant en respectant les deux plafonds ?",6 m,2,3 m,Confusion plus proche surface/contrainte collective : 3 m respecte B mais franchit A.,"Voir la distinction détaillée dans la colonne attrait, reprise et relue lors de cette passe.",DESATURATION_N2_DISTRACTEURS_2026-10-09.csv,"Recto autonome, clé unique, alternatives et corrigé relus ; pas de quota de corrections.",2026-10-10,"Sources historiques datées conservées ; recroisements du 10 octobre détaillés dans le journal, sans antidater les consultations.",QCM ; 3 choix ; modèle historique conservé,33de787a754e1d4ad7f6e24bfc4d0736362e05907587d4f089589b32e7c25546
n2-remontees-anormales-references-001,14,Désaturation,P454,CONSERVEE,Conservée après nouvelle lecture : Confondre nouvelles procédures et simple renommage des anciennes. La distinction interrogée reste utile au même objectif.,Une plongée à l’air est conduite à l’ordinateur. Quel rapport existe entre les rattrapages fédéraux de 2024 et les anciennes procédures MN90 ?,Les rattrapages de 2024 sont distincts des anciennes procédures MN90,1,Les rattrapages de 2024 reprennent les procédures MN90 avec de nouveaux intitulés,Confondre nouvelles procédures et simple renommage des anciennes.,"Voir la distinction détaillée dans la colonne attrait, reprise et relue lors de cette passe.",DESATURATION_N2_DISTRACTEURS_2026-10-09.csv,"Recto autonome, clé unique, alternatives et corrigé relus ; pas de quota de corrections.",2026-10-10,"Sources historiques datées conservées ; recroisements du 10 octobre détaillés dans le journal, sans antidater les consultations.",QCM ; 3 choix ; modèle historique conservé,cc5882fd882d01e59aed0caa672c6f58d51f935ac1b0e89bf2989ae49d930497
n2-remontees-anormales-references-001,14,Désaturation,P454,CONSERVEE,"Conservée après nouvelle lecture : Croire que seules les modalités d’alerte ont changé, sans toucher aux rattrapages. La distinction interrogée reste utile au même objectif.",Une plongée à l’air est conduite à l’ordinateur. Quel rapport existe entre les rattrapages fédéraux de 2024 et les anciennes procédures MN90 ?,Les rattrapages de 2024 sont distincts des anciennes procédures MN90,2,Les rattrapages restent ceux des MN90 ; le texte de 2024 modifie seulement l’alerte,"Croire que seules les modalités d’alerte ont changé, sans toucher aux rattrapages.","Voir la distinction détaillée dans la colonne attrait, reprise et relue lors de cette passe.",DESATURATION_N2_DISTRACTEURS_2026-10-09.csv,"Recto autonome, clé unique, alternatives et corrigé relus ; pas de quota de corrections.",2026-10-10,"Sources historiques datées conservées ; recroisements du 10 octobre détaillés dans le journal, sans antidater les consultations.",QCM ; 3 choix ; modèle historique conservé,cc5882fd882d01e59aed0caa672c6f58d51f935ac1b0e89bf2989ae49d930497
n2-remontees-anormales-seuil-001,14,Désaturation,P456,CONSERVEE,Conservée après nouvelle lecture : Confusion alarme fabricant 10 m/min/seuil fédéral 15 m/min. La distinction interrogée reste utile au même objectif.,"En plongée à l’air avec ordinateur, quels critères définissent la remontée trop rapide dans les préconisations fédérales de 2024 ?","Plus de 15 m/min entre 30 m et la surface, sur au moins 10 m",1,"Plus de 10 m/min entre 30 m et la surface, sur au moins 10 m",Confusion alarme fabricant 10 m/min/seuil fédéral 15 m/min.,"Voir la distinction détaillée dans la colonne attrait, reprise et relue lors de cette passe.",DESATURATION_N2_DISTRACTEURS_2026-10-09.csv,"Recto autonome, clé unique, alternatives et corrigé relus ; pas de quota de corrections.",2026-10-10,"Sources historiques datées conservées ; recroisements du 10 octobre détaillés dans le journal, sans antidater les consultations.",QCM ; 3 choix ; modèle historique conservé,293ef8005b532357d7afda4d7b08704f95db6d9b703e99c89ad5e720cc6e9a2f
n2-remontees-anormales-seuil-001,14,Désaturation,P456,CONSERVEE,Conservée après nouvelle lecture : Confusion distance minimale 10 m/délai ou distance de 3. La distinction interrogée reste utile au même objectif.,"En plongée à l’air avec ordinateur, quels critères définissent la remontée trop rapide dans les préconisations fédérales de 2024 ?","Plus de 15 m/min entre 30 m et la surface, sur au moins 10 m",2,"Plus de 15 m/min entre 30 m et la surface, sur au moins 3 m",Confusion distance minimale 10 m/délai ou distance de 3.,"Voir la distinction détaillée dans la colonne attrait, reprise et relue lors de cette passe.",DESATURATION_N2_DISTRACTEURS_2026-10-09.csv,"Recto autonome, clé unique, alternatives et corrigé relus ; pas de quota de corrections.",2026-10-10,"Sources historiques datées conservées ; recroisements du 10 octobre détaillés dans le journal, sans antidater les consultations.",QCM ; 3 choix ; modèle historique conservé,293ef8005b532357d7afda4d7b08704f95db6d9b703e99c89ad5e720cc6e9a2f
n2-remontees-anormales-rattrapage-001,14,Désaturation,P458,CORRIGEE,Recroisement newsletter 2024 / MFT recommandations CTN mai 2025 / Subaqua actualisé décembre 2025. Le MFT consolidé confirme 5 min à mi-profondeur puis des minima ; expliciter l’initiative du DP et le délai de 3 min maximum.,"À l’air avec ordinateur, le DP engage un rattrapage après une remontée trop rapide répondant aux critères fédéraux. Le plongeur est sans signe d’accident ; gaz et assistance permettent de rejoindre la profondeur requise dans le délai prévu. Quelle séquence minimale s’applique, en conservant les obligations de l’ordinateur plus importantes ?","5 min au moins à mi-profondeur ou plus profond, puis 1 min à 6 m et 5 min à 3 m",1,"12 min à mi-profondeur, puis paliers recalculés avec les tables MN90",Transférer le rattrapage MN90 connu à une plongée conduite à l’ordinateur.,Le MFT CTN mai 2025 p.2 donne 5 min au moins à mi-profondeur puis les minima 1 min/6 m et 5 min/3 m.,Analyse refaite dans le contrôle final,"Recto autonome, clé unique, alternatives et corrigé relus ; pas de quota de corrections.",2026-10-10,"Sources historiques datées conservées ; recroisements du 10 octobre détaillés dans le journal, sans antidater les consultations.",QCM ; 3 choix ; modèle historique conservé,03dbb3ca2573663d39fbea5fa4d08b1a5e334eed23832fb421ed9532e27da34e
n2-remontees-anormales-rattrapage-001,14,Désaturation,P458,CORRIGEE,Recroisement newsletter 2024 / MFT recommandations CTN mai 2025 / Subaqua actualisé décembre 2025. Le MFT consolidé confirme 5 min à mi-profondeur puis des minima ; expliciter l’initiative du DP et le délai de 3 min maximum.,"À l’air avec ordinateur, le DP engage un rattrapage après une remontée trop rapide répondant aux critères fédéraux. Le plongeur est sans signe d’accident ; gaz et assistance permettent de rejoindre la profondeur requise dans le délai prévu. Quelle séquence minimale s’applique, en conservant les obligations de l’ordinateur plus importantes ?","5 min au moins à mi-profondeur ou plus profond, puis 1 min à 6 m et 5 min à 3 m",2,"5 min au moins à mi-profondeur ou plus profond, puis 5 min à 6 m et 1 min à 3 m",Mémoriser 1 et 5 minutes en inversant les profondeurs associées.,Le texte associe 1 min à 6 m puis 5 min à 3 m ; les obligations plus importantes restent à respecter.,Analyse refaite dans le contrôle final,"Recto autonome, clé unique, alternatives et corrigé relus ; pas de quota de corrections.",2026-10-10,"Sources historiques datées conservées ; recroisements du 10 octobre détaillés dans le journal, sans antidater les consultations.",QCM ; 3 choix ; modèle historique conservé,03dbb3ca2573663d39fbea5fa4d08b1a5e334eed23832fb421ed9532e27da34e
n2-remontees-anormales-impossible-001,14,Désaturation,P461,CONSERVEE,Conservée après nouvelle lecture : Confusion remontée rapide/rupture limitée de palier : le suivi 3 h et arrêt 24 h ne remplace pas l’évacuation prévue pour cette remontée. La distinction interrogée reste utile au même objectif.,"Après une remontée trop rapide répondant aux critères fédéraux de 2024, à l’air avec ordinateur, la réimmersion est impossible. Quel dispositif prévu par ce texte faut-il engager avec l’avis médical ?",Oxygène en surface et évacuation coordonnée avec les secours,1,"Oxygène en surface, observation de 3 h et arrêt des plongées pendant 24 h",Confusion remontée rapide/rupture limitée de palier : le suivi 3 h et arrêt 24 h ne remplace pas l’évacuation prévue pour cette remontée.,"Voir la distinction détaillée dans la colonne attrait, reprise et relue lors de cette passe.",DESATURATION_N2_DISTRACTEURS_2026-10-09.csv,"Recto autonome, clé unique, alternatives et corrigé relus ; pas de quota de corrections.",2026-10-10,"Sources historiques datées conservées ; recroisements du 10 octobre détaillés dans le journal, sans antidater les consultations.",QCM ; 3 choix ; modèle historique conservé,17f203573d2c4366dbc050de9a8aae6cd59bbb36e80c5cc41415cd95b81b57e1
n2-remontees-anormales-impossible-001,14,Désaturation,P461,CONSERVEE,Conservée après nouvelle lecture : Confusion oxygène temporaire/prise en charge poursuivie : un délai de 30 min ne remplace pas le relais des secours. La distinction interrogée reste utile au même objectif.,"Après une remontée trop rapide répondant aux critères fédéraux de 2024, à l’air avec ordinateur, la réimmersion est impossible. Quel dispositif prévu par ce texte faut-il engager avec l’avis médical ?",Oxygène en surface et évacuation coordonnée avec les secours,2,"Oxygène en surface pendant 30 min, puis surveillance par les équipiers",Confusion oxygène temporaire/prise en charge poursuivie : un délai de 30 min ne remplace pas le relais des secours.,"Voir la distinction détaillée dans la colonne attrait, reprise et relue lors de cette passe.",DESATURATION_N2_DISTRACTEURS_2026-10-09.csv,"Recto autonome, clé unique, alternatives et corrigé relus ; pas de quota de corrections.",2026-10-10,"Sources historiques datées conservées ; recroisements du 10 octobre détaillés dans le journal, sans antidater les consultations.",QCM ; 3 choix ; modèle historique conservé,17f203573d2c4366dbc050de9a8aae6cd59bbb36e80c5cc41415cd95b81b57e1
n2-remontees-anormales-yoyos-001,14,Désaturation,P463,CONSERVEE,Conservée après nouvelle lecture : Confusion cycles pendant une immersion/plongées successives séparées par la surface. La distinction interrogée reste utile au même objectif.,"Pendant une même immersion d’exercices, la palanquée suit 20 m → 6 m → 20 m → 6 m → 20 m avant sa sortie finale. Comment classe-t-on ces variations de profondeur ?",Un profil multi-yoyos,1,Une série de plongées successives,Confusion cycles pendant une immersion/plongées successives séparées par la surface.,"Voir la distinction détaillée dans la colonne attrait, reprise et relue lors de cette passe.",DESATURATION_N2_DISTRACTEURS_2026-10-09.csv,"Recto autonome, clé unique, alternatives et corrigé relus ; pas de quota de corrections.",2026-10-10,"Sources historiques datées conservées ; recroisements du 10 octobre détaillés dans le journal, sans antidater les consultations.",QCM ; 3 choix ; modèle historique conservé,71a651246fe9f0932ce9135dc3806b27e360145d88c0397c3236e48af2f8ca69
n2-remontees-anormales-yoyos-001,14,Désaturation,P463,CONSERVEE,Conservée après nouvelle lecture : Confusion cycles pendant une immersion/plongées consécutives avec bref intervalle de surface. La distinction interrogée reste utile au même objectif.,"Pendant une même immersion d’exercices, la palanquée suit 20 m → 6 m → 20 m → 6 m → 20 m avant sa sortie finale. Comment classe-t-on ces variations de profondeur ?",Un profil multi-yoyos,2,Une série de plongées consécutives,Confusion cycles pendant une immersion/plongées consécutives avec bref intervalle de surface.,"Voir la distinction détaillée dans la colonne attrait, reprise et relue lors de cette passe.",DESATURATION_N2_DISTRACTEURS_2026-10-09.csv,"Recto autonome, clé unique, alternatives et corrigé relus ; pas de quota de corrections.",2026-10-10,"Sources historiques datées conservées ; recroisements du 10 octobre détaillés dans le journal, sans antidater les consultations.",QCM ; 3 choix ; modèle historique conservé,71a651246fe9f0932ce9135dc3806b27e360145d88c0397c3236e48af2f8ca69
n2-remontees-anormales-six-metres-001,14,Désaturation,P464,CONSERVEE,Conservée après nouvelle lecture : Confusion dernier palier/tour d’horizon 3 m avec seuil de proximité des exercices répétés. La distinction interrogée reste utile au même objectif.,"Pour des exercices comportant plusieurs remontées, quelle profondeur limite les préconisations fédérales de 2024 demandent-elles de ne pas dépasser vers la surface, dans la mesure du possible ?",6 m,1,3 m,Confusion dernier palier/tour d’horizon 3 m avec seuil de proximité des exercices répétés.,"Voir la distinction détaillée dans la colonne attrait, reprise et relue lors de cette passe.",DESATURATION_N2_DISTRACTEURS_2026-10-09.csv,"Recto autonome, clé unique, alternatives et corrigé relus ; pas de quota de corrections.",2026-10-10,"Sources historiques datées conservées ; recroisements du 10 octobre détaillés dans le journal, sans antidater les consultations.",QCM ; 3 choix ; modèle historique conservé,1e65c113073e29cd01767fbc58b102ed6091010f380411ee45bffd8a2c4e5a94
n2-remontees-anormales-six-metres-001,14,Désaturation,P464,CONSERVEE,Conservée après nouvelle lecture : Confusion marge personnelle/seuil fédéral : 9 m est plus conservateur mais n’est pas le seuil demandé. La distinction interrogée reste utile au même objectif.,"Pour des exercices comportant plusieurs remontées, quelle profondeur limite les préconisations fédérales de 2024 demandent-elles de ne pas dépasser vers la surface, dans la mesure du possible ?",6 m,2,9 m,Confusion marge personnelle/seuil fédéral : 9 m est plus conservateur mais n’est pas le seuil demandé.,"Voir la distinction détaillée dans la colonne attrait, reprise et relue lors de cette passe.",DESATURATION_N2_DISTRACTEURS_2026-10-09.csv,"Recto autonome, clé unique, alternatives et corrigé relus ; pas de quota de corrections.",2026-10-10,"Sources historiques datées conservées ; recroisements du 10 octobre détaillés dans le journal, sans antidater les consultations.",QCM ; 3 choix ; modèle historique conservé,1e65c113073e29cd01767fbc58b102ed6091010f380411ee45bffd8a2c4e5a94
n2-remontees-anormales-confort-001,14,Désaturation,P465,CONSERVEE,"Conservée après nouvelle lecture : Confusion palier de confort/décompression : ici le profil reste sans obligation, l’arrêt est ajouté volontairement. La distinction interrogée reste utile au même objectif.","Pendant une plongée normale à l’air avec ordinateur, quel arrêt interrompu à 3 m relève de la procédure fédérale de palier de décompression manqué ?",L’arrêt de décompression indiqué après dépassement du temps sans palier,1,L’arrêt de confort ajouté à un profil resté dans le temps sans palier,"Confusion palier de confort/décompression : ici le profil reste sans obligation, l’arrêt est ajouté volontairement.","Voir la distinction détaillée dans la colonne attrait, reprise et relue lors de cette passe.",DESATURATION_N2_DISTRACTEURS_2026-10-09.csv,"Recto autonome, clé unique, alternatives et corrigé relus ; pas de quota de corrections.",2026-10-10,"Sources historiques datées conservées ; recroisements du 10 octobre détaillés dans le journal, sans antidater les consultations.",QCM ; 3 choix ; modèle historique conservé,5002110e2f413c660df16c6c8da06a25841775400ea12483eee5a76bddf411a9
n2-remontees-anormales-confort-001,14,Désaturation,P465,CONSERVEE,Conservée après nouvelle lecture : Confusion arrêt technique/palier : la stabilisation pour le parachute n’est pas une obligation de décompression. La distinction interrogée reste utile au même objectif.,"Pendant une plongée normale à l’air avec ordinateur, quel arrêt interrompu à 3 m relève de la procédure fédérale de palier de décompression manqué ?",L’arrêt de décompression indiqué après dépassement du temps sans palier,2,L’arrêt de stabilisation choisi pour déployer le parachute avant la sortie,Confusion arrêt technique/palier : la stabilisation pour le parachute n’est pas une obligation de décompression.,"Voir la distinction détaillée dans la colonne attrait, reprise et relue lors de cette passe.",DESATURATION_N2_DISTRACTEURS_2026-10-09.csv,"Recto autonome, clé unique, alternatives et corrigé relus ; pas de quota de corrections.",2026-10-10,"Sources historiques datées conservées ; recroisements du 10 octobre détaillés dans le journal, sans antidater les consultations.",QCM ; 3 choix ; modèle historique conservé,5002110e2f413c660df16c6c8da06a25841775400ea12483eee5a76bddf411a9
n2-remontees-anormales-interruption-001,14,Désaturation,P466,CONSERVEE,Conservée après nouvelle lecture : Confusion reprendre le reliquat/recommencer tous les paliers. La distinction interrogée reste utile au même objectif.,Un palier obligatoire est interrompu lors d’une plongée à l’air avec ordinateur. Le plongeur est sans signe d’accident ; le gaz et l’assistance permettent de regagner le palier en moins de 3 min. Quelle reprise prévoit la recommandation fédérale de 2024 ?,Reprendre le palier et ajouter 3 min à 3 m,1,Recommencer tous les paliers depuis leur début et ajouter 3 min à 3 m,Confusion reprendre le reliquat/recommencer tous les paliers.,"Voir la distinction détaillée dans la colonne attrait, reprise et relue lors de cette passe.",DESATURATION_N2_DISTRACTEURS_2026-10-09.csv,"Recto autonome, clé unique, alternatives et corrigé relus ; pas de quota de corrections.",2026-10-10,"Sources historiques datées conservées ; recroisements du 10 octobre détaillés dans le journal, sans antidater les consultations.",QCM ; 3 choix ; modèle historique conservé,f0298ebf493f268fe152e238531309ef456e9738fbce96e128d67a804e74c827
n2-remontees-anormales-interruption-001,14,Désaturation,P466,CONSERVEE,Conservée après nouvelle lecture : Confusion niveau 3 m de l’ajout/niveau 6 m de l’autre procédure. La distinction interrogée reste utile au même objectif.,Un palier obligatoire est interrompu lors d’une plongée à l’air avec ordinateur. Le plongeur est sans signe d’accident ; le gaz et l’assistance permettent de regagner le palier en moins de 3 min. Quelle reprise prévoit la recommandation fédérale de 2024 ?,Reprendre le palier et ajouter 3 min à 3 m,2,Reprendre le palier et ajouter 3 min à 6 m,Confusion niveau 3 m de l’ajout/niveau 6 m de l’autre procédure.,"Voir la distinction détaillée dans la colonne attrait, reprise et relue lors de cette passe.",DESATURATION_N2_DISTRACTEURS_2026-10-09.csv,"Recto autonome, clé unique, alternatives et corrigé relus ; pas de quota de corrections.",2026-10-10,"Sources historiques datées conservées ; recroisements du 10 octobre détaillés dans le journal, sans antidater les consultations.",QCM ; 3 choix ; modèle historique conservé,f0298ebf493f268fe152e238531309ef456e9738fbce96e128d67a804e74c827
n2-remontees-anormales-observation-001,14,Désaturation,P468,CONSERVEE,Conservée après nouvelle lecture : Confusion surveillance 2024/avis pour tout incident RIFAP 2026 : l’absence de signe ne dispense pas de l’avis. La distinction interrogée reste utile au même objectif.,"En mer, jusqu’à 3 min de palier obligatoire ont été manquées à l’air avec ordinateur. Sans signe d’accident et sans réimmersion possible, quel suivi associe le texte de 2024 et l’avis médical demandé par le RIFAP 2026 ?","Avis médical via le CROSS, observation 3 h et pas de nouvelle plongée pendant 24 h",1,Observation 3 h et pas de nouvelle plongée pendant 24 h ; avis médical seulement si un signe apparaît,Confusion surveillance 2024/avis pour tout incident RIFAP 2026 : l’absence de signe ne dispense pas de l’avis.,"Voir la distinction détaillée dans la colonne attrait, reprise et relue lors de cette passe.",DESATURATION_N2_DISTRACTEURS_2026-10-09.csv,"Recto autonome, clé unique, alternatives et corrigé relus ; pas de quota de corrections.",2026-10-10,"Sources historiques datées conservées ; recroisements du 10 octobre détaillés dans le journal, sans antidater les consultations.",QCM ; 3 choix ; modèle historique conservé,0d0875168cddf0cbe3a2cf8f5b170a70a9de87e1d39c25a76b624baa8d9b49f6
n2-remontees-anormales-observation-001,14,Désaturation,P468,CONSERVEE,Conservée après nouvelle lecture : Confusion durées 3 h et 24 h avec des délais raccourcis 1 h et 12 h. La distinction interrogée reste utile au même objectif.,"En mer, jusqu’à 3 min de palier obligatoire ont été manquées à l’air avec ordinateur. Sans signe d’accident et sans réimmersion possible, quel suivi associe le texte de 2024 et l’avis médical demandé par le RIFAP 2026 ?","Avis médical via le CROSS, observation 3 h et pas de nouvelle plongée pendant 24 h",2,"Avis médical via le CROSS, observation 1 h et pas de nouvelle plongée pendant 12 h",Confusion durées 3 h et 24 h avec des délais raccourcis 1 h et 12 h.,"Voir la distinction détaillée dans la colonne attrait, reprise et relue lors de cette passe.",DESATURATION_N2_DISTRACTEURS_2026-10-09.csv,"Recto autonome, clé unique, alternatives et corrigé relus ; pas de quota de corrections.",2026-10-10,"Sources historiques datées conservées ; recroisements du 10 octobre détaillés dans le journal, sans antidater les consultations.",QCM ; 3 choix ; modèle historique conservé,0d0875168cddf0cbe3a2cf8f5b170a70a9de87e1d39c25a76b624baa8d9b49f6
n2-remontees-anormales-symptomes-001,14,Désaturation,P472,CONSERVEE,Conservée après nouvelle lecture : Confusion critère sans signe/incident symptomatique : le retour au palier en moins de 3 min n’est pas applicable à une victime avec signes. La distinction interrogée reste utile au même objectif.,"Après 2 min de palier obligatoire manquées, un plongeur présente faiblesse et fourmillements. Gaz et équipier permettraient une réimmersion rapide. Quelle branche de prise en charge s’applique ?","Secours, oxygène adapté et surveillance en surface",1,Reprise du palier en moins de 3 min et ajout de 3 min à 3 m,Confusion critère sans signe/incident symptomatique : le retour au palier en moins de 3 min n’est pas applicable à une victime avec signes.,"Voir la distinction détaillée dans la colonne attrait, reprise et relue lors de cette passe.",DESATURATION_N2_DISTRACTEURS_2026-10-09.csv,"Recto autonome, clé unique, alternatives et corrigé relus ; pas de quota de corrections.",2026-10-10,"Sources historiques datées conservées ; recroisements du 10 octobre détaillés dans le journal, sans antidater les consultations.",QCM ; 3 choix ; modèle historique conservé,3d8185c0860409e2a5653d627e3d298c6005bb2211541272947d7ef389a2e248
n2-remontees-anormales-symptomes-001,14,Désaturation,P472,CONSERVEE,Conservée après nouvelle lecture : Confusion rattrapage remontée rapide/prise en charge d’un accident : la séquence mi-profondeur ne traite pas des symptômes. La distinction interrogée reste utile au même objectif.,"Après 2 min de palier obligatoire manquées, un plongeur présente faiblesse et fourmillements. Gaz et équipier permettraient une réimmersion rapide. Quelle branche de prise en charge s’applique ?","Secours, oxygène adapté et surveillance en surface",2,"Rattrapage de 5 min à mi-profondeur, puis arrêts à 6 et 3 m",Confusion rattrapage remontée rapide/prise en charge d’un accident : la séquence mi-profondeur ne traite pas des symptômes.,"Voir la distinction détaillée dans la colonne attrait, reprise et relue lors de cette passe.",DESATURATION_N2_DISTRACTEURS_2026-10-09.csv,"Recto autonome, clé unique, alternatives et corrigé relus ; pas de quota de corrections.",2026-10-10,"Sources historiques datées conservées ; recroisements du 10 octobre détaillés dans le journal, sans antidater les consultations.",QCM ; 3 choix ; modèle historique conservé,3d8185c0860409e2a5653d627e3d298c6005bb2211541272947d7ef389a2e248
n2-gonflage-blocs-compresseur-001,15,Matériel et préparation,P474,CONSERVEE,Conservée après nouvelle lecture : Confondre deux origines réelles de pollution lors du gonflage. La distinction interrogée reste utile au même objectif.,Une prise d’air de compresseur est proche d’un moteur thermique en marche. Quelle contamination du gaz respirable est particulièrement liée à l’aspiration de ses gaz d’échappement ?,Du monoxyde de carbone issu de la combustion,1,Des aérosols d’huile issus de la lubrification du compresseur,Confondre deux origines réelles de pollution lors du gonflage.,"Les aérosols proposés viennent du compresseur, pas des échappements aspirés.",MATERIEL_PREPARATION_N2_2026-10-09.csv,"Recto autonome, clé unique, alternatives et corrigé relus ; pas de quota de corrections.",2026-10-10,"Sources historiques datées conservées ; recroisements du 10 octobre détaillés dans le journal, sans antidater les consultations.",QCM ; 3 choix ; modèle historique conservé,af5168f9d652f1dceed14eb60ce317e2700b9604ce15fbd0152431db874cff50
n2-gonflage-blocs-compresseur-001,15,Matériel et préparation,P474,CONSERVEE,"Conservée après nouvelle lecture : Retenir l’humidité, autre contaminant important du gaz. La distinction interrogée reste utile au même objectif.",Une prise d’air de compresseur est proche d’un moteur thermique en marche. Quelle contamination du gaz respirable est particulièrement liée à l’aspiration de ses gaz d’échappement ?,Du monoxyde de carbone issu de la combustion,2,De la vapeur d’eau issue de l’humidité atmosphérique,"Retenir l’humidité, autre contaminant important du gaz.",La vapeur proposée vient de l’atmosphère ; la contamination toxique liée aux échappements est le CO.,MATERIEL_PREPARATION_N2_2026-10-09.csv,"Recto autonome, clé unique, alternatives et corrigé relus ; pas de quota de corrections.",2026-10-10,"Sources historiques datées conservées ; recroisements du 10 octobre détaillés dans le journal, sans antidater les consultations.",QCM ; 3 choix ; modèle historique conservé,af5168f9d652f1dceed14eb60ce317e2700b9604ce15fbd0152431db874cff50
n2-gonflage-blocs-tampons-001,15,Matériel et préparation,P477,CONSERVEE,Conservée après nouvelle lecture : Attribuer à la batterie de stockage le rôle du compresseur qui la charge. La distinction interrogée reste utile au même objectif.,"Dans une station de gonflage, quelle fonction distingue les bouteilles tampons du compresseur ?",Stocker du gaz déjà comprimé pour le transvaser aux blocs,1,Comprimer l’air aspiré pour alimenter les blocs,Attribuer à la batterie de stockage le rôle du compresseur qui la charge.,Les tampons stockent et transvasent ; ils ne compriment pas eux-mêmes l’air aspiré.,MATERIEL_PREPARATION_N2_2026-10-09.csv,"Recto autonome, clé unique, alternatives et corrigé relus ; pas de quota de corrections.",2026-10-10,"Sources historiques datées conservées ; recroisements du 10 octobre détaillés dans le journal, sans antidater les consultations.",QCM ; 2 choix ; modèle historique conservé,2b15c5ccc7c9e841512dde301a44044af260210c6a32fde1a5a1325740d82dcc
n2-gonflage-blocs-pression-001,15,Matériel et préparation,P479,CONSERVEE,Conservée après nouvelle lecture : Prendre la pression d’épreuve pour une limite de remplissage. La distinction interrogée reste utile au même objectif.,Un bloc porte PS 230 bar et PT 345 bar. Quelle valeur fixe sa pression maximale admissible en service ?,230 bar,1,345 bar,Prendre la pression d’épreuve pour une limite de remplissage.,PT 345 est la pression d’épreuve ; la limite en service est PS 230.,MATERIEL_PREPARATION_N2_2026-10-09.csv,"Recto autonome, clé unique, alternatives et corrigé relus ; pas de quota de corrections.",2026-10-10,"Sources historiques datées conservées ; recroisements du 10 octobre détaillés dans le journal, sans antidater les consultations.",QCM ; 3 choix ; modèle historique conservé,1f5d27f5f41064a518f6b3d379a29d48af935935f9feca9f1e9650cdc7609945
n2-gonflage-blocs-pression-001,15,Matériel et préparation,P479,CONSERVEE,Conservée après nouvelle lecture : Appliquer la valeur familière de nombreux blocs 200 bar. La distinction interrogée reste utile au même objectif.,Un bloc porte PS 230 bar et PT 345 bar. Quelle valeur fixe sa pression maximale admissible en service ?,230 bar,2,200 bar,Appliquer la valeur familière de nombreux blocs 200 bar.,"Le marquage PS du bloc considéré donne 230, pas une valeur générique de 200.",MATERIEL_PREPARATION_N2_2026-10-09.csv,"Recto autonome, clé unique, alternatives et corrigé relus ; pas de quota de corrections.",2026-10-10,"Sources historiques datées conservées ; recroisements du 10 octobre détaillés dans le journal, sans antidater les consultations.",QCM ; 3 choix ; modèle historique conservé,1f5d27f5f41064a518f6b3d379a29d48af935935f9feca9f1e9650cdc7609945
n2-gonflage-blocs-habilitation-001,15,Matériel et préparation,P480,CONSERVEE,Conservée après nouvelle lecture : Étendre la décision du DP et l’autonomie N2 à la conduite de la station. La distinction interrogée reste utile au même objectif.,"Un N2 souhaite utiliser seul la station de gonflage de son club. À quel titre doit-il être autorisé à la conduire, en plus de ses compétences de plongeur ?","Comme utilisateur compétent de la station, reconnu par son exploitant",1,"Comme plongeur autonome, autorisé par le directeur de plongée",Étendre la décision du DP et l’autonomie N2 à la conduite de la station.,La reconnaissance de compétence et l’autorisation relèvent de l’exploitant de la station.,MATERIEL_PREPARATION_N2_2026-10-09.csv,"Recto autonome, clé unique, alternatives et corrigé relus ; pas de quota de corrections.",2026-10-10,"Sources historiques datées conservées ; recroisements du 10 octobre détaillés dans le journal, sans antidater les consultations.",QCM ; 3 choix ; modèle historique conservé,663ee413391b222add84f28580fa9fd86f733ff1d7a555c4db50527d3e32f6ef
n2-gonflage-blocs-habilitation-001,15,Matériel et préparation,P480,CONSERVEE,Conservée après nouvelle lecture : Confondre inspection des bouteilles et conduite d’un équipement de gonflage. La distinction interrogée reste utile au même objectif.,"Un N2 souhaite utiliser seul la station de gonflage de son club. À quel titre doit-il être autorisé à la conduire, en plus de ses compétences de plongeur ?","Comme utilisateur compétent de la station, reconnu par son exploitant",2,"Comme inspecteur des bouteilles, qualifié TIV par la fédération",Confondre inspection des bouteilles et conduite d’un équipement de gonflage.,La qualification TIV porte sur l’inspection et ne vaut pas autorisation de cette station.,MATERIEL_PREPARATION_N2_2026-10-09.csv,"Recto autonome, clé unique, alternatives et corrigé relus ; pas de quota de corrections.",2026-10-10,"Sources historiques datées conservées ; recroisements du 10 octobre détaillés dans le journal, sans antidater les consultations.",QCM ; 3 choix ; modèle historique conservé,663ee413391b222add84f28580fa9fd86f733ff1d7a555c4db50527d3e32f6ef
n2-gonflage-blocs-materiau-001,15,Matériel et préparation,P483,CONSERVEE,Conservée après nouvelle lecture : Assimiler le volume d’eau déplacé à la capacité intérieure annoncée en litres. La distinction interrogée reste utile au même objectif.,"Pour comparer la flottabilité de deux modèles de blocs acier et aluminium, quelles données faut-il prendre en compte à la pression considérée ?",La masse totale et le volume extérieur de chaque bloc,1,La masse totale et la capacité intérieure de chaque bloc,Assimiler le volume d’eau déplacé à la capacité intérieure annoncée en litres.,"Archimède utilise le volume extérieur, qui n’est pas la capacité de stockage.",MATERIEL_PREPARATION_N2_2026-10-09.csv,"Recto autonome, clé unique, alternatives et corrigé relus ; pas de quota de corrections.",2026-10-10,"Sources historiques datées conservées ; recroisements du 10 octobre détaillés dans le journal, sans antidater les consultations.",QCM ; 3 choix ; modèle historique conservé,fe47cce862bb6df8e141004380f9b00d67c803e0868790021dbc965b0565d6d6
n2-gonflage-blocs-materiau-001,15,Matériel et préparation,P483,CONSERVEE,Conservée après nouvelle lecture : Déduire la flottabilité du matériau et de la taille commerciale. La distinction interrogée reste utile au même objectif.,"Pour comparer la flottabilité de deux modèles de blocs acier et aluminium, quelles données faut-il prendre en compte à la pression considérée ?",La masse totale et le volume extérieur de chaque bloc,2,Le matériau et la capacité intérieure de chaque bloc,Déduire la flottabilité du matériau et de la taille commerciale.,"Il faut connaître les masses et volumes extérieurs réels, ainsi que le gaz contenu.",MATERIEL_PREPARATION_N2_2026-10-09.csv,"Recto autonome, clé unique, alternatives et corrigé relus ; pas de quota de corrections.",2026-10-10,"Sources historiques datées conservées ; recroisements du 10 octobre détaillés dans le journal, sans antidater les consultations.",QCM ; 3 choix ; modèle historique conservé,fe47cce862bb6df8e141004380f9b00d67c803e0868790021dbc965b0565d6d6
n2-gonflage-blocs-bi-001,15,Matériel et préparation,P484,CONSERVEE,Conservée après nouvelle lecture : Confondre deux sources de respiration avec deux réserves indépendantes. La distinction interrogée reste utile au même objectif.,"Sur un bi-bloc, quel élément faut-il examiner pour savoir si une fuite peut vider le gaz des deux bouteilles ?",La communication de gaz entre leurs robinetteries,1,Le nombre de seconds étages montés sur l’ensemble,Confondre deux sources de respiration avec deux réserves indépendantes.,Deux seconds étages peuvent partager le même stock de gaz.,MATERIEL_PREPARATION_N2_2026-10-09.csv,"Recto autonome, clé unique, alternatives et corrigé relus ; pas de quota de corrections.",2026-10-10,"Sources historiques datées conservées ; recroisements du 10 octobre détaillés dans le journal, sans antidater les consultations.",QCM ; 3 choix ; modèle historique conservé,9b29bc8f3a6d22eb8c3294f68918ea0b5f7266fb5b89b3bb965c11bc0642f6a3
n2-gonflage-blocs-bi-001,15,Matériel et préparation,P484,CONSERVEE,Conservée après nouvelle lecture : Assimiler deux instruments de suivi à deux circuits indépendants. La distinction interrogée reste utile au même objectif.,"Sur un bi-bloc, quel élément faut-il examiner pour savoir si une fuite peut vider le gaz des deux bouteilles ?",La communication de gaz entre leurs robinetteries,2,Le nombre de manomètres montés sur l’ensemble,Assimiler deux instruments de suivi à deux circuits indépendants.,Le nombre de manomètres ne décrit pas la liaison entre les bouteilles.,MATERIEL_PREPARATION_N2_2026-10-09.csv,"Recto autonome, clé unique, alternatives et corrigé relus ; pas de quota de corrections.",2026-10-10,"Sources historiques datées conservées ; recroisements du 10 octobre détaillés dans le journal, sans antidater les consultations.",QCM ; 3 choix ; modèle historique conservé,9b29bc8f3a6d22eb8c3294f68918ea0b5f7266fb5b89b3bb965c11bc0642f6a3
n2-gonflage-blocs-chaleur-chocs-001,15,Matériel et préparation,P494,CONSERVEE,Conservée après nouvelle lecture : Inverser le sens de la relation pression/température. La distinction interrogée reste utile au même objectif.,"Un bloc gonflé, robinet fermé, subit une forte chaleur puis un choc sur sa robinetterie. Quelle distinction décrit les deux risques ?",La chaleur augmente la pression ; le choc peut endommager l’assemblage,1,La chaleur diminue la pression ; le choc peut endommager l’assemblage,Inverser le sens de la relation pression/température.,"À volume fermé, l’échauffement augmente la pression.",MATERIEL_PREPARATION_N2_2026-10-09.csv,"Recto autonome, clé unique, alternatives et corrigé relus ; pas de quota de corrections.",2026-10-10,"Sources historiques datées conservées ; recroisements du 10 octobre détaillés dans le journal, sans antidater les consultations.",QCM ; 3 choix ; modèle historique conservé,5c341b24919d6a06f4e5d15938cdf8384f21e8b166d0a3c4c1a61ae90ef1ab40
n2-gonflage-blocs-chaleur-chocs-001,15,Matériel et préparation,P494,CONSERVEE,Conservée après nouvelle lecture : Limiter un choc de robinet au défaut de joint le plus familier. La distinction interrogée reste utile au même objectif.,"Un bloc gonflé, robinet fermé, subit une forte chaleur puis un choc sur sa robinetterie. Quelle distinction décrit les deux risques ?",La chaleur augmente la pression ; le choc peut endommager l’assemblage,2,La chaleur augmente la pression ; le choc ne concerne que l’étanchéité,Limiter un choc de robinet au défaut de joint le plus familier.,Un impact peut aussi endommager l’assemblage ou le métal ; pas seulement l’étanchéité.,MATERIEL_PREPARATION_N2_2026-10-09.csv,"Recto autonome, clé unique, alternatives et corrigé relus ; pas de quota de corrections.",2026-10-10,"Sources historiques datées conservées ; recroisements du 10 octobre détaillés dans le journal, sans antidater les consultations.",QCM ; 3 choix ; modèle historique conservé,5c341b24919d6a06f4e5d15938cdf8384f21e8b166d0a3c4c1a61ae90ef1ab40
n2-gonflage-blocs-eau-001,15,Matériel et préparation,P495,CONSERVEE,Conservée après nouvelle lecture : Associer vidange et déformation du récipient sous pression. La distinction interrogée reste utile au même objectif.,Un bloc acier entièrement vidé a pris de l’eau par son robinet resté ouvert. Quel mécanisme peut dégrader durablement sa paroi intérieure ?,La corrosion du métal au contact de l’humidité,1,La déformation élastique du métal lors de la détente,Associer vidange et déformation du récipient sous pression.,Une déformation élastique est réversible ; elle ne décrit pas la corrosion provoquée par l’humidité.,MATERIEL_PREPARATION_N2_2026-10-09.csv,"Recto autonome, clé unique, alternatives et corrigé relus ; pas de quota de corrections.",2026-10-10,"Sources historiques datées conservées ; recroisements du 10 octobre détaillés dans le journal, sans antidater les consultations.",QCM ; 3 choix ; modèle historique conservé,f5c0e5327b9de4a67b7261fded3ad63d8fdeff3b53ed83b865bfa140fa462b9c
n2-gonflage-blocs-eau-001,15,Matériel et préparation,P495,CONSERVEE,Conservée après nouvelle lecture : Confondre dégradation chimique et érosion mécanique. La distinction interrogée reste utile au même objectif.,Un bloc acier entièrement vidé a pris de l’eau par son robinet resté ouvert. Quel mécanisme peut dégrader durablement sa paroi intérieure ?,La corrosion du métal au contact de l’humidité,2,L’usure du métal par le seul écoulement de l’eau,Confondre dégradation chimique et érosion mécanique.,"Dans ce bloc qui a pris de l’eau, le risque décrit est la corrosion, pas l’usure par le seul écoulement.",MATERIEL_PREPARATION_N2_2026-10-09.csv,"Recto autonome, clé unique, alternatives et corrigé relus ; pas de quota de corrections.",2026-10-10,"Sources historiques datées conservées ; recroisements du 10 octobre détaillés dans le journal, sans antidater les consultations.",QCM ; 3 choix ; modèle historique conservé,f5c0e5327b9de4a67b7261fded3ad63d8fdeff3b53ed83b865bfa140fa462b9c
n2-gonflage-blocs-vidange-001,15,Matériel et préparation,P496,CONSERVEE,Conservée après nouvelle lecture : Appliquer à la vidange le phénomène thermique du gonflage. La distinction interrogée reste utile au même objectif.,"Lors d’une vidange très rapide d’un bloc à l’air libre, quel effet thermique explique le risque de givrage de la robinetterie ?",Le refroidissement associé à la détente du gaz,1,L’échauffement associé à la compression du gaz,Appliquer à la vidange le phénomène thermique du gonflage.,"La vidange provoque une détente, et non une compression qui chauffe.",MATERIEL_PREPARATION_N2_2026-10-09.csv,"Recto autonome, clé unique, alternatives et corrigé relus ; pas de quota de corrections.",2026-10-10,"Sources historiques datées conservées ; recroisements du 10 octobre détaillés dans le journal, sans antidater les consultations.",QCM ; 3 choix ; modèle historique conservé,088b1dbda3a7c68a3dd217d1b8927b25cb5c20aaa51ce321205338d24a113e9a
n2-gonflage-blocs-vidange-001,15,Matériel et préparation,P496,CONSERVEE,Conservée après nouvelle lecture : Se souvenir du refroidissement mais inverser l’évolution de pression. La distinction interrogée reste utile au même objectif.,"Lors d’une vidange très rapide d’un bloc à l’air libre, quel effet thermique explique le risque de givrage de la robinetterie ?",Le refroidissement associé à la détente du gaz,2,Le refroidissement associé à l’augmentation de pression du gaz,Se souvenir du refroidissement mais inverser l’évolution de pression.,Le bloc se dépressurise ; la pression n’augmente pas pendant cette vidange.,MATERIEL_PREPARATION_N2_2026-10-09.csv,"Recto autonome, clé unique, alternatives et corrigé relus ; pas de quota de corrections.",2026-10-10,"Sources historiques datées conservées ; recroisements du 10 octobre détaillés dans le journal, sans antidater les consultations.",QCM ; 3 choix ; modèle historique conservé,088b1dbda3a7c68a3dd217d1b8927b25cb5c20aaa51ce321205338d24a113e9a
n2-gonflage-blocs-corrosion-001,15,Matériel et préparation,P497,CONSERVEE,Conservée après nouvelle lecture : Prendre un test sans fuite pour une mesure de matière résistante. La distinction interrogée reste utile au même objectif.,"Des traces de corrosion apparaissent sous le culot d’un bloc acier, sans fuite constatée. Que démontre cette absence de fuite au moment du contrôle ?","L’étanchéité actuelle, sans établir l’épaisseur de métal restante",1,"L’épaisseur de métal restante, sans établir l’état de la peinture",Prendre un test sans fuite pour une mesure de matière résistante.,L’étanchéité actuelle ne mesure pas l’épaisseur de métal restante.,MATERIEL_PREPARATION_N2_2026-10-09.csv,"Recto autonome, clé unique, alternatives et corrigé relus ; pas de quota de corrections.",2026-10-10,"Sources historiques datées conservées ; recroisements du 10 octobre détaillés dans le journal, sans antidater les consultations.",QCM ; 3 choix ; modèle historique conservé,f52c1b3e6396f62316ebba78a13ad466e4f91faf48d2a43e997b516d11bb957a
n2-gonflage-blocs-corrosion-001,15,Matériel et préparation,P497,CONSERVEE,Conservée après nouvelle lecture : Prendre un état observé pour la preuve d’un suivi réglementaire valide. La distinction interrogée reste utile au même objectif.,"Des traces de corrosion apparaissent sous le culot d’un bloc acier, sans fuite constatée. Que démontre cette absence de fuite au moment du contrôle ?","L’étanchéité actuelle, sans établir l’épaisseur de métal restante",2,"La validité de la requalification, sans établir l’état du culot",Prendre un état observé pour la preuve d’un suivi réglementaire valide.,Une absence de fuite n’établit ni date ni validité de requalification.,MATERIEL_PREPARATION_N2_2026-10-09.csv,"Recto autonome, clé unique, alternatives et corrigé relus ; pas de quota de corrections.",2026-10-10,"Sources historiques datées conservées ; recroisements du 10 octobre détaillés dans le journal, sans antidater les consultations.",QCM ; 3 choix ; modèle historique conservé,f52c1b3e6396f62316ebba78a13ad466e4f91faf48d2a43e997b516d11bb957a
n2-gonflage-blocs-periodicites-001,15,Matériel et préparation,P500,CONSERVEE,Conservée après nouvelle lecture : Réutiliser l’ancien intervalle de cinq ans du support N2. La distinction interrogée reste utile au même objectif.,"En France, quelles périodicités maximales de requalification distinguent le régime ordinaire d’un bloc métallique de plongée et le régime avec inspections et traçabilité conformes au cahier des charges TIV ?",Régime ordinaire : 2 ans ; régime conforme au cahier des charges : 6 ans,1,Régime ordinaire : 2 ans ; régime conforme au cahier des charges : 5 ans,Réutiliser l’ancien intervalle de cinq ans du support N2.,"Article 18 actuel : six ans sous le cahier des charges, pas cinq.",MATERIEL_PREPARATION_N2_2026-10-09.csv,"Recto autonome, clé unique, alternatives et corrigé relus ; pas de quota de corrections.",2026-10-10,"Sources historiques datées conservées ; recroisements du 10 octobre détaillés dans le journal, sans antidater les consultations.",QCM ; 3 choix ; modèle historique conservé,375f96de092a4c997f1cb35f39cea84cb216886e78f8699ef8ef29729488c1c9
n2-gonflage-blocs-periodicites-001,15,Matériel et préparation,P500,CONSERVEE,Conservée après nouvelle lecture : Étendre aux bouteilles de plongée un intervalle d’inspection d’autres équipements. La distinction interrogée reste utile au même objectif.,"En France, quelles périodicités maximales de requalification distinguent le régime ordinaire d’un bloc métallique de plongée et le régime avec inspections et traçabilité conformes au cahier des charges TIV ?",Régime ordinaire : 2 ans ; régime conforme au cahier des charges : 6 ans,2,Régime ordinaire : 4 ans ; régime conforme au cahier des charges : 6 ans,Étendre aux bouteilles de plongée un intervalle d’inspection d’autres équipements.,Le régime ordinaire de requalification des bouteilles de plongée est deux ans.,MATERIEL_PREPARATION_N2_2026-10-09.csv,"Recto autonome, clé unique, alternatives et corrigé relus ; pas de quota de corrections.",2026-10-10,"Sources historiques datées conservées ; recroisements du 10 octobre détaillés dans le journal, sans antidater les consultations.",QCM ; 3 choix ; modèle historique conservé,375f96de092a4c997f1cb35f39cea84cb216886e78f8699ef8ef29729488c1c9
n2-gonflage-blocs-transport-001,15,Matériel et préparation,P502,CONSERVEE,Conservée après nouvelle lecture : Confondre stabilité du bloc posé et immobilisation pendant un freinage. La distinction interrogée reste utile au même objectif.,Un bloc est équipé d’un culot en PVC. Quelle fonction de cet accessoire faut-il distinguer de l’arrimage nécessaire pour le transporter en voiture ?,Maintenir le bloc debout lorsqu’il est posé sur sa base,1,Maintenir le bloc dans le véhicule lors d’un freinage,Confondre stabilité du bloc posé et immobilisation pendant un freinage.,Le culot maintient le bloc debout ; il ne le fixe pas au véhicule.,MATERIEL_PREPARATION_N2_2026-10-09.csv,"Recto autonome, clé unique, alternatives et corrigé relus ; pas de quota de corrections.",2026-10-10,"Sources historiques datées conservées ; recroisements du 10 octobre détaillés dans le journal, sans antidater les consultations.",QCM ; 3 choix ; modèle historique conservé,bbe1616c4c9ffb9d8db530e36abfcf88d28f775729d3d156493ceac8860e497f
n2-gonflage-blocs-transport-001,15,Matériel et préparation,P502,CONSERVEE,Conservée après nouvelle lecture : Attribuer à un accessoire de protection du bas de bouteille la protection du robinet. La distinction interrogée reste utile au même objectif.,Un bloc est équipé d’un culot en PVC. Quelle fonction de cet accessoire faut-il distinguer de l’arrimage nécessaire pour le transporter en voiture ?,Maintenir le bloc debout lorsqu’il est posé sur sa base,2,Protéger le robinet contre une ouverture accidentelle,Attribuer à un accessoire de protection du bas de bouteille la protection du robinet.,Le culot se situe à la base et n’empêche pas une ouverture accidentelle de la robinetterie.,MATERIEL_PREPARATION_N2_2026-10-09.csv,"Recto autonome, clé unique, alternatives et corrigé relus ; pas de quota de corrections.",2026-10-10,"Sources historiques datées conservées ; recroisements du 10 octobre détaillés dans le journal, sans antidater les consultations.",QCM ; 3 choix ; modèle historique conservé,bbe1616c4c9ffb9d8db530e36abfcf88d28f775729d3d156493ceac8860e497f
n2-gonflage-blocs-date-depassee-001,15,Matériel et préparation,P505,CONSERVEE,Conservée après nouvelle lecture : Croire que la visite TIV annuelle renouvelle également la requalification. La distinction interrogée reste utile au même objectif.,L’échéance de requalification d’un bloc est dépassée. Quelle opération peut rétablir la validité de son suivi pour le remettre en service ?,Une requalification conforme réalisée sous la responsabilité d’un organisme habilité,1,Une inspection visuelle annuelle enregistrée par un TIV du club,Croire que la visite TIV annuelle renouvelle également la requalification.,Inspection et requalification sont des opérations distinctes ; une inspection ne remplace pas une requalification échue.,MATERIEL_PREPARATION_N2_2026-10-09.csv,"Recto autonome, clé unique, alternatives et corrigé relus ; pas de quota de corrections.",2026-10-10,"Sources historiques datées conservées ; recroisements du 10 octobre détaillés dans le journal, sans antidater les consultations.",QCM ; 3 choix ; modèle historique conservé,f9d90d54801320900bfcc70e0efa0327293114171950498d26912353505b3202
n2-gonflage-blocs-date-depassee-001,15,Matériel et préparation,P505,CONSERVEE,Conservée après nouvelle lecture : Assimiler tenue à la pression de service et contrôle réglementaire complet. La distinction interrogée reste utile au même objectif.,L’échéance de requalification d’un bloc est dépassée. Quelle opération peut rétablir la validité de son suivi pour le remettre en service ?,Une requalification conforme réalisée sous la responsabilité d’un organisme habilité,2,Un contrôle d’étanchéité après gonflage à la pression de service,Assimiler tenue à la pression de service et contrôle réglementaire complet.,"Une requalification inclut documents, inspection, épreuve et accessoires ; le test proposé ne la remplace pas.",MATERIEL_PREPARATION_N2_2026-10-09.csv,"Recto autonome, clé unique, alternatives et corrigé relus ; pas de quota de corrections.",2026-10-10,"Sources historiques datées conservées ; recroisements du 10 octobre détaillés dans le journal, sans antidater les consultations.",QCM ; 3 choix ; modèle historique conservé,f9d90d54801320900bfcc70e0efa0327293114171950498d26912353505b3202
n2-detendeurs-pressions-001,16,Matériel et préparation,P508,CONSERVEE,"Conservée après nouvelle lecture : Croire que la première détente suffit, puis confondre commande de débit et pression respirée. La distinction interrogée reste utile au même objectif.","Sur ce schéma conceptuel d’un détendeur à deux étages, quelle réduction de pression réalise A, puis B ?

<svg xmlns=""http://www.w3.org/2000/svg"" viewBox=""0 0 640 180"" role=""img"" aria-label=""Bloc vers étage A, flexible vers étage B, puis bouche"" style=""width:100%;max-width:640px;height:auto""><rect width=""640"" height=""180"" fill=""#ffffff""/><defs><marker id=""fleche"" markerWidth=""8"" markerHeight=""8"" refX=""7"" refY=""4"" orient=""auto""><path d=""M0,0 L8,4 L0,8"" fill=""#2878a0""/></marker></defs><g fill=""#eaf5fa"" stroke=""#2878a0"" stroke-width=""2""><rect x=""10"" y=""55"" width=""110"" height=""70"" rx=""8""/><rect x=""190"" y=""55"" width=""110"" height=""70"" rx=""8""/><rect x=""370"" y=""55"" width=""110"" height=""70"" rx=""8""/><rect x=""545"" y=""55"" width=""85"" height=""70"" rx=""8""/></g><g stroke=""#2878a0"" stroke-width=""3"" marker-end=""url(#fleche)""><path d=""M120 90 H180""/><path d=""M300 90 H360""/><path d=""M480 90 H535""/></g><g fill=""#16394a"" text-anchor=""middle"" font-family=""sans-serif"" font-size=""18""><text x=""65"" y=""96"">Bloc</text><text x=""245"" y=""96"">Étage A</text><text x=""425"" y=""96"">Étage B</text><text x=""588"" y=""96"">Bouche</text><text x=""335"" y=""152"">Flexible</text></g></svg>",A réduit HP vers MP ; B réduit MP vers la pression ambiante,1,A réduit HP vers la pression ambiante ; B commande le débit sans nouvelle réduction,"Croire que la première détente suffit, puis confondre commande de débit et pression respirée.",Le flexible reste à MP et le second étage effectue la détente vers l’ambiante.,MATERIEL_PREPARATION_N2_2026-10-09.csv,"Recto autonome, clé unique, alternatives et corrigé relus ; pas de quota de corrections.",2026-10-10,"Sources historiques datées conservées ; recroisements du 10 octobre détaillés dans le journal, sans antidater les consultations.",QCM ; 3 choix ; modèle historique conservé,88629e21b38f31660f82c9721c0452f6a447d6caa1d8759399f4e40696c8a719
n2-detendeurs-pressions-001,16,Matériel et préparation,P508,CONSERVEE,Conservée après nouvelle lecture : Étendre la pression de surface à la pression respirée en profondeur. La distinction interrogée reste utile au même objectif.,"Sur ce schéma conceptuel d’un détendeur à deux étages, quelle réduction de pression réalise A, puis B ?

<svg xmlns=""http://www.w3.org/2000/svg"" viewBox=""0 0 640 180"" role=""img"" aria-label=""Bloc vers étage A, flexible vers étage B, puis bouche"" style=""width:100%;max-width:640px;height:auto""><rect width=""640"" height=""180"" fill=""#ffffff""/><defs><marker id=""fleche"" markerWidth=""8"" markerHeight=""8"" refX=""7"" refY=""4"" orient=""auto""><path d=""M0,0 L8,4 L0,8"" fill=""#2878a0""/></marker></defs><g fill=""#eaf5fa"" stroke=""#2878a0"" stroke-width=""2""><rect x=""10"" y=""55"" width=""110"" height=""70"" rx=""8""/><rect x=""190"" y=""55"" width=""110"" height=""70"" rx=""8""/><rect x=""370"" y=""55"" width=""110"" height=""70"" rx=""8""/><rect x=""545"" y=""55"" width=""85"" height=""70"" rx=""8""/></g><g stroke=""#2878a0"" stroke-width=""3"" marker-end=""url(#fleche)""><path d=""M120 90 H180""/><path d=""M300 90 H360""/><path d=""M480 90 H535""/></g><g fill=""#16394a"" text-anchor=""middle"" font-family=""sans-serif"" font-size=""18""><text x=""65"" y=""96"">Bloc</text><text x=""245"" y=""96"">Étage A</text><text x=""425"" y=""96"">Étage B</text><text x=""588"" y=""96"">Bouche</text><text x=""335"" y=""152"">Flexible</text></g></svg>",A réduit HP vers MP ; B réduit MP vers la pression ambiante,2,A réduit HP vers MP ; B réduit MP vers une pression fixe de 1 bar,Étendre la pression de surface à la pression respirée en profondeur.,"La pression respirée suit la pression ambiante, et non une valeur constante de 1 bar.",MATERIEL_PREPARATION_N2_2026-10-09.csv,"Recto autonome, clé unique, alternatives et corrigé relus ; pas de quota de corrections.",2026-10-10,"Sources historiques datées conservées ; recroisements du 10 octobre détaillés dans le journal, sans antidater les consultations.",QCM ; 3 choix ; modèle historique conservé,88629e21b38f31660f82c9721c0452f6a447d6caa1d8759399f4e40696c8a719
n2-detendeurs-relative-absolue-001,16,Matériel et préparation,P512,CONSERVEE,Conservée après nouvelle lecture : Lire une MP relative comme une valeur absolue. La distinction interrogée reste utile au même objectif.,"Un premier étage maintient sa pression intermédiaire à 9,5 bar au-dessus de l’ambiante. Quelle expression donne cette pression intermédiaire en valeur absolue ?","Pression ambiante + 9,5 bar de surpression",1,"9,5 bar absolus, indépendamment de la profondeur",Lire une MP relative comme une valeur absolue.,"La valeur absolue ajoute l’ambiante à la surpression de 9,5 bar.",MATERIEL_PREPARATION_N2_2026-10-09.csv,"Recto autonome, clé unique, alternatives et corrigé relus ; pas de quota de corrections.",2026-10-10,"Sources historiques datées conservées ; recroisements du 10 octobre détaillés dans le journal, sans antidater les consultations.",QCM ; 3 choix ; modèle historique conservé,c595cd92aec7bfba8027f15aa501ab0d4defe6eb31b57d5cd2ebce3fba33c01e
n2-detendeurs-relative-absolue-001,16,Matériel et préparation,P512,CONSERVEE,Conservée après nouvelle lecture : Interpréter le réglage comme une chute fixe depuis la pression du bloc. La distinction interrogée reste utile au même objectif.,"Un premier étage maintient sa pression intermédiaire à 9,5 bar au-dessus de l’ambiante. Quelle expression donne cette pression intermédiaire en valeur absolue ?","Pression ambiante + 9,5 bar de surpression",2,"Pression du bloc − 9,5 bar de surpression",Interpréter le réglage comme une chute fixe depuis la pression du bloc.,"9,5 bar est l’écart avec l’ambiante, pas avec la HP du bloc.",MATERIEL_PREPARATION_N2_2026-10-09.csv,"Recto autonome, clé unique, alternatives et corrigé relus ; pas de quota de corrections.",2026-10-10,"Sources historiques datées conservées ; recroisements du 10 octobre détaillés dans le journal, sans antidater les consultations.",QCM ; 3 choix ; modèle historique conservé,c595cd92aec7bfba8027f15aa501ab0d4defe6eb31b57d5cd2ebce3fba33c01e
n2-detendeurs-fixations-001,16,Matériel et préparation,P514,CONSERVEE,Conservée après nouvelle lecture : Inverser les deux modes de raccordement DIN et étrier. La distinction interrogée reste utile au même objectif.,Quelle différence mécanique entre une fixation DIN et une fixation par étrier du premier étage ?,DIN : vissage dans le robinet ; étrier : serrage autour du robinet,1,DIN : serrage autour du robinet ; étrier : vissage dans le robinet,Inverser les deux modes de raccordement DIN et étrier.,DIN se visse dans la sortie du robinet ; l’étrier serre autour.,MATERIEL_PREPARATION_N2_2026-10-09.csv,"Recto autonome, clé unique, alternatives et corrigé relus ; pas de quota de corrections.",2026-10-10,"Sources historiques datées conservées ; recroisements du 10 octobre détaillés dans le journal, sans antidater les consultations.",QCM ; 3 choix ; modèle historique conservé,a1dc14137b6b10cd5a7fd51f4b58df6fef7e3f040596441a6a0a695bc0d411c9
n2-detendeurs-fixations-001,16,Matériel et préparation,P514,CONSERVEE,Conservée après nouvelle lecture : Généraliser le vissage du DIN à la vis de serrage de l’étrier. La distinction interrogée reste utile au même objectif.,Quelle différence mécanique entre une fixation DIN et une fixation par étrier du premier étage ?,DIN : vissage dans le robinet ; étrier : serrage autour du robinet,2,DIN et étrier : vissage dans le robinet avec filetage différent,Généraliser le vissage du DIN à la vis de serrage de l’étrier.,La vis de l’étrier serre le montage ; elle ne se visse pas dans la sortie du robinet.,MATERIEL_PREPARATION_N2_2026-10-09.csv,"Recto autonome, clé unique, alternatives et corrigé relus ; pas de quota de corrections.",2026-10-10,"Sources historiques datées conservées ; recroisements du 10 octobre détaillés dans le journal, sans antidater les consultations.",QCM ; 3 choix ; modèle historique conservé,a1dc14137b6b10cd5a7fd51f4b58df6fef7e3f040596441a6a0a695bc0d411c9
n2-detendeurs-membrane-piston-001,16,Matériel et préparation,P515,CONSERVEE,Conservée après nouvelle lecture : Se souvenir de la membrane visible au second étage et l’y réserver. La distinction interrogée reste utile au même objectif.,Quelle association décrit correctement le rôle des mécanismes à piston et à membrane dans un détendeur à deux étages ?,Piston et membrane peuvent commander l’admission de gaz au premier étage,1,Le piston commande le premier étage ; la membrane sert au second étage seulement,Se souvenir de la membrane visible au second étage et l’y réserver.,Les premiers étages à membrane existent aussi.,MATERIEL_PREPARATION_N2_2026-10-09.csv,"Recto autonome, clé unique, alternatives et corrigé relus ; pas de quota de corrections.",2026-10-10,"Sources historiques datées conservées ; recroisements du 10 octobre détaillés dans le journal, sans antidater les consultations.",QCM ; 3 choix ; modèle historique conservé,e555cde421a822cf9594ef2700326a5f8cc10c0615691713dc35cf2a06adaa8a
n2-detendeurs-membrane-piston-001,16,Matériel et préparation,P515,CONSERVEE,Conservée après nouvelle lecture : Attribuer une pression de sortie différente selon l’architecture du premier étage. La distinction interrogée reste utile au même objectif.,Quelle association décrit correctement le rôle des mécanismes à piston et à membrane dans un détendeur à deux étages ?,Piston et membrane peuvent commander l’admission de gaz au premier étage,2,Le piston règle la pression respirée ; la membrane règle la pression intermédiaire,Attribuer une pression de sortie différente selon l’architecture du premier étage.,Piston et membrane au premier étage régulent tous deux la pression intermédiaire ; la pression respirée est fournie au second.,MATERIEL_PREPARATION_N2_2026-10-09.csv,"Recto autonome, clé unique, alternatives et corrigé relus ; pas de quota de corrections.",2026-10-10,"Sources historiques datées conservées ; recroisements du 10 octobre détaillés dans le journal, sans antidater les consultations.",QCM ; 3 choix ; modèle historique conservé,e555cde421a822cf9594ef2700326a5f8cc10c0615691713dc35cf2a06adaa8a
n2-detendeurs-cycle-001,16,Matériel et préparation,P519,CONSERVEE,Conservée après nouvelle lecture : Inverser l’effet de la MP sur l’équilibre des forces. La distinction interrogée reste utile au même objectif.,"Dans un modèle conceptuel de premier étage à membrane, comment la consommation d’air déclenche-t-elle puis arrête-t-elle l’arrivée de gaz depuis le bloc ?",La baisse de MP ouvre le passage HP → MP ; le rétablissement de MP le ferme,1,La hausse de MP ouvre le passage HP → MP ; la baisse de MP le ferme,Inverser l’effet de la MP sur l’équilibre des forces.,La consommation fait baisser la MP et ouvre l’admission ; la remontée de MP ferme le passage.,MATERIEL_PREPARATION_N2_2026-10-09.csv,"Recto autonome, clé unique, alternatives et corrigé relus ; pas de quota de corrections.",2026-10-10,"Sources historiques datées conservées ; recroisements du 10 octobre détaillés dans le journal, sans antidater les consultations.",QCM ; 3 choix ; modèle historique conservé,151ba717b7552e776e69032e1a3bf0a8511c79d31e9cf0915f8a303e6f4f60d1
n2-detendeurs-cycle-001,16,Matériel et préparation,P519,CONSERVEE,Conservée après nouvelle lecture : Prendre la baisse du stock HP pour le signal de fermeture du cycle. La distinction interrogée reste utile au même objectif.,"Dans un modèle conceptuel de premier étage à membrane, comment la consommation d’air déclenche-t-elle puis arrête-t-elle l’arrivée de gaz depuis le bloc ?",La baisse de MP ouvre le passage HP → MP ; le rétablissement de MP le ferme,2,La baisse de MP ouvre le passage HP → MP ; seule une baisse de HP le ferme,Prendre la baisse du stock HP pour le signal de fermeture du cycle.,"La fermeture résulte du rétablissement de la MP, sans attendre une baisse déterminante de HP.",MATERIEL_PREPARATION_N2_2026-10-09.csv,"Recto autonome, clé unique, alternatives et corrigé relus ; pas de quota de corrections.",2026-10-10,"Sources historiques datées conservées ; recroisements du 10 octobre détaillés dans le journal, sans antidater les consultations.",QCM ; 3 choix ; modèle historique conservé,151ba717b7552e776e69032e1a3bf0a8511c79d31e9cf0915f8a303e6f4f60d1
n2-detendeurs-inspiration-001,16,Matériel et préparation,P521,CONSERVEE,Conservée après nouvelle lecture : Confondre surpression d’expiration et dépression d’inspiration. La distinction interrogée reste utile au même objectif.,Comment l’inspiration commande-t-elle l’arrivée de gaz dans un second étage classique à membrane et levier ?,"Une légère dépression interne agit sur membrane, levier et clapet",1,"Une légère surpression interne agit sur membrane, levier et clapet",Confondre surpression d’expiration et dépression d’inspiration.,L’inspiration abaisse légèrement la pression interne par rapport à l’ambiante.,MATERIEL_PREPARATION_N2_2026-10-09.csv,"Recto autonome, clé unique, alternatives et corrigé relus ; pas de quota de corrections.",2026-10-10,"Sources historiques datées conservées ; recroisements du 10 octobre détaillés dans le journal, sans antidater les consultations.",QCM ; 3 choix ; modèle historique conservé,afdf0e00674ec52f284cef7a89f6848d3679b9facc520fb6445136521f4467ff
n2-detendeurs-inspiration-001,16,Matériel et préparation,P521,CONSERVEE,Conservée après nouvelle lecture : Supprimer l’étage intermédiaire dans la transmission de commande. La distinction interrogée reste utile au même objectif.,Comment l’inspiration commande-t-elle l’arrivée de gaz dans un second étage classique à membrane et levier ?,"Une légère dépression interne agit sur membrane, levier et clapet",2,La chute de haute pression du bloc agit directement sur le levier,Supprimer l’étage intermédiaire dans la transmission de commande.,"Le levier est commandé par la membrane du second étage, pas directement par une chute de HP dans le bloc.",MATERIEL_PREPARATION_N2_2026-10-09.csv,"Recto autonome, clé unique, alternatives et corrigé relus ; pas de quota de corrections.",2026-10-10,"Sources historiques datées conservées ; recroisements du 10 octobre détaillés dans le journal, sans antidater les consultations.",QCM ; 3 choix ; modèle historique conservé,afdf0e00674ec52f284cef7a89f6848d3679b9facc520fb6445136521f4467ff
n2-detendeurs-purge-001,16,Matériel et préparation,P523,CONSERVEE,Conservée après nouvelle lecture : Croire que plus de débit à la purge nécessite un changement de réglage MP. La distinction interrogée reste utile au même objectif.,Comment le bouton de purge d’un second étage provoque-t-il un débit sans inspiration ?,Il commande mécaniquement l’ouverture du clapet via la membrane,1,Il augmente le réglage de moyenne pression du premier étage,Croire que plus de débit à la purge nécessite un changement de réglage MP.,Le bouton commande l’admission du second étage ; il ne règle pas le premier.,MATERIEL_PREPARATION_N2_2026-10-09.csv,"Recto autonome, clé unique, alternatives et corrigé relus ; pas de quota de corrections.",2026-10-10,"Sources historiques datées conservées ; recroisements du 10 octobre détaillés dans le journal, sans antidater les consultations.",QCM ; 3 choix ; modèle historique conservé,4fad32bab301e642a88975957d304ad2467c2259f36d022e1a89104eec278140
n2-detendeurs-purge-001,16,Matériel et préparation,P523,CONSERVEE,Conservée après nouvelle lecture : Confondre les deux clapets et leurs fonctions entrée/sortie. La distinction interrogée reste utile au même objectif.,Comment le bouton de purge d’un second étage provoque-t-il un débit sans inspiration ?,Il commande mécaniquement l’ouverture du clapet via la membrane,2,Il ouvre le clapet d’expiration pour aspirer le gaz du flexible,Confondre les deux clapets et leurs fonctions entrée/sortie.,La purge ouvre l’admission ; la soupape d’expiration évacue vers l’extérieur.,MATERIEL_PREPARATION_N2_2026-10-09.csv,"Recto autonome, clé unique, alternatives et corrigé relus ; pas de quota de corrections.",2026-10-10,"Sources historiques datées conservées ; recroisements du 10 octobre détaillés dans le journal, sans antidater les consultations.",QCM ; 3 choix ; modèle historique conservé,4fad32bab301e642a88975957d304ad2467c2259f36d022e1a89104eec278140
n2-detendeurs-eau-second-etage-001,16,Matériel et préparation,P524,CONSERVEE,Conservée après nouvelle lecture : Imaginer que l’eau est renvoyée vers le bloc lors de la purge. La distinction interrogée reste utile au même objectif.,"Après avoir remis en bouche un second étage rempli d’eau, une expiration ou une purge permet de le vider. Par quel passage l’eau est-elle principalement chassée ?",Par la soupape d’expiration vers l’eau environnante,1,Par le flexible de moyenne pression vers le premier étage,Imaginer que l’eau est renvoyée vers le bloc lors de la purge.,Le flexible amène le gaz ; l’eau sort par la soupape d’expiration.,MATERIEL_PREPARATION_N2_2026-10-09.csv,"Recto autonome, clé unique, alternatives et corrigé relus ; pas de quota de corrections.",2026-10-10,"Sources historiques datées conservées ; recroisements du 10 octobre détaillés dans le journal, sans antidater les consultations.",QCM ; 3 choix ; modèle historique conservé,58369dd9a81532ff9fa5ee5e037cafaa8024a966450e0b1b569a9d0a99bec362
n2-detendeurs-eau-second-etage-001,16,Matériel et préparation,P524,CONSERVEE,Conservée après nouvelle lecture : Inverser le sens du clapet d’admission quand le bouton est pressé. La distinction interrogée reste utile au même objectif.,"Après avoir remis en bouche un second étage rempli d’eau, une expiration ou une purge permet de le vider. Par quel passage l’eau est-elle principalement chassée ?",Par la soupape d’expiration vers l’eau environnante,2,Par le clapet d’admission vers le flexible de moyenne pression,Inverser le sens du clapet d’admission quand le bouton est pressé.,"Le clapet laisse entrer le gaz du flexible, il ne refoule pas l’eau vers celui-ci.",MATERIEL_PREPARATION_N2_2026-10-09.csv,"Recto autonome, clé unique, alternatives et corrigé relus ; pas de quota de corrections.",2026-10-10,"Sources historiques datées conservées ; recroisements du 10 octobre détaillés dans le journal, sans antidater les consultations.",QCM ; 3 choix ; modèle historique conservé,58369dd9a81532ff9fa5ee5e037cafaa8024a966450e0b1b569a9d0a99bec362
n2-detendeurs-rincage-001,16,Matériel et préparation,P525,CONSERVEE,Conservée après nouvelle lecture : Reprendre le réglage anti-marquage demandé pour le stockage. La distinction interrogée reste utile au même objectif.,"Le manuel SCUBAPRO prévoit le rinçage d’un détendeur démonté du bloc, avec un second étage R195 ou G260 doté d’un dispositif anti-marquage. Quelle configuration demande-t-il ?",Entrée haute pression bouchonnée ; dispositif anti-marquage non engagé,1,Entrée haute pression bouchonnée ; dispositif anti-marquage engagé,Reprendre le réglage anti-marquage demandé pour le stockage.,La notice demande de ne pas engager ce dispositif lors du rinçage.,MATERIEL_PREPARATION_N2_2026-10-09.csv,"Recto autonome, clé unique, alternatives et corrigé relus ; pas de quota de corrections.",2026-10-10,"Sources historiques datées conservées ; recroisements du 10 octobre détaillés dans le journal, sans antidater les consultations.",QCM ; 3 choix ; modèle historique conservé,d12f078345547e2c60e2db0e65612d6b0b05a7af8c175ce047505f48ecb96cbc
n2-detendeurs-rincage-001,16,Matériel et préparation,P525,CONSERVEE,Conservée après nouvelle lecture : Laisser l’entrée ouverte pour que le rinçage nettoie ou ventile tout le circuit. La distinction interrogée reste utile au même objectif.,"Le manuel SCUBAPRO prévoit le rinçage d’un détendeur démonté du bloc, avec un second étage R195 ou G260 doté d’un dispositif anti-marquage. Quelle configuration demande-t-il ?",Entrée haute pression bouchonnée ; dispositif anti-marquage non engagé,2,Entrée haute pression ouverte ; dispositif anti-marquage non engagé,Laisser l’entrée ouverte pour que le rinçage nettoie ou ventile tout le circuit.,Le rinçage du détendeur démonté nécessite de protéger l’entrée HP contre l’eau.,MATERIEL_PREPARATION_N2_2026-10-09.csv,"Recto autonome, clé unique, alternatives et corrigé relus ; pas de quota de corrections.",2026-10-10,"Sources historiques datées conservées ; recroisements du 10 octobre détaillés dans le journal, sans antidater les consultations.",QCM ; 3 choix ; modèle historique conservé,d12f078345547e2c60e2db0e65612d6b0b05a7af8c175ce047505f48ecb96cbc
n2-detendeurs-compensation-001,16,Matériel et préparation,P526,CONSERVEE,Conservée après nouvelle lecture : Confondre compensation de HP et maintien d’une pression absolue constante. La distinction interrogée reste utile au même objectif.,Quel intérêt a la compensation d’un premier étage lorsque la pression du bloc diminue ?,Limiter l’effet de la haute pression sur la pression intermédiaire,1,Maintenir une pression absolue identique à toutes les profondeurs,Confondre compensation de HP et maintien d’une pression absolue constante.,La MP suit l’ambiante ; la compensation réduit l’effet des variations de pression du bloc.,MATERIEL_PREPARATION_N2_2026-10-09.csv,"Recto autonome, clé unique, alternatives et corrigé relus ; pas de quota de corrections.",2026-10-10,"Sources historiques datées conservées ; recroisements du 10 octobre détaillés dans le journal, sans antidater les consultations.",QCM ; 3 choix ; modèle historique conservé,798e1ef3e233a7322333976b54da8574bf779af00a1139dfc51227f293ef8639
n2-detendeurs-compensation-001,16,Matériel et préparation,P526,CONSERVEE,Conservée après nouvelle lecture : Confondre compensation du premier étage et suppression des effets de profondeur. La distinction interrogée reste utile au même objectif.,Quel intérêt a la compensation d’un premier étage lorsque la pression du bloc diminue ?,Limiter l’effet de la haute pression sur la pression intermédiaire,2,Limiter les variations de pression ambiante au second étage,Confondre compensation du premier étage et suppression des effets de profondeur.,Le détendeur ne supprime pas les variations de pression ambiante au second étage.,MATERIEL_PREPARATION_N2_2026-10-09.csv,"Recto autonome, clé unique, alternatives et corrigé relus ; pas de quota de corrections.",2026-10-10,"Sources historiques datées conservées ; recroisements du 10 octobre détaillés dans le journal, sans antidater les consultations.",QCM ; 3 choix ; modèle historique conservé,798e1ef3e233a7322333976b54da8574bf779af00a1139dfc51227f293ef8639
n2-detendeurs-eau-froide-001,16,Matériel et préparation,P532,CONSERVEE,Conservée après nouvelle lecture : Associer la résistance au froid au seul organe de détente initial. La distinction interrogée reste utile au même objectif.,Un détendeur possède un premier étage à membrane et une fixation DIN. Sur quoi faut-il s’appuyer pour vérifier son adaptation à une plongée en eau froide ?,Les conditions d’usage de l’ensemble premier et second étage,1,Les conditions d’usage du premier étage pris séparément,Associer la résistance au froid au seul organe de détente initial.,La configuration certifiée comprend également le second étage et le flexible.,MATERIEL_PREPARATION_N2_2026-10-09.csv,"Recto autonome, clé unique, alternatives et corrigé relus ; pas de quota de corrections.",2026-10-10,"Sources historiques datées conservées ; recroisements du 10 octobre détaillés dans le journal, sans antidater les consultations.",QCM ; 3 choix ; modèle historique conservé,ca115b83ec0486715168842a67f8776fb9dacce8017c6da00ca93dce49472fba
n2-detendeurs-eau-froide-001,16,Matériel et préparation,P532,CONSERVEE,Conservée après nouvelle lecture : Se limiter à l’organe respiratoire placé en bouche. La distinction interrogée reste utile au même objectif.,Un détendeur possède un premier étage à membrane et une fixation DIN. Sur quoi faut-il s’appuyer pour vérifier son adaptation à une plongée en eau froide ?,Les conditions d’usage de l’ensemble premier et second étage,2,Les conditions d’usage du second étage pris séparément,Se limiter à l’organe respiratoire placé en bouche.,Le premier étage participe aussi au fonctionnement de l’ensemble en eau froide.,MATERIEL_PREPARATION_N2_2026-10-09.csv,"Recto autonome, clé unique, alternatives et corrigé relus ; pas de quota de corrections.",2026-10-10,"Sources historiques datées conservées ; recroisements du 10 octobre détaillés dans le journal, sans antidater les consultations.",QCM ; 3 choix ; modèle historique conservé,ca115b83ec0486715168842a67f8776fb9dacce8017c6da00ca93dce49472fba
n2-detendeurs-soins-001,16,Matériel et préparation,P537,CONSERVEE,Conservée après nouvelle lecture : Transposer une pratique de ventilation ou un ancien conseil de support au détendeur déjà sec. La distinction interrogée reste utile au même objectif.,"Un détendeur SCUBAPRO a été rincé et entièrement séché. Pour son rangement au sec et à l’ombre, quelle configuration respecte les soins prévus pour l’entrée haute pression et les flexibles ?",Entrée haute pression protégée ; flexibles sans courbure forcée,1,Entrée haute pression ouverte pour ventiler ; flexibles sans courbure forcée,Transposer une pratique de ventilation ou un ancien conseil de support au détendeur déjà sec.,La notice prévoit le bouchon de protection correctement placé pendant le stockage.,MATERIEL_PREPARATION_N2_2026-10-09.csv,"Recto autonome, clé unique, alternatives et corrigé relus ; pas de quota de corrections.",2026-10-10,"Sources historiques datées conservées ; recroisements du 10 octobre détaillés dans le journal, sans antidater les consultations.",QCM ; 3 choix ; modèle historique conservé,bbe11c06004b3e5e5e2abc8e96cb616fbfb256b241363724f27aa0b02a79e401
n2-detendeurs-soins-001,16,Matériel et préparation,P537,CONSERVEE,Conservée après nouvelle lecture : Chercher à immobiliser les raccords en repliant fermement les tuyaux. La distinction interrogée reste utile au même objectif.,"Un détendeur SCUBAPRO a été rincé et entièrement séché. Pour son rangement au sec et à l’ombre, quelle configuration respecte les soins prévus pour l’entrée haute pression et les flexibles ?",Entrée haute pression protégée ; flexibles sans courbure forcée,2,Entrée haute pression protégée ; flexibles pliés serré pour limiter leurs mouvements,Chercher à immobiliser les raccords en repliant fermement les tuyaux.,Le rangement doit éviter courbures forcées et contraintes des flexibles.,MATERIEL_PREPARATION_N2_2026-10-09.csv,"Recto autonome, clé unique, alternatives et corrigé relus ; pas de quota de corrections.",2026-10-10,"Sources historiques datées conservées ; recroisements du 10 octobre détaillés dans le journal, sans antidater les consultations.",QCM ; 3 choix ; modèle historique conservé,bbe11c06004b3e5e5e2abc8e96cb616fbfb256b241363724f27aa0b02a79e401
n2-detendeurs-revision-001,16,Matériel et préparation,P539,CONSERVEE,Conservée après nouvelle lecture : Généraliser la périodicité recommandée pour l’usage fréquent. La distinction interrogée reste utile au même objectif.,"Pour un détendeur SCUBAPRO concerné par la notice de juillet 2025, hors usage fréquent de 100 plongées par an ou plus, quelle échéance de révision par un technicien agréé est indiquée ?",Tous les 2 ans,1,Tous les ans,Généraliser la périodicité recommandée pour l’usage fréquent.,Le contexte exclut 100 plongées/an ou plus ; l’échéance demandée est deux ans.,MATERIEL_PREPARATION_N2_2026-10-09.csv,"Recto autonome, clé unique, alternatives et corrigé relus ; pas de quota de corrections.",2026-10-10,"Sources historiques datées conservées ; recroisements du 10 octobre détaillés dans le journal, sans antidater les consultations.",QCM ; 3 choix ; modèle historique conservé,b747f7e489513d1fc76e5b176be6e013adfffdd398d8691d5f4544123d7c7de0
n2-detendeurs-revision-001,16,Matériel et préparation,P539,CONSERVEE,Conservée après nouvelle lecture : Confondre le critère de remplacement des flexibles avec la révision. La distinction interrogée reste utile au même objectif.,"Pour un détendeur SCUBAPRO concerné par la notice de juillet 2025, hors usage fréquent de 100 plongées par an ou plus, quelle échéance de révision par un technicien agréé est indiquée ?",Tous les 2 ans,2,Tous les 5 ans,Confondre le critère de remplacement des flexibles avec la révision.,Les cinq ans ne sont pas la périodicité de révision du détendeur.,MATERIEL_PREPARATION_N2_2026-10-09.csv,"Recto autonome, clé unique, alternatives et corrigé relus ; pas de quota de corrections.",2026-10-10,"Sources historiques datées conservées ; recroisements du 10 octobre détaillés dans le journal, sans antidater les consultations.",QCM ; 3 choix ; modèle historique conservé,b747f7e489513d1fc76e5b176be6e013adfffdd398d8691d5f4544123d7c7de0
n2-detendeurs-debit-continu-001,16,Matériel et préparation,P540,CONSERVEE,Conservée après nouvelle lecture : Attribuer le débit observé à un organe voisin de sortie du gaz. La distinction interrogée reste utile au même objectif.,"Un second étage hors de la bouche se met en débit continu après une pression sur la purge, sans givrage. Quel mécanisme peut entretenir ce débit ?",L’effet Venturi dans la chambre du second étage,1,L’ouverture de la soupape d’expiration du second étage,Attribuer le débit observé à un organe voisin de sortie du gaz.,La soupape d’expiration n’entretient pas l’ouverture du clapet d’admission.,MATERIEL_PREPARATION_N2_2026-10-09.csv,"Recto autonome, clé unique, alternatives et corrigé relus ; pas de quota de corrections.",2026-10-10,"Sources historiques datées conservées ; recroisements du 10 octobre détaillés dans le journal, sans antidater les consultations.",QCM ; 3 choix ; modèle historique conservé,f8b4070c194c2364facb17e18335ba1bb6062c82dd42e934caff1f9c81068845
n2-detendeurs-debit-continu-001,16,Matériel et préparation,P540,CONSERVEE,Conservée après nouvelle lecture : Confondre compensation de HP et effet d’écoulement dans la chambre du second étage. La distinction interrogée reste utile au même objectif.,"Un second étage hors de la bouche se met en débit continu après une pression sur la purge, sans givrage. Quel mécanisme peut entretenir ce débit ?",L’effet Venturi dans la chambre du second étage,2,La compensation de haute pression du premier étage,Confondre compensation de HP et effet d’écoulement dans la chambre du second étage.,La compensation régule l’influence de HP ; le mécanisme décrit est Venturi.,MATERIEL_PREPARATION_N2_2026-10-09.csv,"Recto autonome, clé unique, alternatives et corrigé relus ; pas de quota de corrections.",2026-10-10,"Sources historiques datées conservées ; recroisements du 10 octobre détaillés dans le journal, sans antidater les consultations.",QCM ; 3 choix ; modèle historique conservé,f8b4070c194c2364facb17e18335ba1bb6062c82dd42e934caff1f9c81068845
n2-detendeurs-fuite-montage-001,16,Matériel et préparation,P541,CONSERVEE,Conservée après nouvelle lecture : Choisir un organe d’étanchéité réel sans localiser la fuite. La distinction interrogée reste utile au même objectif.,Des bulles apparaissent à la jonction entre le robinet du bloc et le premier étage après montage. Quelle cause est compatible avec cet emplacement de fuite ?,Un joint de raccord endommagé ou un montage incorrect,1,Une soupape d’expiration du second étage endommagée,Choisir un organe d’étanchéité réel sans localiser la fuite.,"La soupape se situe au second étage, pas à la jonction robinet/premier étage.",MATERIEL_PREPARATION_N2_2026-10-09.csv,"Recto autonome, clé unique, alternatives et corrigé relus ; pas de quota de corrections.",2026-10-10,"Sources historiques datées conservées ; recroisements du 10 octobre détaillés dans le journal, sans antidater les consultations.",QCM ; 3 choix ; modèle historique conservé,5aa805cab65ec9f408fa74da93ce77ee5b9f142e2992e53d124eb687e6067f84
n2-detendeurs-fuite-montage-001,16,Matériel et préparation,P541,CONSERVEE,"Conservée après nouvelle lecture : Choisir une autre pièce souple susceptible d’un défaut, sans suivre le circuit. La distinction interrogée reste utile au même objectif.",Des bulles apparaissent à la jonction entre le robinet du bloc et le premier étage après montage. Quelle cause est compatible avec cet emplacement de fuite ?,Un joint de raccord endommagé ou un montage incorrect,2,Une membrane de commande du second étage endommagée,"Choisir une autre pièce souple susceptible d’un défaut, sans suivre le circuit.",Une membrane de second étage défectueuse n’explique pas les bulles localisées au raccord du bloc.,MATERIEL_PREPARATION_N2_2026-10-09.csv,"Recto autonome, clé unique, alternatives et corrigé relus ; pas de quota de corrections.",2026-10-10,"Sources historiques datées conservées ; recroisements du 10 octobre détaillés dans le journal, sans antidater les consultations.",QCM ; 3 choix ; modèle historique conservé,5aa805cab65ec9f408fa74da93ce77ee5b9f142e2992e53d124eb687e6067f84
n2-detendeurs-inspiration-difficile-001,16,Matériel et préparation,P542,CONSERVEE,Conservée après nouvelle lecture : Prendre la présence de pression statique pour un test de fourniture en respiration. La distinction interrogée reste utile au même objectif.,"Avant immersion, quel contrôle vérifie effectivement qu’un détendeur fournit du gaz à la demande pendant une respiration complète ?","Respirer plusieurs cycles sur chaque second étage, robinet ouvert",1,"Lire une pression stable sur le manomètre, sans respirer",Prendre la présence de pression statique pour un test de fourniture en respiration.,La lecture sans respiration ne teste pas le cycle à la demande.,MATERIEL_PREPARATION_N2_2026-10-09.csv,"Recto autonome, clé unique, alternatives et corrigé relus ; pas de quota de corrections.",2026-10-10,"Sources historiques datées conservées ; recroisements du 10 octobre détaillés dans le journal, sans antidater les consultations.",QCM ; 3 choix ; modèle historique conservé,6de634218fd5f2cd24e76a96de32eca5220d87353127d22a7a71af14b381a224
n2-detendeurs-inspiration-difficile-001,16,Matériel et préparation,P542,CONSERVEE,Conservée après nouvelle lecture : Prendre l’ouverture mécanique à la purge pour un test du déclenchement par inspiration. La distinction interrogée reste utile au même objectif.,"Avant immersion, quel contrôle vérifie effectivement qu’un détendeur fournit du gaz à la demande pendant une respiration complète ?","Respirer plusieurs cycles sur chaque second étage, robinet ouvert",2,"Obtenir un débit en appuyant sur la purge, sans respirer",Prendre l’ouverture mécanique à la purge pour un test du déclenchement par inspiration.,La purge ne teste pas seule une inspiration et une expiration normales.,MATERIEL_PREPARATION_N2_2026-10-09.csv,"Recto autonome, clé unique, alternatives et corrigé relus ; pas de quota de corrections.",2026-10-10,"Sources historiques datées conservées ; recroisements du 10 octobre détaillés dans le journal, sans antidater les consultations.",QCM ; 3 choix ; modèle historique conservé,6de634218fd5f2cd24e76a96de32eca5220d87353127d22a7a71af14b381a224
n2-detendeurs-incident-immersion-001,16,Matériel et préparation,P543,CONSERVEE,Conservée après nouvelle lecture : Assimiler des sorties MP distinctes à des réserves séparées par le premier étage. La distinction interrogée reste utile au même objectif.,"En immersion, un débit continu persistant vide rapidement le bloc. Pourquoi passer sur son octopus, alimenté par ce même bloc, ne suffit-il pas à résoudre la perte de gaz ?","Les deux embouts puisent dans le même stock, qui continue à se vider",1,Chaque sortie moyenne pression dispose d’un stock de gaz isolé dans le premier étage,Assimiler des sorties MP distinctes à des réserves séparées par le premier étage.,Le premier étage distribue le gaz du même bloc ; ses sorties ne créent pas de stocks indépendants.,MATERIEL_PREPARATION_N2_2026-10-09.csv,"Recto autonome, clé unique, alternatives et corrigé relus ; pas de quota de corrections.",2026-10-10,"Sources historiques datées conservées ; recroisements du 10 octobre détaillés dans le journal, sans antidater les consultations.",QCM ; 3 choix ; modèle historique conservé,e87e3d1a11eb7713006a8b8120474fc94b31000b5e1d90e3e73c0cc7c2bd9727
n2-detendeurs-incident-immersion-001,16,Matériel et préparation,P543,CONSERVEE,Conservée après nouvelle lecture : Confondre un embout de secours avec un dispositif qui isole automatiquement la fuite. La distinction interrogée reste utile au même objectif.,"En immersion, un débit continu persistant vide rapidement le bloc. Pourquoi passer sur son octopus, alimenté par ce même bloc, ne suffit-il pas à résoudre la perte de gaz ?","Les deux embouts puisent dans le même stock, qui continue à se vider",2,Le passage sur l’octopus ferme automatiquement l’alimentation du second étage principal,Confondre un embout de secours avec un dispositif qui isole automatiquement la fuite.,Respirer sur un autre second étage ne ferme pas automatiquement le passage alimentant le détendeur qui fuit.,MATERIEL_PREPARATION_N2_2026-10-09.csv,"Recto autonome, clé unique, alternatives et corrigé relus ; pas de quota de corrections.",2026-10-10,"Sources historiques datées conservées ; recroisements du 10 octobre détaillés dans le journal, sans antidater les consultations.",QCM ; 3 choix ; modèle historique conservé,e87e3d1a11eb7713006a8b8120474fc94b31000b5e1d90e3e73c0cc7c2bd9727
n2-detendeurs-bouche-001,16,Matériel et préparation,P545,CONSERVEE,Conservée après nouvelle lecture : Donner la valeur relative de MP comme pression respirée. La distinction interrogée reste utile au même objectif.,"À 20 m, un premier étage maintient une MP de 9,5 bar au-dessus de l’ambiante. Prendre 1 bar en surface et +1 bar par 10 m. Quelle pression absolue le second étage fournit-il approximativement à la bouche ?",3 bar,1,"9,5 bar",Donner la valeur relative de MP comme pression respirée.,"9,5 bar est une surpression du flexible ; la bouche est proche de 3 bar absolus.",MATERIEL_PREPARATION_N2_2026-10-09.csv,"Recto autonome, clé unique, alternatives et corrigé relus ; pas de quota de corrections.",2026-10-10,"Sources historiques datées conservées ; recroisements du 10 octobre détaillés dans le journal, sans antidater les consultations.",QCM ; 3 choix ; modèle historique conservé,6a1ecc8822ec0c4c63bd46c35a1bad58f6884f84be629c654243caabcf3b2cc0
n2-detendeurs-bouche-001,16,Matériel et préparation,P545,CONSERVEE,"Conservée après nouvelle lecture : Oublier la détente du second étage : 3 + 9,5 = 12,5. La distinction interrogée reste utile au même objectif.","À 20 m, un premier étage maintient une MP de 9,5 bar au-dessus de l’ambiante. Prendre 1 bar en surface et +1 bar par 10 m. Quelle pression absolue le second étage fournit-il approximativement à la bouche ?",3 bar,2,"12,5 bar","Oublier la détente du second étage : 3 + 9,5 = 12,5.","12,5 bar absolus est la pression intermédiaire du flexible, pas celle de la bouche.",MATERIEL_PREPARATION_N2_2026-10-09.csv,"Recto autonome, clé unique, alternatives et corrigé relus ; pas de quota de corrections.",2026-10-10,"Sources historiques datées conservées ; recroisements du 10 octobre détaillés dans le journal, sans antidater les consultations.",QCM ; 3 choix ; modèle historique conservé,6a1ecc8822ec0c4c63bd46c35a1bad58f6884f84be629c654243caabcf3b2cc0
n2-detendeurs-mp-vingt-001,16,Matériel et préparation,P627,CONSERVEE,Conservée après nouvelle lecture : Omettre l’ambiante et lire la surpression comme pression absolue : 9. La distinction interrogée reste utile au même objectif.,"Modèle fictif : premier étage réglé à 9 bar au-dessus de l’ambiante, à 20 m. Prendre 1 bar en surface et +1 bar/10 m. Quelle est sa MP absolue ?",12 bar absolus,1,9 bar absolus,Omettre l’ambiante et lire la surpression comme pression absolue : 9.,MP absolue = 9 + 3 = 12 bar.,MATERIEL_PREPARATION_N2_2026-10-09.csv,"Recto autonome, clé unique, alternatives et corrigé relus ; pas de quota de corrections.",2026-10-10,"Sources historiques datées conservées ; recroisements du 10 octobre détaillés dans le journal, sans antidater les consultations.",QCM ; 3 choix ; modèle historique conservé,dc9dd762709f2921c30368155c66816a42c6a9f2cc76bff020db700f9fe7cefd
n2-detendeurs-mp-vingt-001,16,Matériel et préparation,P627,CONSERVEE,Conservée après nouvelle lecture : Oublier le bar de surface : 9 + 20/10 = 11. La distinction interrogée reste utile au même objectif.,"Modèle fictif : premier étage réglé à 9 bar au-dessus de l’ambiante, à 20 m. Prendre 1 bar en surface et +1 bar/10 m. Quelle est sa MP absolue ?",12 bar absolus,2,11 bar absolus,Oublier le bar de surface : 9 + 20/10 = 11.,"À 20 m l’ambiante est 3 bar, pas 2.",MATERIEL_PREPARATION_N2_2026-10-09.csv,"Recto autonome, clé unique, alternatives et corrigé relus ; pas de quota de corrections.",2026-10-10,"Sources historiques datées conservées ; recroisements du 10 octobre détaillés dans le journal, sans antidater les consultations.",QCM ; 3 choix ; modèle historique conservé,dc9dd762709f2921c30368155c66816a42c6a9f2cc76bff020db700f9fe7cefd
n2-detendeurs-mp-quarante-001,16,Matériel et préparation,P627,CONSERVEE,Conservée après nouvelle lecture : Oublier le bar de surface : 14 − 40/10 = 10. La distinction interrogée reste utile au même objectif.,"Modèle fictif : à 40 m, la MP absolue vaut 14 bar. Prendre 1 bar en surface et +1 bar/10 m. Quelle est la MP relative à l’ambiante ?",9 bar au-dessus de l’ambiante,1,10 bar au-dessus de l’ambiante,Oublier le bar de surface : 14 − 40/10 = 10.,La pression ambiante à 40 m est 5 bar ; 14 − 5 = 9.,MATERIEL_PREPARATION_N2_2026-10-09.csv,"Recto autonome, clé unique, alternatives et corrigé relus ; pas de quota de corrections.",2026-10-10,"Sources historiques datées conservées ; recroisements du 10 octobre détaillés dans le journal, sans antidater les consultations.",QCM ; 3 choix ; modèle historique conservé,ee04a199214bc974d2ca9d82e99b34a0fffb02c374665cfe7e6275bd6ab79eb7
n2-detendeurs-mp-quarante-001,16,Matériel et préparation,P627,CONSERVEE,Conservée après nouvelle lecture : Ne pas soustraire l’ambiante et conserver la valeur absolue de 14. La distinction interrogée reste utile au même objectif.,"Modèle fictif : à 40 m, la MP absolue vaut 14 bar. Prendre 1 bar en surface et +1 bar/10 m. Quelle est la MP relative à l’ambiante ?",9 bar au-dessus de l’ambiante,2,14 bar au-dessus de l’ambiante,Ne pas soustraire l’ambiante et conserver la valeur absolue de 14.,"La question demande l’écart relatif MP−ambiante, pas MP absolue.",MATERIEL_PREPARATION_N2_2026-10-09.csv,"Recto autonome, clé unique, alternatives et corrigé relus ; pas de quota de corrections.",2026-10-10,"Sources historiques datées conservées ; recroisements du 10 octobre détaillés dans le journal, sans antidater les consultations.",QCM ; 3 choix ; modèle historique conservé,ee04a199214bc974d2ca9d82e99b34a0fffb02c374665cfe7e6275bd6ab79eb7
n2-competences-transversales-communication-001,17,Matériel et préparation,P555,CONSERVEE,Conservée après nouvelle lecture : Choisir une convention importante de suivi de gaz au palier. La distinction interrogée reste utile au même objectif.,"Au palier, un équipier montre le nombre « 6 » sans préciser l’unité. Quelle convention de communication aurait permis de distinguer son obligation de décompression ?",Des signes distinguant profondeur de palier et durée restante,1,Des signes distinguant pression du bloc et réserve de gaz,Choisir une convention importante de suivi de gaz au palier.,Elle ne distingue pas mètres et minutes d’une obligation de décompression.,MATERIEL_PREPARATION_N2_2026-10-09.csv,"Recto autonome, clé unique, alternatives et corrigé relus ; pas de quota de corrections.",2026-10-10,"Sources historiques datées conservées ; recroisements du 10 octobre détaillés dans le journal, sans antidater les consultations.",QCM ; 3 choix ; modèle historique conservé,269d833bb5d4d38c40aee5e2f5e37a0d38c7cc316cf44ef83484fc482617aa9d
n2-competences-transversales-communication-001,17,Matériel et préparation,P555,CONSERVEE,"Conservée après nouvelle lecture : Choisir les deux paramètres classiques profondeur/temps, mais ceux du profil passé. La distinction interrogée reste utile au même objectif.","Au palier, un équipier montre le nombre « 6 » sans préciser l’unité. Quelle convention de communication aurait permis de distinguer son obligation de décompression ?",Des signes distinguant profondeur de palier et durée restante,2,Des signes distinguant profondeur maximale et temps de fond,"Choisir les deux paramètres classiques profondeur/temps, mais ceux du profil passé.","Il faut annoncer la profondeur d’arrêt et la durée restante, pas le maximum et le temps de fond.",MATERIEL_PREPARATION_N2_2026-10-09.csv,"Recto autonome, clé unique, alternatives et corrigé relus ; pas de quota de corrections.",2026-10-10,"Sources historiques datées conservées ; recroisements du 10 octobre détaillés dans le journal, sans antidater les consultations.",QCM ; 3 choix ; modèle historique conservé,269d833bb5d4d38c40aee5e2f5e37a0d38c7cc316cf44ef83484fc482617aa9d
n2-competences-transversales-retour-001,17,Matériel et préparation,P561,CONSERVEE,Conservée après nouvelle lecture : Ne budgéter que le déplacement horizontal et assimiler sécurité à toute décompression. La distinction interrogée reste utile au même objectif.,"Une sortie de repli est plus proche à vol d’oiseau que la sortie prévue, mais impose un trajet différent sous l’eau. Que faut-il recalculer pour vérifier que ce repli tient dans le budget de gaz ?","Le gaz du trajet de repli, de la remontée et des paliers requis",1,"Le gaz du trajet horizontal, en conservant les seuls arrêts facultatifs",Ne budgéter que le déplacement horizontal et assimiler sécurité à toute décompression.,"Le retour complet comprend remontée et paliers requis, qui ne sont pas tous facultatifs.",MATERIEL_PREPARATION_N2_2026-10-09.csv,"Recto autonome, clé unique, alternatives et corrigé relus ; pas de quota de corrections.",2026-10-10,"Sources historiques datées conservées ; recroisements du 10 octobre détaillés dans le journal, sans antidater les consultations.",QCM ; 3 choix ; modèle historique conservé,4a122c04561c375b9aff2d9da9e44d774d94b7f194f8e3adc789b7f00b520a9c
n2-competences-transversales-retour-001,17,Matériel et préparation,P561,CONSERVEE,Conservée après nouvelle lecture : Assimiler la proximité géométrique à une économie de gaz directement proportionnelle. La distinction interrogée reste utile au même objectif.,"Une sortie de repli est plus proche à vol d’oiseau que la sortie prévue, mais impose un trajet différent sous l’eau. Que faut-il recalculer pour vérifier que ce repli tient dans le budget de gaz ?","Le gaz du trajet de repli, de la remontée et des paliers requis",2,Le gaz correspondant à la différence de distance mesurée à vol d’oiseau,Assimiler la proximité géométrique à une économie de gaz directement proportionnelle.,"Il faut le trajet réel avec ses profondeurs et conditions, pas seulement la différence à vol d’oiseau.",MATERIEL_PREPARATION_N2_2026-10-09.csv,"Recto autonome, clé unique, alternatives et corrigé relus ; pas de quota de corrections.",2026-10-10,"Sources historiques datées conservées ; recroisements du 10 octobre détaillés dans le journal, sans antidater les consultations.",QCM ; 3 choix ; modèle historique conservé,4a122c04561c375b9aff2d9da9e44d774d94b7f194f8e3adc789b7f00b520a9c
n2-competences-transversales-reperes-001,17,Matériel et préparation,P562,CONSERVEE,Conservée après nouvelle lecture : Assimiler alignement visuel et valeur de cap magnétique. La distinction interrogée reste utile au même objectif.,"Lors d’un déplacement sous l’eau, quelle information fournit le maintien de deux repères fixes dans le même alignement ?",Le maintien d’une ligne de déplacement par rapport au fond,1,Le maintien d’un cap magnétique mesuré par rapport au nord,Assimiler alignement visuel et valeur de cap magnétique.,Les repères donnent une ligne relative au fond ; le compas donne le cap magnétique.,MATERIEL_PREPARATION_N2_2026-10-09.csv,"Recto autonome, clé unique, alternatives et corrigé relus ; pas de quota de corrections.",2026-10-10,"Sources historiques datées conservées ; recroisements du 10 octobre détaillés dans le journal, sans antidater les consultations.",QCM ; 3 choix ; modèle historique conservé,5ef8d3c212641d2f85034ef02d056bec7951107d21b2d94637862931ae7c535f
n2-competences-transversales-reperes-001,17,Matériel et préparation,P562,CONSERVEE,Conservée après nouvelle lecture : Confondre constance d’une direction et constance d’une vitesse. La distinction interrogée reste utile au même objectif.,"Lors d’un déplacement sous l’eau, quelle information fournit le maintien de deux repères fixes dans le même alignement ?",Le maintien d’une ligne de déplacement par rapport au fond,2,Le maintien d’une vitesse de déplacement par rapport à l’eau,Confondre constance d’une direction et constance d’une vitesse.,L’alignement ne mesure pas une vitesse par rapport à l’eau.,MATERIEL_PREPARATION_N2_2026-10-09.csv,"Recto autonome, clé unique, alternatives et corrigé relus ; pas de quota de corrections.",2026-10-10,"Sources historiques datées conservées ; recroisements du 10 octobre détaillés dans le journal, sans antidater les consultations.",QCM ; 3 choix ; modèle historique conservé,5ef8d3c212641d2f85034ef02d056bec7951107d21b2d94637862931ae7c535f
n2-competences-transversales-cap-retour-001,17,Matériel et préparation,P563,CONSERVEE,Conservée après nouvelle lecture : Soustraire le cap à 180 : 180 − 70 = 110. La distinction interrogée reste utile au même objectif.,"Exercice d’orientation : trajet rectiligne à cap 70°, sans dérive ni obstacle. Quel cap réciproque permet de revenir sur la même ligne ?",250°,1,110°,Soustraire le cap à 180 : 180 − 70 = 110.,Le réciproque vaut 70 + 180 = 250.,MATERIEL_PREPARATION_N2_2026-10-09.csv,"Recto autonome, clé unique, alternatives et corrigé relus ; pas de quota de corrections.",2026-10-10,"Sources historiques datées conservées ; recroisements du 10 octobre détaillés dans le journal, sans antidater les consultations.",QCM ; 3 choix ; modèle historique conservé,6c08b1c091162447220ec95a0871b5d1980b25806364d92aa84be3c861d3578d
n2-competences-transversales-cap-retour-001,17,Matériel et préparation,P563,CONSERVEE,Conservée après nouvelle lecture : Réfléchir le cap autour de 0 : 360 − 70 = 290. La distinction interrogée reste utile au même objectif.,"Exercice d’orientation : trajet rectiligne à cap 70°, sans dérive ni obstacle. Quel cap réciproque permet de revenir sur la même ligne ?",250°,2,290°,Réfléchir le cap autour de 0 : 360 − 70 = 290.,Une réflexion n’est pas la rotation de 180° demandée pour revenir.,MATERIEL_PREPARATION_N2_2026-10-09.csv,"Recto autonome, clé unique, alternatives et corrigé relus ; pas de quota de corrections.",2026-10-10,"Sources historiques datées conservées ; recroisements du 10 octobre détaillés dans le journal, sans antidater les consultations.",QCM ; 3 choix ; modèle historique conservé,6c08b1c091162447220ec95a0871b5d1980b25806364d92aa84be3c861d3578d
n2-competences-transversales-cap-retour-ouest-001,17,Matériel et préparation,P563,CONSERVEE,Conservée après nouvelle lecture : Prendre le demi-tour de 180° pour le cap lui-même. La distinction interrogée reste utile au même objectif.,"Exercice d’orientation : aller rectiligne à cap 300°, sans dérive ni obstacle. Quel cap réciproque correspond au retour ?",120°,1,180°,Prendre le demi-tour de 180° pour le cap lui-même.,"Il faut appliquer le demi-tour au cap 300, soit 120 après normalisation.",MATERIEL_PREPARATION_N2_2026-10-09.csv,"Recto autonome, clé unique, alternatives et corrigé relus ; pas de quota de corrections.",2026-10-10,"Sources historiques datées conservées ; recroisements du 10 octobre détaillés dans le journal, sans antidater les consultations.",QCM ; 3 choix ; modèle historique conservé,13aacdcf0239608e5c532a12e8dc0e5dced9fc8b6f1663b4b0d185223be13ac6
n2-competences-transversales-cap-retour-ouest-001,17,Matériel et préparation,P563,CONSERVEE,"Conservée après nouvelle lecture : Doubler le cap : 2 × 300 = 600, puis 600 − 360 = 240. La distinction interrogée reste utile au même objectif.","Exercice d’orientation : aller rectiligne à cap 300°, sans dérive ni obstacle. Quel cap réciproque correspond au retour ?",120°,2,240°,"Doubler le cap : 2 × 300 = 600, puis 600 − 360 = 240.",Le retour ajoute 180° ; il ne double pas l’angle du cap.,MATERIEL_PREPARATION_N2_2026-10-09.csv,"Recto autonome, clé unique, alternatives et corrigé relus ; pas de quota de corrections.",2026-10-10,"Sources historiques datées conservées ; recroisements du 10 octobre détaillés dans le journal, sans antidater les consultations.",QCM ; 3 choix ; modèle historique conservé,13aacdcf0239608e5c532a12e8dc0e5dced9fc8b6f1663b4b0d185223be13ac6
n2-competences-transversales-separation-001,17,Matériel et préparation,P564,CONSERVEE,"Conservée après nouvelle lecture : Retenir le triplet du profil de plongée, également traité au briefing. La distinction interrogée reste utile au même objectif.",Quels paramètres faut-il définir au briefing pour que des équipiers séparés appliquent une procédure cohérente jusqu’aux retrouvailles et à l’alerte ?,"Durée de recherche, modalités de remontée et lieu de rendez-vous",1,"Profondeur maximale, durée au fond et pression de départ","Retenir le triplet du profil de plongée, également traité au briefing.","Il ne définit pas durée de recherche, remontée et rendez-vous en cas de séparation.",MATERIEL_PREPARATION_N2_2026-10-09.csv,"Recto autonome, clé unique, alternatives et corrigé relus ; pas de quota de corrections.",2026-10-10,"Sources historiques datées conservées ; recroisements du 10 octobre détaillés dans le journal, sans antidater les consultations.",QCM ; 3 choix ; modèle historique conservé,7b9ba020ff8897944b31e22ad9f7d05bfeb5bb7cdf0db664760874bfbab6f7f4
n2-competences-transversales-separation-001,17,Matériel et préparation,P564,CONSERVEE,Conservée après nouvelle lecture : Retenir des données utiles pour retrouver une route. La distinction interrogée reste utile au même objectif.,Quels paramètres faut-il définir au briefing pour que des équipiers séparés appliquent une procédure cohérente jusqu’aux retrouvailles et à l’alerte ?,"Durée de recherche, modalités de remontée et lieu de rendez-vous",2,"Cap d’exploration, distance parcourue et vitesse de palmage",Retenir des données utiles pour retrouver une route.,L’orientation ne définit pas à elle seule la procédure commune jusqu’aux retrouvailles et à l’alerte.,MATERIEL_PREPARATION_N2_2026-10-09.csv,"Recto autonome, clé unique, alternatives et corrigé relus ; pas de quota de corrections.",2026-10-10,"Sources historiques datées conservées ; recroisements du 10 octobre détaillés dans le journal, sans antidater les consultations.",QCM ; 3 choix ; modèle historique conservé,7b9ba020ff8897944b31e22ad9f7d05bfeb5bb7cdf0db664760874bfbab6f7f4
n2-competences-transversales-renoncer-001,17,Matériel et préparation,P569,CONSERVEE,Conservée après nouvelle lecture : Confondre autorisation du profil et connaissance exclusive de l’état individuel. La distinction interrogée reste utile au même objectif.,Le directeur de plongée autorise un profil conforme à vos aptitudes. Qui doit encore apprécier votre état du jour et peut décider de ne pas s’immerger ?,"Vous-même, même si le profil est autorisé par le DP",1,"Le DP seul, puisqu’il a déjà autorisé le profil",Confondre autorisation du profil et connaissance exclusive de l’état individuel.,L’autorisation du DP n’empêche pas le plongeur d’évaluer son état et de renoncer.,MATERIEL_PREPARATION_N2_2026-10-09.csv,"Recto autonome, clé unique, alternatives et corrigé relus ; pas de quota de corrections.",2026-10-10,"Sources historiques datées conservées ; recroisements du 10 octobre détaillés dans le journal, sans antidater les consultations.",QCM ; 3 choix ; modèle historique conservé,c13b336b6c38bfdc58ffdc38f8cc2d65756f57c1be2fabdb4c8046d00bf1da09
n2-competences-transversales-renoncer-001,17,Matériel et préparation,P569,CONSERVEE,Conservée après nouvelle lecture : Attribuer à l’équipier responsable de cohésion la décision sur l’état d’autrui. La distinction interrogée reste utile au même objectif.,Le directeur de plongée autorise un profil conforme à vos aptitudes. Qui doit encore apprécier votre état du jour et peut décider de ne pas s’immerger ?,"Vous-même, même si le profil est autorisé par le DP",2,"L’équipier le plus expérimenté, puisqu’il assure la cohésion",Attribuer à l’équipier responsable de cohésion la décision sur l’état d’autrui.,Le plongeur conserve sa possibilité de refuser l’immersion ; l’expérience de l’équipier ne la remplace pas.,MATERIEL_PREPARATION_N2_2026-10-09.csv,"Recto autonome, clé unique, alternatives et corrigé relus ; pas de quota de corrections.",2026-10-10,"Sources historiques datées conservées ; recroisements du 10 octobre détaillés dans le journal, sans antidater les consultations.",QCM ; 3 choix ; modèle historique conservé,c13b336b6c38bfdc58ffdc38f8cc2d65756f57c1be2fabdb4c8046d00bf1da09
n2-competences-transversales-paliers-profonds-air-001,17,Matériel et préparation,P639,CONSERVEE,Conservée après nouvelle lecture : Assimiler absence de paliers profonds et suppression des paliers obligatoires. La distinction interrogée reste utile au même objectif.,"En planification fédérale à l’air, quel type d’arrêt ne doit pas être ajouté au profil de décompression prévu ?",Un palier profond supplémentaire choisi pour rendre le profil plus conservateur,1,Un palier obligatoire peu profond indiqué par l’ordinateur ou les tables,Assimiler absence de paliers profonds et suppression des paliers obligatoires.,Les obligations calculées par les moyens de décompression restent à respecter.,MATERIEL_PREPARATION_N2_2026-10-09.csv,"Recto autonome, clé unique, alternatives et corrigé relus ; pas de quota de corrections.",2026-10-10,"Sources historiques datées conservées ; recroisements du 10 octobre détaillés dans le journal, sans antidater les consultations.",QCM ; 3 choix ; modèle historique conservé,d946cbfe1c0ddfc6dbac4081146b6d211fe7899b509e25267d0e6eeeb9bd94a8
n2-competences-transversales-paliers-profonds-air-001,17,Matériel et préparation,P639,CONSERVEE,Conservée après nouvelle lecture : Assimiler un arrêt de rattrapage à un palier profond ajouté pour conservatisme. La distinction interrogée reste utile au même objectif.,"En planification fédérale à l’air, quel type d’arrêt ne doit pas être ajouté au profil de décompression prévu ?",Un palier profond supplémentaire choisi pour rendre le profil plus conservateur,2,Un arrêt prévu par une procédure de rattrapage après un incident,Assimiler un arrêt de rattrapage à un palier profond ajouté pour conservatisme.,Une procédure après incident a un contexte distinct de la planification sans paliers profonds supplémentaires.,MATERIEL_PREPARATION_N2_2026-10-09.csv,"Recto autonome, clé unique, alternatives et corrigé relus ; pas de quota de corrections.",2026-10-10,"Sources historiques datées conservées ; recroisements du 10 octobre détaillés dans le journal, sans antidater les consultations.",QCM ; 3 choix ; modèle historique conservé,d946cbfe1c0ddfc6dbac4081146b6d211fe7899b509e25267d0e6eeeb9bd94a8
n2-lecture-pannes-eau-bouche-001,18,Matériel et préparation,P573,CONSERVEE,"Conservée après nouvelle lecture : Choisir de vraies pièces d’étanchéité, mais au premier étage. La distinction interrogée reste utile au même objectif.",De l’eau arrive à l’inspiration dans un second étage. Quel ensemble de défauts peut expliquer cette entrée d’eau dans sa chambre ?,"Embout, membrane ou soupape d’expiration défectueux",1,Joint du raccord au bloc ou siège haute pression défectueux,"Choisir de vraies pièces d’étanchéité, mais au premier étage.",Elles ne bordent pas la chambre du second étage où l’eau entre ici.,MATERIEL_PREPARATION_N2_2026-10-09.csv,"Recto autonome, clé unique, alternatives et corrigé relus ; pas de quota de corrections.",2026-10-10,"Sources historiques datées conservées ; recroisements du 10 octobre détaillés dans le journal, sans antidater les consultations.",QCM ; 3 choix ; modèle historique conservé,96feb3fc0b6c8f460d5a65c09170f75916c9b7a7396fc64326526ae2b1e58784
n2-lecture-pannes-eau-bouche-001,18,Matériel et préparation,P573,CONSERVEE,Conservée après nouvelle lecture : Choisir de vraies pièces d’étanchéité du circuit HP de mesure. La distinction interrogée reste utile au même objectif.,De l’eau arrive à l’inspiration dans un second étage. Quel ensemble de défauts peut expliquer cette entrée d’eau dans sa chambre ?,"Embout, membrane ou soupape d’expiration défectueux",2,Joint du manomètre ou raccord de son flexible défectueux,Choisir de vraies pièces d’étanchéité du circuit HP de mesure.,Le manomètre et son raccord ne bordent pas la chambre respiratoire du second étage.,MATERIEL_PREPARATION_N2_2026-10-09.csv,"Recto autonome, clé unique, alternatives et corrigé relus ; pas de quota de corrections.",2026-10-10,"Sources historiques datées conservées ; recroisements du 10 octobre détaillés dans le journal, sans antidater les consultations.",QCM ; 3 choix ; modèle historique conservé,96feb3fc0b6c8f460d5a65c09170f75916c9b7a7396fc64326526ae2b1e58784
n2-lecture-pannes-chambre-humide-001,18,Matériel et préparation,P578,CONSERVEE,Conservée après nouvelle lecture : Prendre l’eau présente dans la chambre pour un défaut d’étanchéité externe. La distinction interrogée reste utile au même objectif.,"Sur un premier étage à piston avec chambre humide ouverte à l’eau, des bulles sortent durablement des orifices de cette chambre. Entre quelles zones une perte d’étanchéité est-elle alors suspectée ?",Le circuit de gaz et la chambre humide,1,La chambre humide et l’eau environnante,Prendre l’eau présente dans la chambre pour un défaut d’étanchéité externe.,Cette chambre est normalement ouverte à l’eau ; les bulles impliquent du gaz venant du circuit.,MATERIEL_PREPARATION_N2_2026-10-09.csv,"Recto autonome, clé unique, alternatives et corrigé relus ; pas de quota de corrections.",2026-10-10,"Sources historiques datées conservées ; recroisements du 10 octobre détaillés dans le journal, sans antidater les consultations.",QCM ; 3 choix ; modèle historique conservé,6b5f434455cb95908c95e1600b54ba975530d3428a606b0f739c9a11cf218037
n2-lecture-pannes-chambre-humide-001,18,Matériel et préparation,P578,CONSERVEE,Conservée après nouvelle lecture : Choisir une fuite HP réelle mais localisée à un autre endroit. La distinction interrogée reste utile au même objectif.,"Sur un premier étage à piston avec chambre humide ouverte à l’eau, des bulles sortent durablement des orifices de cette chambre. Entre quelles zones une perte d’étanchéité est-elle alors suspectée ?",Le circuit de gaz et la chambre humide,2,Le flexible haute pression et le manomètre,Choisir une fuite HP réelle mais localisée à un autre endroit.,"La localisation donnée est la chambre humide du premier étage, pas le manomètre.",MATERIEL_PREPARATION_N2_2026-10-09.csv,"Recto autonome, clé unique, alternatives et corrigé relus ; pas de quota de corrections.",2026-10-10,"Sources historiques datées conservées ; recroisements du 10 octobre détaillés dans le journal, sans antidater les consultations.",QCM ; 3 choix ; modèle historique conservé,6b5f434455cb95908c95e1600b54ba975530d3428a606b0f739c9a11cf218037
n2-lecture-pannes-flexible-001,18,Matériel et préparation,P580,CONSERVEE,Conservée après nouvelle lecture : Assimiler l’étanchéité actuelle à la tenue mécanique et déplacer le doute vers la MP. La distinction interrogée reste utile au même objectif.,Un flexible de détendeur présente un renflement sans fuite visible. Pourquoi son étanchéité actuelle ne permet-elle pas de le garder en service ?,Elle ne prouve pas l’intégrité de sa structure résistante,1,Elle prouve sa résistance mais pas le réglage de moyenne pression,Assimiler l’étanchéité actuelle à la tenue mécanique et déplacer le doute vers la MP.,Le renflement est un défaut du flexible ; l’absence de fuite ne valide pas sa structure.,MATERIEL_PREPARATION_N2_2026-10-09.csv,"Recto autonome, clé unique, alternatives et corrigé relus ; pas de quota de corrections.",2026-10-10,"Sources historiques datées conservées ; recroisements du 10 octobre détaillés dans le journal, sans antidater les consultations.",QCM ; 3 choix ; modèle historique conservé,cfd0c9b823f5f92ba60f5bde08a0d7cf42061eeefee9b80f7101d731abd13f81
n2-lecture-pannes-flexible-001,18,Matériel et préparation,P580,CONSERVEE,Conservée après nouvelle lecture : Assimiler l’étanchéité du tuyau à la tenue mécanique et déplacer le doute vers le second étage. La distinction interrogée reste utile au même objectif.,Un flexible de détendeur présente un renflement sans fuite visible. Pourquoi son étanchéité actuelle ne permet-elle pas de le garder en service ?,Elle ne prouve pas l’intégrité de sa structure résistante,2,Elle prouve sa résistance mais pas l’étanchéité du second étage,Assimiler l’étanchéité du tuyau à la tenue mécanique et déplacer le doute vers le second étage.,"Le défaut visible du flexible impose son remplacement avant usage, indépendamment du second étage.",MATERIEL_PREPARATION_N2_2026-10-09.csv,"Recto autonome, clé unique, alternatives et corrigé relus ; pas de quota de corrections.",2026-10-10,"Sources historiques datées conservées ; recroisements du 10 octobre détaillés dans le journal, sans antidater les consultations.",QCM ; 3 choix ; modèle historique conservé,cfd0c9b823f5f92ba60f5bde08a0d7cf42061eeefee9b80f7101d731abd13f81
