id,objectif,lot,decision_initiale,motif_et_correction,distracteur,texte_final,attrait,refutation,relecture,controle_factuel,date_verification,format,sha256_fr
n2-pression-force-surface-001,P096,1,ACCEPT,"Conservée : les confusions de chaque choix sont précisées ci-dessous ; contexte, forme homogène et corrigé relus.",1,P = F × S,Multiplier une force par une aire au lieu de la répartir.,"La pression est une force par unité de surface, F/S ; F×S a d’autres dimensions.","Question, choix et corrigé relus après rédaction : ISOLATION/CREDIBILITY/LENGTH/WHY/SENSE ; clé unique dans les hypothèses annoncées",NIST B.9 et NOAA/NWS Pressure ; modèle hydrostatique explicite ; résolution algébrique propre,2026-10-09,QCM pertinent ; modèle historique inchangé,035aaaa8206d9da94ffdaea5889fb0cc9bb7963eb8e754c973f45c87ceab9cee
n2-pression-force-surface-001,P096,1,ACCEPT,"Conservée : les confusions de chaque choix sont précisées ci-dessous ; contexte, forme homogène et corrigé relus.",2,P = S / F,Inverser le quotient force/surface.,S/F ne possède pas les dimensions N/m² d’une pression.,"Question, choix et corrigé relus après rédaction : ISOLATION/CREDIBILITY/LENGTH/WHY/SENSE ; clé unique dans les hypothèses annoncées",NIST B.9 et NOAA/NWS Pressure ; modèle hydrostatique explicite ; résolution algébrique propre,2026-10-09,QCM pertinent ; modèle historique inchangé,035aaaa8206d9da94ffdaea5889fb0cc9bb7963eb8e754c973f45c87ceab9cee
n2-pression-variation-force-surface-001,P097,1,ACCEPT,"Conservée : les confusions de chaque choix sont précisées ci-dessous ; contexte, forme homogène et corrigé relus.",1,× 3/2,Inverser les effets multiplicatifs de force et de surface : 3/2.,Le facteur est 2/3 : la force double mais la surface triple.,"Question, choix et corrigé relus après rédaction : ISOLATION/CREDIBILITY/LENGTH/WHY/SENSE ; clé unique dans les hypothèses annoncées",NIST B.9 et NOAA/NWS Pressure ; modèle hydrostatique explicite ; résolution algébrique propre,2026-10-09,QCM pertinent ; modèle historique inchangé,dd6b2da4441f890583616a00c45530197843d67cbc8ed7a0b7842d28a5a7c879
n2-pression-variation-force-surface-001,P097,1,ACCEPT,"Conservée : les confusions de chaque choix sont précisées ci-dessous ; contexte, forme homogène et corrigé relus.",2,× 6,Multiplier les deux variations : 2×3=6.,"La variation de surface intervient au dénominateur, pas au numérateur.","Question, choix et corrigé relus après rédaction : ISOLATION/CREDIBILITY/LENGTH/WHY/SENSE ; clé unique dans les hypothèses annoncées",NIST B.9 et NOAA/NWS Pressure ; modèle hydrostatique explicite ; résolution algébrique propre,2026-10-09,QCM pertinent ; modèle historique inchangé,dd6b2da4441f890583616a00c45530197843d67cbc8ed7a0b7842d28a5a7c879
n2-pression-unites-001,P101,1,ACCEPT,"Conservée : les confusions de chaque choix sont précisées ci-dessous ; contexte, forme homogène et corrigé relus.",1,Des masses volumiques dans différentes unités,Confondre les grandeurs caractéristiques des fluides : densité et pression.,"bar, psi, hPa et mmHg expriment des pressions, pas des masses volumiques.","Question, choix et corrigé relus après rédaction : ISOLATION/CREDIBILITY/LENGTH/WHY/SENSE ; clé unique dans les hypothèses annoncées",NIST B.9 et NOAA/NWS Pressure ; modèle hydrostatique explicite ; résolution algébrique propre,2026-10-09,QCM pertinent ; modèle historique inchangé,198dbdc4f2b09c5c7eefba2716af692fb36f3dbe299c9531cbe3429205bc0a67
n2-pression-unites-001,P101,1,ACCEPT,"Conservée : les confusions de chaque choix sont précisées ci-dessous ; contexte, forme homogène et corrigé relus.",2,Des forces dans différentes unités,"Confondre force et force par unité de surface, notamment le mot livre dans psi.",psi signifie livre-force par pouce carré ; il s’agit encore d’une pression.,"Question, choix et corrigé relus après rédaction : ISOLATION/CREDIBILITY/LENGTH/WHY/SENSE ; clé unique dans les hypothèses annoncées",NIST B.9 et NOAA/NWS Pressure ; modèle hydrostatique explicite ; résolution algébrique propre,2026-10-09,QCM pertinent ; modèle historique inchangé,198dbdc4f2b09c5c7eefba2716af692fb36f3dbe299c9531cbe3429205bc0a67
n2-pression-masse-force-001,P102,1,ACCEPT,"Conservée : les confusions de chaque choix sont précisées ci-dessous ; contexte, forme homogène et corrigé relus.",1,kg ; kg ; Pa,Employer le kg du langage courant pour le poids.,L’unité SI d’une force est N ; kg reste l’unité de masse.,"Question, choix et corrigé relus après rédaction : ISOLATION/CREDIBILITY/LENGTH/WHY/SENSE ; clé unique dans les hypothèses annoncées",NIST B.9 et NOAA/NWS Pressure ; modèle hydrostatique explicite ; résolution algébrique propre,2026-10-09,QCM pertinent ; modèle historique inchangé,05313837d9833d56808f848349f18390c5874d923358650db489cb252398c125
n2-pression-masse-force-001,P102,1,ACCEPT,"Conservée : les confusions de chaque choix sont précisées ci-dessous ; contexte, forme homogène et corrigé relus.",2,N ; kg ; Pa,Inverser masse et poids.,"La masse s’exprime en kg et le poids en N, pas l’inverse.","Question, choix et corrigé relus après rédaction : ISOLATION/CREDIBILITY/LENGTH/WHY/SENSE ; clé unique dans les hypothèses annoncées",NIST B.9 et NOAA/NWS Pressure ; modèle hydrostatique explicite ; résolution algébrique propre,2026-10-09,QCM pertinent ; modèle historique inchangé,05313837d9833d56808f848349f18390c5874d923358650db489cb252398c125
n2-pression-masse-force-001,P102,1,ACCEPT,"Conservée : les confusions de chaque choix sont précisées ci-dessous ; contexte, forme homogène et corrigé relus.",3,kg ; Pa ; N,Inverser force et pression.,Le poids est une force en N ; la pression est une force par aire en Pa.,"Question, choix et corrigé relus après rédaction : ISOLATION/CREDIBILITY/LENGTH/WHY/SENSE ; clé unique dans les hypothèses annoncées",NIST B.9 et NOAA/NWS Pressure ; modèle hydrostatique explicite ; résolution algébrique propre,2026-10-09,QCM pertinent ; modèle historique inchangé,05313837d9833d56808f848349f18390c5874d923358650db489cb252398c125
n2-pression-atmosphere-origine-001,P103,1,REVISE,"Retirer uniquement qui signalait le leurre ; distinguer pression d’équilibre, effet du vent et pression partielle d’un constituant.",1,La pression liée au déplacement horizontal de l’air,Attribuer à tout mouvement d’air l’origine de la pression mesurée.,"La pression d’équilibre provient du poids de la colonne d’air, même sans vent.","Question, choix et corrigé relus après rédaction : ISOLATION/CREDIBILITY/LENGTH/WHY/SENSE ; clé unique dans les hypothèses annoncées",NIST B.9 et NOAA/NWS Pressure ; modèle hydrostatique explicite ; résolution algébrique propre,2026-10-09,QCM pertinent ; modèle historique inchangé,7de5be68a265bbe56fb8177f75b0db52175f597cf7b9ecfadabc34474c1306bd
n2-pression-atmosphere-origine-001,P103,1,REVISE,"Retirer uniquement qui signalait le leurre ; distinguer pression d’équilibre, effet du vent et pression partielle d’un constituant.",2,La pression partielle de la vapeur d’eau présente dans l’air,Confondre la pression d’un constituant et la pression totale.,"La vapeur d’eau ne représente qu’une partie du gaz atmosphérique, pas toute sa pression.","Question, choix et corrigé relus après rédaction : ISOLATION/CREDIBILITY/LENGTH/WHY/SENSE ; clé unique dans les hypothèses annoncées",NIST B.9 et NOAA/NWS Pressure ; modèle hydrostatique explicite ; résolution algébrique propre,2026-10-09,QCM pertinent ; modèle historique inchangé,7de5be68a265bbe56fb8177f75b0db52175f597cf7b9ecfadabc34474c1306bd
n2-pression-altitude-001,P105,1,ACCEPT,"Conservée : les confusions de chaque choix sont précisées ci-dessous ; contexte, forme homogène et corrigé relus.",1,Plus forte,Penser que la proximité des couches d’air supérieures augmente la pression.,La colonne d’air au-dessus pèse moins en altitude ; la pression réelle diminue.,"Question, choix et corrigé relus après rédaction : ISOLATION/CREDIBILITY/LENGTH/WHY/SENSE ; clé unique dans les hypothèses annoncées",NIST B.9 et NOAA/NWS Pressure ; modèle hydrostatique explicite ; résolution algébrique propre,2026-10-09,QCM pertinent ; modèle historique inchangé,2dd0108d227d10feeaac6e4ad0d5273448f1dad3ae6388f4bad23ff20ee61475
n2-pression-altitude-001,P105,1,ACCEPT,"Conservée : les confusions de chaque choix sont précisées ci-dessous ; contexte, forme homogène et corrigé relus.",2,Égale,Étendre la convention de cours 1 bar à toutes les altitudes.,La pression de surface dépend de l’altitude ; 1 bar n’est pas une valeur imposée au lac.,"Question, choix et corrigé relus après rédaction : ISOLATION/CREDIBILITY/LENGTH/WHY/SENSE ; clé unique dans les hypothèses annoncées",NIST B.9 et NOAA/NWS Pressure ; modèle hydrostatique explicite ; résolution algébrique propre,2026-10-09,QCM pertinent ; modèle historique inchangé,2dd0108d227d10feeaac6e4ad0d5273448f1dad3ae6388f4bad23ff20ee61475
n2-pression-meteo-001,P106,1,REVISE,Uniformiser les choix et éviter la clé seule développée ; ne pas transformer une tendance météorologique en garantie pour tout déplacement d’un système.,1,Elle diminue,Inverser la distinction basse/haute pression des systèmes météo.,Le passage décrit correspond généralement à une hausse de pression.,"Question, choix et corrigé relus après rédaction : ISOLATION/CREDIBILITY/LENGTH/WHY/SENSE ; clé unique dans les hypothèses annoncées",NIST B.9 et NOAA/NWS Pressure ; modèle hydrostatique explicite ; résolution algébrique propre,2026-10-09,QCM pertinent ; modèle historique inchangé,897d2e10aac776ea8ed1daac7dff48b0171dd798700e55310ba883ff9fdcc0b6
n2-pression-meteo-001,P106,1,REVISE,Uniformiser les choix et éviter la clé seule développée ; ne pas transformer une tendance météorologique en garantie pour tout déplacement d’un système.,2,Elle reste identique,Croire que l’altitude explique toute la pression atmosphérique.,La pression varie aussi avec la situation météorologique au même lieu.,"Question, choix et corrigé relus après rédaction : ISOLATION/CREDIBILITY/LENGTH/WHY/SENSE ; clé unique dans les hypothèses annoncées",NIST B.9 et NOAA/NWS Pressure ; modèle hydrostatique explicite ; résolution algébrique propre,2026-10-09,QCM pertinent ; modèle historique inchangé,897d2e10aac776ea8ed1daac7dff48b0171dd798700e55310ba883ff9fdcc0b6
n2-pression-hydrostatique-001,P107,1,ACCEPT,"Conservée : les confusions de chaque choix sont précisées ci-dessous ; contexte, forme homogène et corrigé relus.",1,La pression totale de l’eau et de l’atmosphère,Confondre contribution hydrostatique et pression absolue.,L’hydrostatique est la seule contribution de l’eau ; l’absolue comprend aussi l’atmosphère.,"Question, choix et corrigé relus après rédaction : ISOLATION/CREDIBILITY/LENGTH/WHY/SENSE ; clé unique dans les hypothèses annoncées",NIST B.9 et NOAA/NWS Pressure ; modèle hydrostatique explicite ; résolution algébrique propre,2026-10-09,QCM pertinent ; modèle historique inchangé,9559df9959a654486dc2f5ba009dfe2f8509c376b74aabe96e6ab80ba852667b
n2-pression-hydrostatique-001,P107,1,ACCEPT,"Conservée : les confusions de chaque choix sont précisées ci-dessous ; contexte, forme homogène et corrigé relus.",2,La pression atmosphérique transmise par la surface,Confondre référence de surface et contribution de la colonne d’eau.,L’atmosphère fournit la pression à la surface ; l’eau ajoute la contribution hydrostatique.,"Question, choix et corrigé relus après rédaction : ISOLATION/CREDIBILITY/LENGTH/WHY/SENSE ; clé unique dans les hypothèses annoncées",NIST B.9 et NOAA/NWS Pressure ; modèle hydrostatique explicite ; résolution algébrique propre,2026-10-09,QCM pertinent ; modèle historique inchangé,9559df9959a654486dc2f5ba009dfe2f8509c376b74aabe96e6ab80ba852667b
n2-pression-absolue-six-metres-001,P110,1,ACCEPT,"Conservée : les confusions de chaque choix sont précisées ci-dessous ; contexte, forme homogène et corrigé relus.",1,"0,6 bar absolu","Omettre la pression atmosphérique : 6/10=0,6.","La pression absolue vaut 1+0,6=1,6 bar.","Question, choix et corrigé relus après rédaction : ISOLATION/CREDIBILITY/LENGTH/WHY/SENSE ; clé unique dans les hypothèses annoncées",NIST B.9 et NOAA/NWS Pressure ; modèle hydrostatique explicite ; résolution algébrique propre,2026-10-09,QCM pertinent ; modèle historique inchangé,586bbe4e2baf293295bfbc73233124d06998cc81d150104ab6ff74940e8a8671
n2-pression-absolue-six-metres-001,P110,1,ACCEPT,"Conservée : les confusions de chaque choix sont précisées ci-dessous ; contexte, forme homogène et corrigé relus.",2,"2,6 bars absolus","Compter deux fois la pression atmosphérique : 2+6/10=2,6.",La contribution de surface ne s’ajoute qu’une fois.,"Question, choix et corrigé relus après rédaction : ISOLATION/CREDIBILITY/LENGTH/WHY/SENSE ; clé unique dans les hypothèses annoncées",NIST B.9 et NOAA/NWS Pressure ; modèle hydrostatique explicite ; résolution algébrique propre,2026-10-09,QCM pertinent ; modèle historique inchangé,586bbe4e2baf293295bfbc73233124d06998cc81d150104ab6ff74940e8a8671
n2-pression-meme-profondeur-001,P111,1,ACCEPT,"Conservée : les confusions de chaque choix sont précisées ci-dessous ; contexte, forme homogène et corrigé relus.",1,Elle est plus élevée au-dessus du fond de 40 m,Prendre la profondeur du fond pour la hauteur de la colonne d’eau au-dessus.,Les deux plongeurs sont à 10 m sous la même surface et ont la même pression.,"Question, choix et corrigé relus après rédaction : ISOLATION/CREDIBILITY/LENGTH/WHY/SENSE ; clé unique dans les hypothèses annoncées",NIST B.9 et NOAA/NWS Pressure ; modèle hydrostatique explicite ; résolution algébrique propre,2026-10-09,QCM pertinent ; modèle historique inchangé,6fd5f9fc138b584d2ec9497e88fccfed1a5268a1e67630ca184de31b3db612a5
n2-pression-meme-profondeur-001,P111,1,ACCEPT,"Conservée : les confusions de chaque choix sont précisées ci-dessous ; contexte, forme homogène et corrigé relus.",2,Elle est plus élevée au-dessus du fond de 12 m,Assimiler proximité du fond et pression accrue sur le plongeur.,La hauteur d’eau sous le plongeur ne fixe pas sa pression ambiante.,"Question, choix et corrigé relus après rédaction : ISOLATION/CREDIBILITY/LENGTH/WHY/SENSE ; clé unique dans les hypothèses annoncées",NIST B.9 et NOAA/NWS Pressure ; modèle hydrostatique explicite ; résolution algébrique propre,2026-10-09,QCM pertinent ; modèle historique inchangé,6fd5f9fc138b584d2ec9497e88fccfed1a5268a1e67630ca184de31b3db612a5
n2-pression-hydrostatique-calcul-001,P114,1,ACCEPT,"Conservée : les confusions de chaque choix sont précisées ci-dessous ; contexte, forme homogène et corrigé relus.",1,"1,3 bar","Ajouter le bar de surface : 1+3/10=1,3.","La question porte sur l’eau seule ; sa contribution vaut 0,3 bar.","Question, choix et corrigé relus après rédaction : ISOLATION/CREDIBILITY/LENGTH/WHY/SENSE ; clé unique dans les hypothèses annoncées",NIST B.9 et NOAA/NWS Pressure ; modèle hydrostatique explicite ; résolution algébrique propre,2026-10-09,QCM pertinent ; modèle historique inchangé,b45dc65c93c567edf263430c537b3cab85dccb4e031edee5cddfbeaa07cb90a8
n2-pression-hydrostatique-calcul-001,P114,1,ACCEPT,"Conservée : les confusions de chaque choix sont précisées ci-dessous ; contexte, forme homogène et corrigé relus.",2,3 bars,Lire les mètres comme des bars : 3.,"Le modèle convertit dix mètres en un bar ; 3/10=0,3.","Question, choix et corrigé relus après rédaction : ISOLATION/CREDIBILITY/LENGTH/WHY/SENSE ; clé unique dans les hypothèses annoncées",NIST B.9 et NOAA/NWS Pressure ; modèle hydrostatique explicite ; résolution algébrique propre,2026-10-09,QCM pertinent ; modèle historique inchangé,b45dc65c93c567edf263430c537b3cab85dccb4e031edee5cddfbeaa07cb90a8
n2-pression-profondeur-absolue-001,P123,1,ACCEPT,"Conservée : les confusions de chaque choix sont précisées ci-dessous ; contexte, forme homogène et corrigé relus.",1,15 m,"Convertir la pression absolue entière : 1,5×10=15.","Il faut d’abord soustraire 1 bar, puis convertir : 5 m.","Question, choix et corrigé relus après rédaction : ISOLATION/CREDIBILITY/LENGTH/WHY/SENSE ; clé unique dans les hypothèses annoncées",NIST B.9 et NOAA/NWS Pressure ; modèle hydrostatique explicite ; résolution algébrique propre,2026-10-09,QCM pertinent ; modèle historique inchangé,69a2bb98ed147919bc3b35907fb8c5a474fe9facce18d31b293a1b9580a55317
n2-pression-profondeur-absolue-001,P123,1,ACCEPT,"Conservée : les confusions de chaque choix sont précisées ci-dessous ; contexte, forme homogène et corrigé relus.",2,"0,5 m","Retirer l’atmosphère mais oublier la conversion : 1,5−1=0,5.","0,5 est une pression en bar, correspondant à 5 m.","Question, choix et corrigé relus après rédaction : ISOLATION/CREDIBILITY/LENGTH/WHY/SENSE ; clé unique dans les hypothèses annoncées",NIST B.9 et NOAA/NWS Pressure ; modèle hydrostatique explicite ; résolution algébrique propre,2026-10-09,QCM pertinent ; modèle historique inchangé,69a2bb98ed147919bc3b35907fb8c5a474fe9facce18d31b293a1b9580a55317
n2-pression-profondeur-relative-001,P126,1,ACCEPT,"Conservée : les confusions de chaque choix sont précisées ci-dessous ; contexte, forme homogène et corrigé relus.",1,10 m,Soustraire un bar à une mesure déjà relative : (2−1)×10=10.,Les 2 bar représentent déjà l’eau ; ils correspondent à 20 m.,"Question, choix et corrigé relus après rédaction : ISOLATION/CREDIBILITY/LENGTH/WHY/SENSE ; clé unique dans les hypothèses annoncées",NIST B.9 et NOAA/NWS Pressure ; modèle hydrostatique explicite ; résolution algébrique propre,2026-10-09,QCM pertinent ; modèle historique inchangé,08f090a5cf2e6cee551b645f3d3cb091cc59a87506a9335822685e0ea6338b53
n2-pression-profondeur-relative-001,P126,1,ACCEPT,"Conservée : les confusions de chaque choix sont précisées ci-dessous ; contexte, forme homogène et corrigé relus.",2,30 m,Ajouter l’atmosphère avant de traiter tout comme hydrostatique : (2+1)×10=30.,"La conversion en profondeur doit utiliser la contribution de l’eau seule, donnée ici.","Question, choix et corrigé relus après rédaction : ISOLATION/CREDIBILITY/LENGTH/WHY/SENSE ; clé unique dans les hypothèses annoncées",NIST B.9 et NOAA/NWS Pressure ; modèle hydrostatique explicite ; résolution algébrique propre,2026-10-09,QCM pertinent ; modèle historique inchangé,08f090a5cf2e6cee551b645f3d3cb091cc59a87506a9335822685e0ea6338b53
n2-pression-double-atmosphere-001,P127,1,REVISE,La première réécriture redemandait le nombre donné ; diagnostiquer la contribution atmosphérique doublée et distinguer duplication de l’eau ou du total.,1,La pression hydrostatique,Attribuer l’écart à la duplication de la contribution de l’eau.,"L’eau ajoute 2 bar ; les compter deux fois donnerait 1+2×2=5 bar, pas 4.","Question, choix et corrigé relus après rédaction : ISOLATION/CREDIBILITY/LENGTH/WHY/SENSE ; clé unique dans les hypothèses annoncées",NIST B.9 et NOAA/NWS Pressure ; modèle hydrostatique explicite ; résolution algébrique propre,2026-10-09,QCM pertinent ; modèle historique inchangé,9f85583cc8f20a0dafcb547be02d580f1ae15b510ab4cc9a89c77540af6214c2
n2-pression-double-atmosphere-001,P127,1,REVISE,La première réécriture redemandait le nombre donné ; diagnostiquer la contribution atmosphérique doublée et distinguer duplication de l’eau ou du total.,2,La pression absolue totale,Confondre duplication d’une contribution et duplication de toute la mesure.,Doubler les 3 bar absolus donnerait 6 bar ; 4 vient d’un seul bar ajouté de nouveau.,"Question, choix et corrigé relus après rédaction : ISOLATION/CREDIBILITY/LENGTH/WHY/SENSE ; clé unique dans les hypothèses annoncées",NIST B.9 et NOAA/NWS Pressure ; modèle hydrostatique explicite ; résolution algébrique propre,2026-10-09,QCM pertinent ; modèle historique inchangé,9f85583cc8f20a0dafcb547be02d580f1ae15b510ab4cc9a89c77540af6214c2
n2-pression-boyle-pressions-001,P128,1,ACCEPT,"Conservée : les confusions de chaque choix sont précisées ci-dessous ; contexte, forme homogène et corrigé relus.",1,P₁ = 1 bar ; P₂ = 2 bars,Employer les seules pressions hydrostatiques : 10/10=1 et 20/10=2.,"Boyle utilise les pressions absolues, soit 2 et 3 bar.","Question, choix et corrigé relus après rédaction : ISOLATION/CREDIBILITY/LENGTH/WHY/SENSE ; clé unique dans les hypothèses annoncées",NIST B.9 et NOAA/NWS Pressure ; modèle hydrostatique explicite ; résolution algébrique propre,2026-10-09,QCM pertinent ; modèle historique inchangé,c72046b72d90d8d5f38418ae1fcba200df895d12e3d12d33c91932ca047f4ec8
n2-pression-boyle-pressions-001,P128,1,ACCEPT,"Conservée : les confusions de chaque choix sont précisées ci-dessous ; contexte, forme homogène et corrigé relus.",2,P₁ = 3 bars ; P₂ = 4 bars,Ajouter deux fois le bar de surface : 2+1=3 et 3+1=4.,La contribution atmosphérique ne compte qu’une fois à chaque état.,"Question, choix et corrigé relus après rédaction : ISOLATION/CREDIBILITY/LENGTH/WHY/SENSE ; clé unique dans les hypothèses annoncées",NIST B.9 et NOAA/NWS Pressure ; modèle hydrostatique explicite ; résolution algébrique propre,2026-10-09,QCM pertinent ; modèle historique inchangé,c72046b72d90d8d5f38418ae1fcba200df895d12e3d12d33c91932ca047f4ec8
n2-pression-rapports-001,P129,1,ACCEPT,"Conservée : les confusions de chaque choix sont précisées ci-dessous ; contexte, forme homogène et corrigé relus.",1,"×2, puis ×2",Prendre deux tranches de 10 m pour deux doublements identiques.,"Les rapports absolus sont 2/1=2 puis 3/2=1,5.","Question, choix et corrigé relus après rédaction : ISOLATION/CREDIBILITY/LENGTH/WHY/SENSE ; clé unique dans les hypothèses annoncées",NIST B.9 et NOAA/NWS Pressure ; modèle hydrostatique explicite ; résolution algébrique propre,2026-10-09,QCM pertinent ; modèle historique inchangé,2df557e2ac1bf5f105fab210bee0325826c92d398d38a7b27592906006c95305
n2-pression-rapports-001,P129,1,ACCEPT,"Conservée : les confusions de chaque choix sont précisées ci-dessous ; contexte, forme homogène et corrigé relus.",2,"×1,5, puis ×2",Permuter les rapports des deux trajets.,"Le doublement est celui de surface→10 m, pas de 10→20 m.","Question, choix et corrigé relus après rédaction : ISOLATION/CREDIBILITY/LENGTH/WHY/SENSE ; clé unique dans les hypothèses annoncées",NIST B.9 et NOAA/NWS Pressure ; modèle hydrostatique explicite ; résolution algébrique propre,2026-10-09,QCM pertinent ; modèle historique inchangé,2df557e2ac1bf5f105fab210bee0325826c92d398d38a7b27592906006c95305
n2-pression-rapports-001,P129,1,ACCEPT,"Conservée : les confusions de chaque choix sont précisées ci-dessous ; contexte, forme homogène et corrigé relus.",3,"×2, puis ×3",Employer les valeurs finales 2 et 3 comme facteurs.,Les facteurs doivent comparer chaque pression à sa propre valeur de départ.,"Question, choix et corrigé relus après rédaction : ISOLATION/CREDIBILITY/LENGTH/WHY/SENSE ; clé unique dans les hypothèses annoncées",NIST B.9 et NOAA/NWS Pressure ; modèle hydrostatique explicite ; résolution algébrique propre,2026-10-09,QCM pertinent ; modèle historique inchangé,2df557e2ac1bf5f105fab210bee0325826c92d398d38a7b27592906006c95305
n2-pression-absolue-vingt-metres-001,P110,1,ACCEPT,"Conservée : les confusions de chaque choix sont précisées ci-dessous ; contexte, forme homogène et corrigé relus.",1,2 bars absolus,Omettre le bar de surface : 20/10=2.,La pression absolue est 1+2=3 bar.,"Question, choix et corrigé relus après rédaction : ISOLATION/CREDIBILITY/LENGTH/WHY/SENSE ; clé unique dans les hypothèses annoncées",NIST B.9 et NOAA/NWS Pressure ; modèle hydrostatique explicite ; résolution algébrique propre,2026-10-09,QCM pertinent ; modèle historique inchangé,efe6fac13bfd32acc8748bfcc81edf57eefe5bae5f55fe8b8b159589b7b4f8b2
n2-pression-absolue-vingt-metres-001,P110,1,ACCEPT,"Conservée : les confusions de chaque choix sont précisées ci-dessous ; contexte, forme homogène et corrigé relus.",2,4 bars absolus,Ajouter deux fois l’atmosphère : 2+20/10=4.,Une seule contribution de 1 bar s’ajoute à l’eau.,"Question, choix et corrigé relus après rédaction : ISOLATION/CREDIBILITY/LENGTH/WHY/SENSE ; clé unique dans les hypothèses annoncées",NIST B.9 et NOAA/NWS Pressure ; modèle hydrostatique explicite ; résolution algébrique propre,2026-10-09,QCM pertinent ; modèle historique inchangé,efe6fac13bfd32acc8748bfcc81edf57eefe5bae5f55fe8b8b159589b7b4f8b2
n2-pression-absolue-trente-trois-metres-001,P110,1,ACCEPT,"Conservée : les confusions de chaque choix sont précisées ci-dessous ; contexte, forme homogène et corrigé relus.",1,"3,3 bars absolus","Omettre le bar de surface : 33/10=3,3.","La pression absolue vaut 4,3 bar.","Question, choix et corrigé relus après rédaction : ISOLATION/CREDIBILITY/LENGTH/WHY/SENSE ; clé unique dans les hypothèses annoncées",NIST B.9 et NOAA/NWS Pressure ; modèle hydrostatique explicite ; résolution algébrique propre,2026-10-09,QCM pertinent ; modèle historique inchangé,4d1ef4844057c8ab2beff05efd52f0f2ba866233177a1931515a7d9e8c7fc914
n2-pression-absolue-trente-trois-metres-001,P110,1,ACCEPT,"Conservée : les confusions de chaque choix sont précisées ci-dessous ; contexte, forme homogène et corrigé relus.",2,"5,3 bars absolus","Ajouter deux fois le bar de surface : 2+33/10=5,3.",La pression atmosphérique ne compte qu’une fois.,"Question, choix et corrigé relus après rédaction : ISOLATION/CREDIBILITY/LENGTH/WHY/SENSE ; clé unique dans les hypothèses annoncées",NIST B.9 et NOAA/NWS Pressure ; modèle hydrostatique explicite ; résolution algébrique propre,2026-10-09,QCM pertinent ; modèle historique inchangé,4d1ef4844057c8ab2beff05efd52f0f2ba866233177a1931515a7d9e8c7fc914
n2-pression-inverse-deux-huit-bars-001,P123,1,ACCEPT,"Conservée : les confusions de chaque choix sont précisées ci-dessous ; contexte, forme homogène et corrigé relus.",1,28 m,"Convertir l’absolue sans retirer l’atmosphère : 2,8×10=28.","(2,8−1)×10=18 m.","Question, choix et corrigé relus après rédaction : ISOLATION/CREDIBILITY/LENGTH/WHY/SENSE ; clé unique dans les hypothèses annoncées",NIST B.9 et NOAA/NWS Pressure ; modèle hydrostatique explicite ; résolution algébrique propre,2026-10-09,QCM pertinent ; modèle historique inchangé,61b386429330b766fd41019632a49ab897c46c4bfcc079b42f917da42cec850a
n2-pression-inverse-deux-huit-bars-001,P123,1,ACCEPT,"Conservée : les confusions de chaque choix sont précisées ci-dessous ; contexte, forme homogène et corrigé relus.",2,38 m,"Ajouter au lieu de soustraire la référence : (2,8+1)×10=38.",Il faut isoler la contribution de l’eau en retirant le bar atmosphérique.,"Question, choix et corrigé relus après rédaction : ISOLATION/CREDIBILITY/LENGTH/WHY/SENSE ; clé unique dans les hypothèses annoncées",NIST B.9 et NOAA/NWS Pressure ; modèle hydrostatique explicite ; résolution algébrique propre,2026-10-09,QCM pertinent ; modèle historique inchangé,61b386429330b766fd41019632a49ab897c46c4bfcc079b42f917da42cec850a
n2-pression-inverse-quatre-bars-001,P123,1,ACCEPT,"Conservée : les confusions de chaque choix sont précisées ci-dessous ; contexte, forme homogène et corrigé relus.",1,40 m,Convertir l’absolue entière : 4×10=40.,(4−1)×10=30 m.,"Question, choix et corrigé relus après rédaction : ISOLATION/CREDIBILITY/LENGTH/WHY/SENSE ; clé unique dans les hypothèses annoncées",NIST B.9 et NOAA/NWS Pressure ; modèle hydrostatique explicite ; résolution algébrique propre,2026-10-09,QCM pertinent ; modèle historique inchangé,11ea2e5f22e0027d7658608c84c4e832b5706f5fc87dd40f2034414642b60b9c
n2-pression-inverse-quatre-bars-001,P123,1,ACCEPT,"Conservée : les confusions de chaque choix sont précisées ci-dessous ; contexte, forme homogène et corrigé relus.",2,50 m,Ajouter l’atmosphère avant conversion : (4+1)×10=50.,La mesure absolue contient déjà la contribution de surface.,"Question, choix et corrigé relus après rédaction : ISOLATION/CREDIBILITY/LENGTH/WHY/SENSE ; clé unique dans les hypothèses annoncées",NIST B.9 et NOAA/NWS Pressure ; modèle hydrostatique explicite ; résolution algébrique propre,2026-10-09,QCM pertinent ; modèle historique inchangé,11ea2e5f22e0027d7658608c84c4e832b5706f5fc87dd40f2034414642b60b9c
n2-pression-hydrostatique-vingt-sept-metres-001,P114,1,ACCEPT,"Conservée : les confusions de chaque choix sont précisées ci-dessous ; contexte, forme homogène et corrigé relus.",1,"3,7 bars","Calculer une pression absolue : 1+27/10=3,7.","L’eau seule ajoute 2,7 bar.","Question, choix et corrigé relus après rédaction : ISOLATION/CREDIBILITY/LENGTH/WHY/SENSE ; clé unique dans les hypothèses annoncées",NIST B.9 et NOAA/NWS Pressure ; modèle hydrostatique explicite ; résolution algébrique propre,2026-10-09,QCM pertinent ; modèle historique inchangé,4acc50d7449ede7234c2ce2c3e3fa1b43e1c82343d48a88757541c336444b269
n2-pression-hydrostatique-vingt-sept-metres-001,P114,1,ACCEPT,"Conservée : les confusions de chaque choix sont précisées ci-dessous ; contexte, forme homogène et corrigé relus.",2,"1,7 bar","Retrancher l’atmosphère à une contribution déjà hydrostatique : 27/10−1=1,7.",Le calcul 27/10 est déjà relatif à la surface.,"Question, choix et corrigé relus après rédaction : ISOLATION/CREDIBILITY/LENGTH/WHY/SENSE ; clé unique dans les hypothèses annoncées",NIST B.9 et NOAA/NWS Pressure ; modèle hydrostatique explicite ; résolution algébrique propre,2026-10-09,QCM pertinent ; modèle historique inchangé,4acc50d7449ede7234c2ce2c3e3fa1b43e1c82343d48a88757541c336444b269
n2-pression-variation-remontee-001,P129,1,ACCEPT,"Conservée : les confusions de chaque choix sont précisées ci-dessous ; contexte, forme homogène et corrigé relus.",1,"2,8 bars","Garder un bar atmosphérique dans la différence : (4−2,2)+1=2,8.","La même contribution de surface s’annule entre les deux états ; différence 1,8.","Question, choix et corrigé relus après rédaction : ISOLATION/CREDIBILITY/LENGTH/WHY/SENSE ; clé unique dans les hypothèses annoncées",NIST B.9 et NOAA/NWS Pressure ; modèle hydrostatique explicite ; résolution algébrique propre,2026-10-09,QCM pertinent ; modèle historique inchangé,6221ea2b7a7c14ff31cacd5347661593c8cc037c065c588840a90733afdf813f
n2-pression-variation-remontee-001,P129,1,ACCEPT,"Conservée : les confusions de chaque choix sont précisées ci-dessous ; contexte, forme homogène et corrigé relus.",2,"0,8 bar","Retirer un bar supplémentaire après soustraction : (4−2,2)−1=0,8.",La soustraction des deux absolues a déjà éliminé leur référence commune.,"Question, choix et corrigé relus après rédaction : ISOLATION/CREDIBILITY/LENGTH/WHY/SENSE ; clé unique dans les hypothèses annoncées",NIST B.9 et NOAA/NWS Pressure ; modèle hydrostatique explicite ; résolution algébrique propre,2026-10-09,QCM pertinent ; modèle historique inchangé,6221ea2b7a7c14ff31cacd5347661593c8cc037c065c588840a90733afdf813f
n2-pression-absolue-lac-001,P110,1,ACCEPT,"Conservée : les confusions de chaque choix sont précisées ci-dessous ; contexte, forme homogène et corrigé relus.",1,"2,8 bars absolus","Réutiliser 1 bar au lieu de la donnée du lac : 1+18/10=2,8.","La donnée imposée est 0,8 bar ; résultat 2,6.","Question, choix et corrigé relus après rédaction : ISOLATION/CREDIBILITY/LENGTH/WHY/SENSE ; clé unique dans les hypothèses annoncées",NIST B.9 et NOAA/NWS Pressure ; modèle hydrostatique explicite ; résolution algébrique propre,2026-10-09,QCM pertinent ; modèle historique inchangé,1116c1082e1982c4d70bea3ee241dc07ad33b8aff7ea6bb7f4c96dd0580a29ca
n2-pression-absolue-lac-001,P110,1,ACCEPT,"Conservée : les confusions de chaque choix sont précisées ci-dessous ; contexte, forme homogène et corrigé relus.",2,"1,8 bar absolu","Omettre la pression de surface : 18/10=1,8.","La pression absolue doit inclure les 0,8 bar atmosphériques.","Question, choix et corrigé relus après rédaction : ISOLATION/CREDIBILITY/LENGTH/WHY/SENSE ; clé unique dans les hypothèses annoncées",NIST B.9 et NOAA/NWS Pressure ; modèle hydrostatique explicite ; résolution algébrique propre,2026-10-09,QCM pertinent ; modèle historique inchangé,1116c1082e1982c4d70bea3ee241dc07ad33b8aff7ea6bb7f4c96dd0580a29ca
n2-pression-inverse-lac-001,P123,1,ACCEPT,"Conservée : les confusions de chaque choix sont précisées ci-dessous ; contexte, forme homogène et corrigé relus.",1,13 m,"Retirer la référence standard 1 bar : (2,3−1)×10=13.","Il faut retirer les 0,8 bar fournis ; résultat 15 m.","Question, choix et corrigé relus après rédaction : ISOLATION/CREDIBILITY/LENGTH/WHY/SENSE ; clé unique dans les hypothèses annoncées",NIST B.9 et NOAA/NWS Pressure ; modèle hydrostatique explicite ; résolution algébrique propre,2026-10-09,QCM pertinent ; modèle historique inchangé,d399724bfcead7fdc5151c582ab0878980d9d7f93a0e175e8d2a997147d39eb6
n2-pression-inverse-lac-001,P123,1,ACCEPT,"Conservée : les confusions de chaque choix sont précisées ci-dessous ; contexte, forme homogène et corrigé relus.",2,23 m,"Convertir directement l’absolue : 2,3×10=23.",Isoler la contribution de l’eau avant de convertir en mètres.,"Question, choix et corrigé relus après rédaction : ISOLATION/CREDIBILITY/LENGTH/WHY/SENSE ; clé unique dans les hypothèses annoncées",NIST B.9 et NOAA/NWS Pressure ; modèle hydrostatique explicite ; résolution algébrique propre,2026-10-09,QCM pertinent ; modèle historique inchangé,d399724bfcead7fdc5151c582ab0878980d9d7f93a0e175e8d2a997147d39eb6
n2-flottabilite-poids-reel-apparent-001,P133,2,ACCEPT,"Conservée : les confusions de chaque choix sont précisées ci-dessous ; contexte, forme homogène et corrigé relus.",1,Masse inchangée ; poids réel et poids apparent réduits,Confondre poids réel et force nécessaire pour soutenir l’objet immergé.,"La poussée réduit le poids apparent, pas le poids réel à gravité identique.","Question, choix et corrigé relus après rédaction : ISOLATION/CREDIBILITY/LENGTH/WHY/SENSE ; clé unique dans les hypothèses annoncées",Archimède : OpenStax University Physics 1 §14.4 ; DAN Weight Up et Buoyancy Control ; hypothèses de la carte,2026-10-09,QCM pertinent ; modèle historique inchangé,8649737b27b65c84ade35cb88982a3a9ee5c89664c8f116da843dbea916272c6
n2-flottabilite-poids-reel-apparent-001,P133,2,ACCEPT,"Conservée : les confusions de chaque choix sont précisées ci-dessous ; contexte, forme homogène et corrigé relus.",2,Masse et poids réel réduits ; poussée d’Archimède inchangée,Assimiler sensation de légèreté et perte de masse.,"Sans perte de matière, la masse ne diminue pas ; la poussée fournit une force supplémentaire.","Question, choix et corrigé relus après rédaction : ISOLATION/CREDIBILITY/LENGTH/WHY/SENSE ; clé unique dans les hypothèses annoncées",Archimède : OpenStax University Physics 1 §14.4 ; DAN Weight Up et Buoyancy Control ; hypothèses de la carte,2026-10-09,QCM pertinent ; modèle historique inchangé,8649737b27b65c84ade35cb88982a3a9ee5c89664c8f116da843dbea916272c6
n2-flottabilite-archimede-001,P134,2,ACCEPT,"Conservée : les confusions de chaque choix sont précisées ci-dessous ; contexte, forme homogène et corrigé relus.",1,Du poids de l’objet immergé,Croire que la poussée s’ajuste au poids de l’objet.,Elle dépend du poids de l’eau déplacée ; un objet dense peut recevoir moins que son poids.,"Question, choix et corrigé relus après rédaction : ISOLATION/CREDIBILITY/LENGTH/WHY/SENSE ; clé unique dans les hypothèses annoncées",Archimède : OpenStax University Physics 1 §14.4 ; DAN Weight Up et Buoyancy Control ; hypothèses de la carte,2026-10-09,QCM pertinent ; modèle historique inchangé,d515c2b1e2634eccb9e0fe8b33d441344c7546e1fc1e3644968b9d39fb578b2d
n2-flottabilite-archimede-001,P134,2,ACCEPT,"Conservée : les confusions de chaque choix sont précisées ci-dessous ; contexte, forme homogène et corrigé relus.",2,Du poids de l’eau située au-dessus de l’objet,Confondre pression hydrostatique et résultante de poussée sur tout l’objet.,"La poussée correspond au poids du volume déplacé, pas de toute l’eau au-dessus.","Question, choix et corrigé relus après rédaction : ISOLATION/CREDIBILITY/LENGTH/WHY/SENSE ; clé unique dans les hypothèses annoncées",Archimède : OpenStax University Physics 1 §14.4 ; DAN Weight Up et Buoyancy Control ; hypothèses de la carte,2026-10-09,QCM pertinent ; modèle historique inchangé,d515c2b1e2634eccb9e0fe8b33d441344c7546e1fc1e3644968b9d39fb578b2d
n2-flottabilite-relation-poids-apparent-001,P136,2,ACCEPT,"Conservée : les confusions de chaque choix sont précisées ci-dessous ; contexte, forme homogène et corrigé relus.",1,Poids apparent = poids réel + poussée,Additionner les intensités de forces opposées.,"Avec le bas positif, poids apparent = poids réel − poussée.","Question, choix et corrigé relus après rédaction : ISOLATION/CREDIBILITY/LENGTH/WHY/SENSE ; clé unique dans les hypothèses annoncées",Archimède : OpenStax University Physics 1 §14.4 ; DAN Weight Up et Buoyancy Control ; hypothèses de la carte,2026-10-09,QCM pertinent ; modèle historique inchangé,a5b1fc5291d808565a5c3b9c4c69f3229d718ccd70a5fa6278c7da7fd0abface
n2-flottabilite-relation-poids-apparent-001,P136,2,ACCEPT,"Conservée : les confusions de chaque choix sont précisées ci-dessous ; contexte, forme homogène et corrigé relus.",2,Poids apparent = poussée − poids réel,Prendre la convention de force vers le haut pour celle annoncée vers le bas.,Poussée−poids réel aurait le signe inverse de celui demandé.,"Question, choix et corrigé relus après rédaction : ISOLATION/CREDIBILITY/LENGTH/WHY/SENSE ; clé unique dans les hypothèses annoncées",Archimède : OpenStax University Physics 1 §14.4 ; DAN Weight Up et Buoyancy Control ; hypothèses de la carte,2026-10-09,QCM pertinent ; modèle historique inchangé,a5b1fc5291d808565a5c3b9c4c69f3229d718ccd70a5fa6278c7da7fd0abface
n2-flottabilite-signe-001,P138,2,ACCEPT,"Conservée : les confusions de chaque choix sont précisées ci-dessous ; contexte, forme homogène et corrigé relus.",1,Il commence à couler : sa flottabilité est négative,Confondre le signe du poids apparent et celui de la flottabilité.,−10 N avec poids−poussée signifie que la poussée domine ; le mouvement initial est vers le haut.,"Question, choix et corrigé relus après rédaction : ISOLATION/CREDIBILITY/LENGTH/WHY/SENSE ; clé unique dans les hypothèses annoncées",Archimède : OpenStax University Physics 1 §14.4 ; DAN Weight Up et Buoyancy Control ; hypothèses de la carte,2026-10-09,QCM pertinent ; modèle historique inchangé,9c45e604dc0f240408bc863121b6ff6dcefc52d3251363f84561eb1c5a6e1f00
n2-flottabilite-signe-001,P138,2,ACCEPT,"Conservée : les confusions de chaque choix sont précisées ci-dessous ; contexte, forme homogène et corrigé relus.",2,Il reste à cette profondeur : sa flottabilité est neutre,Prendre la position immobile initiale pour une preuve d’équilibre durable.,Le poids apparent est non nul ; l’objet libre ne reste pas en équilibre à cette profondeur.,"Question, choix et corrigé relus après rédaction : ISOLATION/CREDIBILITY/LENGTH/WHY/SENSE ; clé unique dans les hypothèses annoncées",Archimède : OpenStax University Physics 1 §14.4 ; DAN Weight Up et Buoyancy Control ; hypothèses de la carte,2026-10-09,QCM pertinent ; modèle historique inchangé,9c45e604dc0f240408bc863121b6ff6dcefc52d3251363f84561eb1c5a6e1f00
n2-flottabilite-calcul-cinq-kg-001,P142,2,ACCEPT,"Conservée : les confusions de chaque choix sont précisées ci-dessous ; contexte, forme homogène et corrigé relus.",1,−20 N,Inverser l’ordre de soustraction : 30−50=−20.,"Avec le bas positif, 50−30=+20 N.","Question, choix et corrigé relus après rédaction : ISOLATION/CREDIBILITY/LENGTH/WHY/SENSE ; clé unique dans les hypothèses annoncées",Archimède : OpenStax University Physics 1 §14.4 ; DAN Weight Up et Buoyancy Control ; hypothèses de la carte,2026-10-09,QCM pertinent ; modèle historique inchangé,deafd25a1ad1a954b054ca6eed1c4e32ffd0be09f413f6c771aac106400eaccc
n2-flottabilite-calcul-cinq-kg-001,P142,2,ACCEPT,"Conservée : les confusions de chaque choix sont précisées ci-dessous ; contexte, forme homogène et corrigé relus.",2,+80 N,Additionner poids et poussée : 50+30=80.,Les forces sont opposées ; il faut les soustraire.,"Question, choix et corrigé relus après rédaction : ISOLATION/CREDIBILITY/LENGTH/WHY/SENSE ; clé unique dans les hypothèses annoncées",Archimède : OpenStax University Physics 1 §14.4 ; DAN Weight Up et Buoyancy Control ; hypothèses de la carte,2026-10-09,QCM pertinent ; modèle historique inchangé,deafd25a1ad1a954b054ca6eed1c4e32ffd0be09f413f6c771aac106400eaccc
n2-flottabilite-calcul-deux-kg-001,P142,2,ACCEPT,"Conservée : les confusions de chaque choix sont précisées ci-dessous ; contexte, forme homogène et corrigé relus.",1,+10 N,Inverser le signe : 30−20=+10.,Poids−poussée = 20−30=−10 N.,"Question, choix et corrigé relus après rédaction : ISOLATION/CREDIBILITY/LENGTH/WHY/SENSE ; clé unique dans les hypothèses annoncées",Archimède : OpenStax University Physics 1 §14.4 ; DAN Weight Up et Buoyancy Control ; hypothèses de la carte,2026-10-09,QCM pertinent ; modèle historique inchangé,9976d68e4df84dc8f23d784c950bb7307b1a3cb0b70ef6db011081c44c49ad98
n2-flottabilite-calcul-deux-kg-001,P142,2,ACCEPT,"Conservée : les confusions de chaque choix sont précisées ci-dessous ; contexte, forme homogène et corrigé relus.",2,+50 N,Additionner les deux forces : 20+30=50.,La poussée est opposée au poids.,"Question, choix et corrigé relus après rédaction : ISOLATION/CREDIBILITY/LENGTH/WHY/SENSE ; clé unique dans les hypothèses annoncées",Archimède : OpenStax University Physics 1 §14.4 ; DAN Weight Up et Buoyancy Control ; hypothèses de la carte,2026-10-09,QCM pertinent ; modèle historique inchangé,9976d68e4df84dc8f23d784c950bb7307b1a3cb0b70ef6db011081c44c49ad98
n2-flottabilite-calcul-neutre-001,P142,2,ACCEPT,"Conservée : les confusions de chaque choix sont précisées ci-dessous ; contexte, forme homogène et corrigé relus.",1,+30 N,Ignorer la poussée et conserver 3×10=30 N.,La poussée vaut aussi 30 N et compense le poids.,"Question, choix et corrigé relus après rédaction : ISOLATION/CREDIBILITY/LENGTH/WHY/SENSE ; clé unique dans les hypothèses annoncées",Archimède : OpenStax University Physics 1 §14.4 ; DAN Weight Up et Buoyancy Control ; hypothèses de la carte,2026-10-09,QCM pertinent ; modèle historique inchangé,07b19f344a4d1072a86172787ed0ffd2fb682e7c6523b2a6734003f21ba85bc6
n2-flottabilite-calcul-neutre-001,P142,2,ACCEPT,"Conservée : les confusions de chaque choix sont précisées ci-dessous ; contexte, forme homogène et corrigé relus.",2,+60 N,Additionner poids et poussée : 30+30=60.,Elles se compensent au lieu de s’additionner dans le même sens.,"Question, choix et corrigé relus après rédaction : ISOLATION/CREDIBILITY/LENGTH/WHY/SENSE ; clé unique dans les hypothèses annoncées",Archimède : OpenStax University Physics 1 §14.4 ; DAN Weight Up et Buoyancy Control ; hypothèses de la carte,2026-10-09,QCM pertinent ; modèle historique inchangé,07b19f344a4d1072a86172787ed0ffd2fb682e7c6523b2a6734003f21ba85bc6
n2-flottabilite-volume-portance-001,P145,2,ACCEPT,"Conservée : les confusions de chaque choix sont précisées ci-dessous ; contexte, forme homogène et corrigé relus.",1,5 L supplémentaires,Prendre le volume déjà déplacé pour le supplément : 5 L.,Il manque 8−5=3 L pour compenser la masse totale.,"Question, choix et corrigé relus après rédaction : ISOLATION/CREDIBILITY/LENGTH/WHY/SENSE ; clé unique dans les hypothèses annoncées",Archimède : OpenStax University Physics 1 §14.4 ; DAN Weight Up et Buoyancy Control ; hypothèses de la carte,2026-10-09,QCM pertinent ; modèle historique inchangé,1eb73787b590db83275b994c8b6e40698462d31fffe32614cfd29911518103e0
n2-flottabilite-volume-portance-001,P145,2,ACCEPT,"Conservée : les confusions de chaque choix sont précisées ci-dessous ; contexte, forme homogène et corrigé relus.",2,8 L supplémentaires,Ajouter toute la portance requise sans compter l’objet : 8 L.,L’objet apporte déjà 5 L de déplacement ; les 8 L sont le total requis.,"Question, choix et corrigé relus après rédaction : ISOLATION/CREDIBILITY/LENGTH/WHY/SENSE ; clé unique dans les hypothèses annoncées",Archimède : OpenStax University Physics 1 §14.4 ; DAN Weight Up et Buoyancy Control ; hypothèses de la carte,2026-10-09,QCM pertinent ; modèle historique inchangé,1eb73787b590db83275b994c8b6e40698462d31fffe32614cfd29911518103e0
n2-flottabilite-lest-caisson-001,P146,2,ACCEPT,"Conservée : les confusions de chaque choix sont précisées ci-dessous ; contexte, forme homogène et corrigé relus.",1,3 kg,Ajouter toute la masse d’équilibre sans déduire celle du caisson : 3 kg.,"La masse supplémentaire est 3−1,5=1,5 kg.","Question, choix et corrigé relus après rédaction : ISOLATION/CREDIBILITY/LENGTH/WHY/SENSE ; clé unique dans les hypothèses annoncées",Archimède : OpenStax University Physics 1 §14.4 ; DAN Weight Up et Buoyancy Control ; hypothèses de la carte,2026-10-09,QCM pertinent ; modèle historique inchangé,858fda60ebca148592128b187a430a13f83e2a8d881388ee5018ba731ae49286
n2-flottabilite-lest-caisson-001,P146,2,ACCEPT,"Conservée : les confusions de chaque choix sont précisées ci-dessous ; contexte, forme homogène et corrigé relus.",2,"4,5 kg","Additionner au lieu de soustraire : 3+1,5=4,5.","La masse déjà présente participe à l’équilibre, elle n’ajoute pas au besoin de lest.","Question, choix et corrigé relus après rédaction : ISOLATION/CREDIBILITY/LENGTH/WHY/SENSE ; clé unique dans les hypothèses annoncées",Archimède : OpenStax University Physics 1 §14.4 ; DAN Weight Up et Buoyancy Control ; hypothèses de la carte,2026-10-09,QCM pertinent ; modèle historique inchangé,858fda60ebca148592128b187a430a13f83e2a8d881388ee5018ba731ae49286
n2-flottabilite-volume-double-001,P147,2,ACCEPT,"Conservée : les confusions de chaque choix sont précisées ci-dessous ; contexte, forme homogène et corrigé relus.",1,Elle reste identique,Croire que la masse inchangée impose la même poussée.,"La poussée dépend du volume d’eau déplacée, ici doublé.","Question, choix et corrigé relus après rédaction : ISOLATION/CREDIBILITY/LENGTH/WHY/SENSE ; clé unique dans les hypothèses annoncées",Archimède : OpenStax University Physics 1 §14.4 ; DAN Weight Up et Buoyancy Control ; hypothèses de la carte,2026-10-09,QCM pertinent ; modèle historique inchangé,f4243c537beba48054b42e14d830dc4be99ebe6dcd9435347c88e4151765be27
n2-flottabilite-volume-double-001,P147,2,ACCEPT,"Conservée : les confusions de chaque choix sont précisées ci-dessous ; contexte, forme homogène et corrigé relus.",2,Elle est divisée par deux,Inverser la proportion volume/poussée.,"Le poids d’eau déplacée augmente avec le volume, il n’est pas divisé par deux.","Question, choix et corrigé relus après rédaction : ISOLATION/CREDIBILITY/LENGTH/WHY/SENSE ; clé unique dans les hypothèses annoncées",Archimède : OpenStax University Physics 1 §14.4 ; DAN Weight Up et Buoyancy Control ; hypothèses de la carte,2026-10-09,QCM pertinent ; modèle historique inchangé,f4243c537beba48054b42e14d830dc4be99ebe6dcd9435347c88e4151765be27
n2-flottabilite-neoprene-001,P151,2,ACCEPT,"Conservée : les confusions de chaque choix sont précisées ci-dessous ; contexte, forme homogène et corrigé relus.",1,Le volume reste constant alors que la masse augmente,Attribuer la perte de flottabilité à un gain de masse plutôt qu’à une compression.,Les cellules gazeuses se compriment ; le volume diminue alors que la masse change très peu.,"Question, choix et corrigé relus après rédaction : ISOLATION/CREDIBILITY/LENGTH/WHY/SENSE ; clé unique dans les hypothèses annoncées",Archimède : OpenStax University Physics 1 §14.4 ; DAN Weight Up et Buoyancy Control ; hypothèses de la carte,2026-10-09,QCM pertinent ; modèle historique inchangé,725e9d409847b77527d855eeea58e5aff34816b6ac6158f822ce035fd32d278b
n2-flottabilite-neoprene-001,P151,2,ACCEPT,"Conservée : les confusions de chaque choix sont précisées ci-dessous ; contexte, forme homogène et corrigé relus.",2,Le volume reste constant alors que la masse diminue,Attribuer la perte de flottabilité à une perte de masse.,"À volume constant, une perte de masse rendrait au contraire l’ensemble plus flottant.","Question, choix et corrigé relus après rédaction : ISOLATION/CREDIBILITY/LENGTH/WHY/SENSE ; clé unique dans les hypothèses annoncées",Archimède : OpenStax University Physics 1 §14.4 ; DAN Weight Up et Buoyancy Control ; hypothèses de la carte,2026-10-09,QCM pertinent ; modèle historique inchangé,725e9d409847b77527d855eeea58e5aff34816b6ac6158f822ce035fd32d278b
n2-flottabilite-gilet-001,P154,2,ACCEPT,"Conservée : les confusions de chaque choix sont précisées ci-dessous ; contexte, forme homogène et corrigé relus.",1,"Son volume extérieur reste constant, alors que sa masse totale diminue","Étendre la baisse de masse du bloc à tout l’ensemble, sans suivre le transfert interne.",Le gaz reste dans l’ensemble en passant au gilet ; sa masse totale ne diminue pas.,"Question, choix et corrigé relus après rédaction : ISOLATION/CREDIBILITY/LENGTH/WHY/SENSE ; clé unique dans les hypothèses annoncées",Archimède : OpenStax University Physics 1 §14.4 ; DAN Weight Up et Buoyancy Control ; hypothèses de la carte,2026-10-09,QCM pertinent ; modèle historique inchangé,a9aef716bc3343058fcb7723c0e9a6ddc1fa360182db6eda17081fbc1aa42e9a
n2-flottabilite-gilet-001,P154,2,ACCEPT,"Conservée : les confusions de chaque choix sont précisées ci-dessous ; contexte, forme homogène et corrigé relus.",2,"Son volume extérieur et sa masse totale augmentent, car le gilet reçoit de l’air",Compter l’air reçu par le gilet sans retirer l’air cédé par le bloc.,"Il s’agit d’un transfert interne, pas d’un apport extérieur de masse.","Question, choix et corrigé relus après rédaction : ISOLATION/CREDIBILITY/LENGTH/WHY/SENSE ; clé unique dans les hypothèses annoncées",Archimède : OpenStax University Physics 1 §14.4 ; DAN Weight Up et Buoyancy Control ; hypothèses de la carte,2026-10-09,QCM pertinent ; modèle historique inchangé,a9aef716bc3343058fcb7723c0e9a6ddc1fa360182db6eda17081fbc1aa42e9a
n2-flottabilite-poumon-ballast-001,P155,2,ACCEPT,"Conservée : les confusions de chaque choix sont précisées ci-dessous ; contexte, forme homogène et corrigé relus.",1,Elle diminue avec le volume des poumons,Inverser la variation de poussée provoquée par le gonflement du thorax.,Une inspiration augmente le volume déplacé et la flottabilité.,"Question, choix et corrigé relus après rédaction : ISOLATION/CREDIBILITY/LENGTH/WHY/SENSE ; clé unique dans les hypothèses annoncées",Archimède : OpenStax University Physics 1 §14.4 ; DAN Weight Up et Buoyancy Control ; hypothèses de la carte,2026-10-09,QCM pertinent ; modèle historique inchangé,bd3d86685b5981fa58bd5bcbae02442ab2d7031e5542ac70f058fd07af3281fd
n2-flottabilite-poumon-ballast-001,P155,2,ACCEPT,"Conservée : les confusions de chaque choix sont précisées ci-dessous ; contexte, forme homogène et corrigé relus.",2,Elle reste identique tant que le gilet ne change pas de volume,Attribuer toute variation de flottabilité au seul gilet.,Le volume pulmonaire peut varier sans modifier le gilet.,"Question, choix et corrigé relus après rédaction : ISOLATION/CREDIBILITY/LENGTH/WHY/SENSE ; clé unique dans les hypothèses annoncées",Archimède : OpenStax University Physics 1 §14.4 ; DAN Weight Up et Buoyancy Control ; hypothèses de la carte,2026-10-09,QCM pertinent ; modèle historique inchangé,bd3d86685b5981fa58bd5bcbae02442ab2d7031e5542ac70f058fd07af3281fd
n2-flottabilite-respiration-001,P157,2,REVISE,"Deux apnées caricaturales remplaçaient l’apprentissage ; distinguer volume, fréquence et effort inspiratoire tout en conservant le cycle normal.",1,La fréquence des cycles à volume pulmonaire moyen inchangé,Confondre respirer plus vite et maintenir un volume pulmonaire plus grand.,"À volume moyen inchangé, la fréquence seule ne procure pas l’ajustement de poussée recherché.","Question, choix et corrigé relus après rédaction : ISOLATION/CREDIBILITY/LENGTH/WHY/SENSE ; clé unique dans les hypothèses annoncées",Archimède ; DAN Lung Expansion Injuries ; variation du volume sans apnée,2026-10-09,QCM pertinent ; modèle historique inchangé,731e8573b1756c1db3d518fd4704b8711515551ab6ffed21888dce8aff12f34b
n2-flottabilite-respiration-001,P157,2,REVISE,"Deux apnées caricaturales remplaçaient l’apprentissage ; distinguer volume, fréquence et effort inspiratoire tout en conservant le cycle normal.",2,La résistance à l’inspiration du détendeur,Confondre effort inspiratoire et volume d’eau déplacé.,La résistance du détendeur ne remplace pas la modulation du volume pulmonaire.,"Question, choix et corrigé relus après rédaction : ISOLATION/CREDIBILITY/LENGTH/WHY/SENSE ; clé unique dans les hypothèses annoncées",Archimède ; DAN Lung Expansion Injuries ; variation du volume sans apnée,2026-10-09,QCM pertinent ; modèle historique inchangé,731e8573b1756c1db3d518fd4704b8711515551ab6ffed21888dce8aff12f34b
n2-flottabilite-bloc-consomme-001,P158,2,ACCEPT,"Conservée : les confusions de chaque choix sont précisées ci-dessous ; contexte, forme homogène et corrigé relus.",1,"Sa masse reste constante, tandis que son volume extérieur augmente",Imaginer que moins d’air entraîne une dilatation de la bouteille.,Le bloc rigide garde presque le même volume extérieur ; sa masse baisse.,"Question, choix et corrigé relus après rédaction : ISOLATION/CREDIBILITY/LENGTH/WHY/SENSE ; clé unique dans les hypothèses annoncées",Archimède : OpenStax University Physics 1 §14.4 ; DAN Weight Up et Buoyancy Control ; hypothèses de la carte,2026-10-09,QCM pertinent ; modèle historique inchangé,c1b943b9f082a7d5207d93cbad06f290109d5dc1f8cef017f538f7e483ebe230
n2-flottabilite-bloc-consomme-001,P158,2,ACCEPT,"Conservée : les confusions de chaque choix sont précisées ci-dessous ; contexte, forme homogène et corrigé relus.",2,Sa masse et son volume extérieur diminuent dans la même proportion,Transposer la compression d’un ballon au récipient rigide.,La baisse du gaz contenu ne réduit pas le volume extérieur dans la même proportion.,"Question, choix et corrigé relus après rédaction : ISOLATION/CREDIBILITY/LENGTH/WHY/SENSE ; clé unique dans les hypothèses annoncées",Archimède : OpenStax University Physics 1 §14.4 ; DAN Weight Up et Buoyancy Control ; hypothèses de la carte,2026-10-09,QCM pertinent ; modèle historique inchangé,c1b943b9f082a7d5207d93cbad06f290109d5dc1f8cef017f538f7e483ebe230
n2-flottabilite-combinaison-lest-001,P162,2,REVISE,"Non seul prudent face à corrections fixes ; appliquer le même objectif de changement de combinaison avec masses/volumes mesurés, sans règle par millimètre.",1,Ajouter 2 kg de lest,Compter seulement le volume supplémentaire : 8−6=2 kg d’eau.,La masse de la combinaison augmente aussi de 1 kg ; supplément net de lest 2−1=1.,"Question, choix et corrigé relus après rédaction : ISOLATION/CREDIBILITY/LENGTH/WHY/SENSE ; clé unique dans les hypothèses annoncées",Archimède : OpenStax University Physics 1 §14.4 ; DAN Weight Up et Buoyancy Control ; hypothèses de la carte,2026-10-09,QCM pertinent ; modèle historique inchangé,1ddc26039acff4f3608ab899b0da0b16c3bdd6558708493001cedbc4386dde72
n2-flottabilite-combinaison-lest-001,P162,2,REVISE,"Non seul prudent face à corrections fixes ; appliquer le même objectif de changement de combinaison avec masses/volumes mesurés, sans règle par millimètre.",2,Ajouter 3 kg de lest,Additionner les changements de volume et de masse : (8−6)+(4−3)=3.,Le gain de masse s’oppose au gain de poussée ; il faut soustraire ces variations.,"Question, choix et corrigé relus après rédaction : ISOLATION/CREDIBILITY/LENGTH/WHY/SENSE ; clé unique dans les hypothèses annoncées",Archimède : OpenStax University Physics 1 §14.4 ; DAN Weight Up et Buoyancy Control ; hypothèses de la carte,2026-10-09,QCM pertinent ; modèle historique inchangé,1ddc26039acff4f3608ab899b0da0b16c3bdd6558708493001cedbc4386dde72
n2-flottabilite-eau-douce-mer-001,P163,2,ACCEPT,"Conservée : les confusions de chaque choix sont précisées ci-dessous ; contexte, forme homogène et corrigé relus.",1,Il diminue,Inverser l’effet d’une eau plus dense sur la poussée.,"À volume immergé identique, la poussée augmente ; le besoin de lest augmente généralement.","Question, choix et corrigé relus après rédaction : ISOLATION/CREDIBILITY/LENGTH/WHY/SENSE ; clé unique dans les hypothèses annoncées",Archimède : OpenStax University Physics 1 §14.4 ; DAN Weight Up et Buoyancy Control ; hypothèses de la carte,2026-10-09,QCM pertinent ; modèle historique inchangé,d5e2e062d8c9cb5383135cc7fc360633940f9d26721664997338fe49af11ed0b
n2-flottabilite-eau-douce-mer-001,P163,2,ACCEPT,"Conservée : les confusions de chaque choix sont précisées ci-dessous ; contexte, forme homogène et corrigé relus.",2,Il reste identique,Croire que conserver le matériel suffit à conserver le lestage.,La masse volumique de l’eau est un paramètre de poussée qui a changé.,"Question, choix et corrigé relus après rédaction : ISOLATION/CREDIBILITY/LENGTH/WHY/SENSE ; clé unique dans les hypothèses annoncées",Archimède : OpenStax University Physics 1 §14.4 ; DAN Weight Up et Buoyancy Control ; hypothèses de la carte,2026-10-09,QCM pertinent ; modèle historique inchangé,d5e2e062d8c9cb5383135cc7fc360633940f9d26721664997338fe49af11ed0b
n2-flottabilite-carnet-lestage-001,P166,2,ACCEPT,"Conservée : les confusions de chaque choix sont précisées ci-dessous ; contexte, forme homogène et corrigé relus.",1,"Eau, profondeur maximale et durée totale de la plongée",Retenir des paramètres du profil au lieu de la configuration du contrôle.,La profondeur maximale et la durée passée ne remplacent pas équipement et pression du bloc lors du contrôle.,"Question, choix et corrigé relus après rédaction : ISOLATION/CREDIBILITY/LENGTH/WHY/SENSE ; clé unique dans les hypothèses annoncées",Archimède : OpenStax University Physics 1 §14.4 ; DAN Weight Up et Buoyancy Control ; hypothèses de la carte,2026-10-09,QCM pertinent ; modèle historique inchangé,36d02a465780cb63073a1b0a5c76fe121bd95a2b1163f90129645d32f8dfa049
n2-flottabilite-carnet-lestage-001,P166,2,ACCEPT,"Conservée : les confusions de chaque choix sont précisées ci-dessous ; contexte, forme homogène et corrigé relus.",2,"Équipement, profondeur maximale et vitesse de remontée",Retenir une mesure de remontée plutôt que les caractéristiques du milieu.,La vitesse passée ne renseigne pas la densité de l’eau ni l’état du bloc lors du contrôle de lestage.,"Question, choix et corrigé relus après rédaction : ISOLATION/CREDIBILITY/LENGTH/WHY/SENSE ; clé unique dans les hypothèses annoncées",Archimède : OpenStax University Physics 1 §14.4 ; DAN Weight Up et Buoyancy Control ; hypothèses de la carte,2026-10-09,QCM pertinent ; modèle historique inchangé,36d02a465780cb63073a1b0a5c76fe121bd95a2b1163f90129645d32f8dfa049
n2-flottabilite-parachute-traction-001,P168,2,REVISE,Remontée contre descente et absorption par gilet peu crédibles ; combiner poids apparent et traction au même objectif de risque de remontée par fil bloqué.,1,20 N vers le bas,Inverser le sens du solde de forces : 10−30=−20 avec mauvaise interprétation.,La force dominante est 30 N vers le haut ; résultante 20 N vers le haut.,"Question, choix et corrigé relus après rédaction : ISOLATION/CREDIBILITY/LENGTH/WHY/SENSE ; clé unique dans les hypothèses annoncées","DAN World DSMB ; bilan original des forces opposées, modèle instantané",2026-10-09,QCM pertinent ; modèle historique inchangé,72e4556e2bd691acc4761afa0b1cd52c7ed517639c861093a3aead09889b91fd
n2-flottabilite-parachute-traction-001,P168,2,REVISE,Remontée contre descente et absorption par gilet peu crédibles ; combiner poids apparent et traction au même objectif de risque de remontée par fil bloqué.,2,40 N vers le haut,Additionner les intensités : 30+10=40.,Traction et poids apparent sont opposés ; la résultante est leur différence.,"Question, choix et corrigé relus après rédaction : ISOLATION/CREDIBILITY/LENGTH/WHY/SENSE ; clé unique dans les hypothèses annoncées","DAN World DSMB ; bilan original des forces opposées, modèle instantané",2026-10-09,QCM pertinent ; modèle historique inchangé,72e4556e2bd691acc4761afa0b1cd52c7ed517639c861093a3aead09889b91fd
n2-flottabilite-perte-lest-001,P169,2,REVISE,"Quantifier poids perdu et poussée perdue ; le dernier leurre est +2 N, calcul exact de la seule perte de poussée, et non −2 N avec une erreur supplémentaire.",1,−20 N,Compter tout le poids perdu : −2×10=−20.,"La poche déplaçait aussi 0,2 L d’eau ; perte nette de poids apparent −18 N.","Question, choix et corrigé relus après rédaction : ISOLATION/CREDIBILITY/LENGTH/WHY/SENSE ; clé unique dans les hypothèses annoncées",Archimède : OpenStax University Physics 1 §14.4 ; DAN Weight Up et Buoyancy Control ; hypothèses de la carte,2026-10-09,QCM pertinent ; modèle historique inchangé,f81599d024fad94d5ab5bf6dc504af080c2148446a28a17473a66e02f7f5f2e5
n2-flottabilite-perte-lest-001,P169,2,REVISE,"Quantifier poids perdu et poussée perdue ; le dernier leurre est +2 N, calcul exact de la seule perte de poussée, et non −2 N avec une erreur supplémentaire.",2,+2 N,"Compter seulement la poussée perdue : +0,2×10=+2.",La perte de 20 N de poids domine les 2 N de poussée perdue ; il faut combiner les deux.,"Question, choix et corrigé relus après rédaction : ISOLATION/CREDIBILITY/LENGTH/WHY/SENSE ; clé unique dans les hypothèses annoncées",Archimède : OpenStax University Physics 1 §14.4 ; DAN Weight Up et Buoyancy Control ; hypothèses de la carte,2026-10-09,QCM pertinent ; modèle historique inchangé,f81599d024fad94d5ab5bf6dc504af080c2148446a28a17473a66e02f7f5f2e5
n2-flottabilite-surlestage-001,P170,2,ACCEPT,"Conservée : les confusions de chaque choix sont précisées ci-dessous ; contexte, forme homogène et corrigé relus.",1,"Une fois neutre, le plongeur doit encore porter sous l’eau tout le poids du lest ajouté",Assimiler poids du lest hors de l’eau et poids apparent restant après neutralité.,La poussée du gilet compense le poids ; l’effort supplémentaire est notamment lié à la position et à la traînée.,"Question, choix et corrigé relus après rédaction : ISOLATION/CREDIBILITY/LENGTH/WHY/SENSE ; clé unique dans les hypothèses annoncées",Archimède : OpenStax University Physics 1 §14.4 ; DAN Weight Up et Buoyancy Control ; hypothèses de la carte,2026-10-09,QCM pertinent ; modèle historique inchangé,37de33c2a24ca5122dd12415ee501d0f0be63c6d58b915825fa58d713a5a9331
n2-flottabilite-surlestage-001,P170,2,ACCEPT,"Conservée : les confusions de chaque choix sont précisées ci-dessous ; contexte, forme homogène et corrigé relus.",2,"À profondeur égale, le lest supplémentaire augmente la pression du gaz respiré",Confondre ajout de lest et augmentation de profondeur ou de pression ambiante.,"À profondeur identique, le lest ne modifie pas la pression respirée.","Question, choix et corrigé relus après rédaction : ISOLATION/CREDIBILITY/LENGTH/WHY/SENSE ; clé unique dans les hypothèses annoncées",Archimède : OpenStax University Physics 1 §14.4 ; DAN Weight Up et Buoyancy Control ; hypothèses de la carte,2026-10-09,QCM pertinent ; modèle historique inchangé,37de33c2a24ca5122dd12415ee501d0f0be63c6d58b915825fa58d713a5a9331
n2-flottabilite-palier-bloc-allege-001,P172,2,ACCEPT,"Conservée : les confusions de chaque choix sont précisées ci-dessous ; contexte, forme homogène et corrigé relus.",1,Le bloc reçoit moins de poussée à mesure que son gaz diminue,Croire que la poussée du bloc suit le gaz qui reste dedans.,Le volume extérieur reste presque identique ; la poussée ne suit pas la pression intérieure.,"Question, choix et corrigé relus après rédaction : ISOLATION/CREDIBILITY/LENGTH/WHY/SENSE ; clé unique dans les hypothèses annoncées",Archimède : OpenStax University Physics 1 §14.4 ; DAN Weight Up et Buoyancy Control ; hypothèses de la carte,2026-10-09,QCM pertinent ; modèle historique inchangé,bcc047eaabfa4c963518d7d4aca5755e8b505902df8660a8b9a3704f5d32db25
n2-flottabilite-palier-bloc-allege-001,P172,2,ACCEPT,"Conservée : les confusions de chaque choix sont précisées ci-dessous ; contexte, forme homogène et corrigé relus.",2,Le gaz consommé a réduit le volume extérieur du bloc,Transposer le volume du gaz d’une enveloppe souple au volume extérieur du bloc.,Le bloc rigide ne rétrécit pas de manière comparable lorsque l’air est consommé.,"Question, choix et corrigé relus après rédaction : ISOLATION/CREDIBILITY/LENGTH/WHY/SENSE ; clé unique dans les hypothèses annoncées",Archimède : OpenStax University Physics 1 §14.4 ; DAN Weight Up et Buoyancy Control ; hypothèses de la carte,2026-10-09,QCM pertinent ; modèle historique inchangé,bcc047eaabfa4c963518d7d4aca5755e8b505902df8660a8b9a3704f5d32db25
n2-flottabilite-volume-neutre-001,P145,2,REVISE,"Expliciter g=10 N/kg pour rendre traçables les deux erreurs de confusion masse/force, sans changer le résultat ni l’objectif de neutralité.",1,"0,6 L","Introduire g au mauvais endroit : 6/10=0,6.",La masse d’eau à déplacer est 6 kg ; à 1 kg/L cela représente 6 L.,"Question, choix et corrigé relus après rédaction : ISOLATION/CREDIBILITY/LENGTH/WHY/SENSE ; clé unique dans les hypothèses annoncées",Archimède : OpenStax University Physics 1 §14.4 ; DAN Weight Up et Buoyancy Control ; hypothèses de la carte,2026-10-09,QCM pertinent ; modèle historique inchangé,90bae5c6ef9e29339d4b48897898c06b3644d90057879bd24c55683a92412ef4
n2-flottabilite-volume-neutre-001,P145,2,REVISE,"Expliciter g=10 N/kg pour rendre traçables les deux erreurs de confusion masse/force, sans changer le résultat ni l’objectif de neutralité.",2,60 L,Convertir 6 kg en 60 N puis traiter 60 comme des kilogrammes d’eau.,"Si l’on utilise les forces, il faut aussi convertir la poussée par g ; les deux g s’annulent.","Question, choix et corrigé relus après rédaction : ISOLATION/CREDIBILITY/LENGTH/WHY/SENSE ; clé unique dans les hypothèses annoncées",Archimède : OpenStax University Physics 1 §14.4 ; DAN Weight Up et Buoyancy Control ; hypothèses de la carte,2026-10-09,QCM pertinent ; modèle historique inchangé,90bae5c6ef9e29339d4b48897898c06b3644d90057879bd24c55683a92412ef4
n2-flottabilite-volume-lest-001,P146,2,ACCEPT,"Conservée : les confusions de chaque choix sont précisées ci-dessous ; contexte, forme homogène et corrigé relus.",1,"1,5 kg","Négliger le volume du lest comme dans l’autre modèle : 3−1,5=1,5.","Ici le lest déplace aussi 0,1 L ; le déplacement total exige une masse totale 3,1 kg.","Question, choix et corrigé relus après rédaction : ISOLATION/CREDIBILITY/LENGTH/WHY/SENSE ; clé unique dans les hypothèses annoncées",Archimède : OpenStax University Physics 1 §14.4 ; DAN Weight Up et Buoyancy Control ; hypothèses de la carte,2026-10-09,QCM pertinent ; modèle historique inchangé,79d89e203c43d67247fd9f00212fa079168af73e48c9964464108e142fe1ddfd
n2-flottabilite-volume-lest-001,P146,2,ACCEPT,"Conservée : les confusions de chaque choix sont précisées ci-dessous ; contexte, forme homogène et corrigé relus.",2,"1,4 kg","Soustraire la poussée du lest du besoin au lieu de l’ajouter : 3−1,5−0,1=1,4.","Le lest ajouté doit compenser son propre volume déplacé ; il faut 1,6 kg.","Question, choix et corrigé relus après rédaction : ISOLATION/CREDIBILITY/LENGTH/WHY/SENSE ; clé unique dans les hypothèses annoncées",Archimède : OpenStax University Physics 1 §14.4 ; DAN Weight Up et Buoyancy Control ; hypothèses de la carte,2026-10-09,QCM pertinent ; modèle historique inchangé,79d89e203c43d67247fd9f00212fa079168af73e48c9964464108e142fe1ddfd
n2-flottabilite-calcul-eau-salee-001,P163,2,ACCEPT,"Conservée : les confusions de chaque choix sont précisées ci-dessous ; contexte, forme homogène et corrigé relus.",1,0 N,Réutiliser une eau à 1 kg/L : 40−40=0.,"La donnée est 1,025 kg/L ; poussée 41 N, poids apparent −1.","Question, choix et corrigé relus après rédaction : ISOLATION/CREDIBILITY/LENGTH/WHY/SENSE ; clé unique dans les hypothèses annoncées",Archimède : OpenStax University Physics 1 §14.4 ; DAN Weight Up et Buoyancy Control ; hypothèses de la carte,2026-10-09,QCM pertinent ; modèle historique inchangé,6e251a24479733d6c1f87f47f1fe1477b88745274e8885ddb64aaec6b9020c74
n2-flottabilite-calcul-eau-salee-001,P163,2,ACCEPT,"Conservée : les confusions de chaque choix sont précisées ci-dessous ; contexte, forme homogène et corrigé relus.",2,+1 N,Inverser le solde : 41−40=+1.,La convention donnée est poids−poussée : 40−41=−1 N.,"Question, choix et corrigé relus après rédaction : ISOLATION/CREDIBILITY/LENGTH/WHY/SENSE ; clé unique dans les hypothèses annoncées",Archimède : OpenStax University Physics 1 §14.4 ; DAN Weight Up et Buoyancy Control ; hypothèses de la carte,2026-10-09,QCM pertinent ; modèle historique inchangé,6e251a24479733d6c1f87f47f1fe1477b88745274e8885ddb64aaec6b9020c74
n2-gaz-loi-boyle-001,P175,3,REVISE,"Divisé par deux était un nombre arbitraire ; remplacer par confusion quantité constante/volume constant, face au rapport inversé.",1,Il est multiplié par 3,Prendre un rapport direct volume/pression : V₂=3V₁.,"À température et quantité constantes, le produit PV impose V₂=V₁/3.","Question, choix et corrigé relus après rédaction : ISOLATION/CREDIBILITY/LENGTH/WHY/SENSE ; clé unique dans les hypothèses annoncées",NASA Equation of State ; BSAC So you think you use too much gas et Gas reserves ; modèle explicite de la carte,2026-10-09,QCM pertinent ; modèle historique inchangé,cdd827442149b2862222153d0279197976950f7fc5387f866480888e1a46015f
n2-gaz-loi-boyle-001,P175,3,REVISE,"Divisé par deux était un nombre arbitraire ; remplacer par confusion quantité constante/volume constant, face au rapport inversé.",2,Il reste inchangé,Assimiler quantité de gaz constante et volume constant.,"Le gaz change de volume quand sa pression change, même sans perte de molécules.","Question, choix et corrigé relus après rédaction : ISOLATION/CREDIBILITY/LENGTH/WHY/SENSE ; clé unique dans les hypothèses annoncées",NASA Equation of State ; BSAC So you think you use too much gas et Gas reserves ; modèle explicite de la carte,2026-10-09,QCM pertinent ; modèle historique inchangé,cdd827442149b2862222153d0279197976950f7fc5387f866480888e1a46015f
n2-gaz-conditions-001,P176,3,ACCEPT,"Conservée : les confusions de chaque choix sont précisées ci-dessous ; contexte, forme homogène et corrigé relus.",1,La température et la pression,Inclure la pression parmi les constantes au lieu de la quantité.,Boyle relie justement les pressions et volumes variables ; température et quantité restent constantes.,"Question, choix et corrigé relus après rédaction : ISOLATION/CREDIBILITY/LENGTH/WHY/SENSE ; clé unique dans les hypothèses annoncées",NASA Equation of State ; BSAC So you think you use too much gas et Gas reserves ; modèle explicite de la carte,2026-10-09,QCM pertinent ; modèle historique inchangé,2507692fab07478e4dcac36310a1e96ff37282bf32d72d33b2fd1f607af0dc8f
n2-gaz-conditions-001,P176,3,ACCEPT,"Conservée : les confusions de chaque choix sont précisées ci-dessous ; contexte, forme homogène et corrigé relus.",2,La quantité de gaz et le volume,Inclure le volume parmi les constantes au lieu de la température.,Fixer volume et quantité n’est pas le cadre isotherme de Boyle avec variation de volume.,"Question, choix et corrigé relus après rédaction : ISOLATION/CREDIBILITY/LENGTH/WHY/SENSE ; clé unique dans les hypothèses annoncées",NASA Equation of State ; BSAC So you think you use too much gas et Gas reserves ; modèle explicite de la carte,2026-10-09,QCM pertinent ; modèle historique inchangé,2507692fab07478e4dcac36310a1e96ff37282bf32d72d33b2fd1f607af0dc8f
n2-gaz-ballon-surface-vingt-001,P179,3,ACCEPT,"Conservée : les confusions de chaque choix sont précisées ci-dessous ; contexte, forme homogène et corrigé relus.",1,6 L,Omettre l’atmosphère dans P₂ : 12/2=6.,P₂ vaut 3 bar absolus ; volume 4 L.,"Question, choix et corrigé relus après rédaction : ISOLATION/CREDIBILITY/LENGTH/WHY/SENSE ; clé unique dans les hypothèses annoncées",NASA Equation of State ; BSAC So you think you use too much gas et Gas reserves ; modèle explicite de la carte,2026-10-09,QCM pertinent ; modèle historique inchangé,9baba5706bea947f4dc43551a0f0b31aa42b14011cf44d0bd059802026dcfa20
n2-gaz-ballon-surface-vingt-001,P179,3,ACCEPT,"Conservée : les confusions de chaque choix sont précisées ci-dessous ; contexte, forme homogène et corrigé relus.",2,36 L,Inverser le rapport : 12×3=36.,Une descente augmente la pression et comprime le ballon ; volume 12/3.,"Question, choix et corrigé relus après rédaction : ISOLATION/CREDIBILITY/LENGTH/WHY/SENSE ; clé unique dans les hypothèses annoncées",NASA Equation of State ; BSAC So you think you use too much gas et Gas reserves ; modèle explicite de la carte,2026-10-09,QCM pertinent ; modèle historique inchangé,9baba5706bea947f4dc43551a0f0b31aa42b14011cf44d0bd059802026dcfa20
n2-gaz-ballon-surface-dix-001,P179,3,ACCEPT,"Conservée : les confusions de chaque choix sont précisées ci-dessous ; contexte, forme homogène et corrigé relus.",1,6 L,Assimiler quantité de gaz inchangée et volume inchangé : 6.,La pression double ; le volume devient 6/2=3 L.,"Question, choix et corrigé relus après rédaction : ISOLATION/CREDIBILITY/LENGTH/WHY/SENSE ; clé unique dans les hypothèses annoncées",NASA Equation of State ; BSAC So you think you use too much gas et Gas reserves ; modèle explicite de la carte,2026-10-09,QCM pertinent ; modèle historique inchangé,1342925d54e5b462e1fc70fa0aa789f6aec4f7b8c91340becfa392e3741ee8a0
n2-gaz-ballon-surface-dix-001,P179,3,ACCEPT,"Conservée : les confusions de chaque choix sont précisées ci-dessous ; contexte, forme homogène et corrigé relus.",2,12 L,Inverser le rapport : 6×2=12.,Le volume est divisé par deux à la descente.,"Question, choix et corrigé relus après rédaction : ISOLATION/CREDIBILITY/LENGTH/WHY/SENSE ; clé unique dans les hypothèses annoncées",NASA Equation of State ; BSAC So you think you use too much gas et Gas reserves ; modèle explicite de la carte,2026-10-09,QCM pertinent ; modèle historique inchangé,1342925d54e5b462e1fc70fa0aa789f6aec4f7b8c91340becfa392e3741ee8a0
n2-gaz-ballon-surface-quarante-001,P179,3,ACCEPT,"Conservée : les confusions de chaque choix sont précisées ci-dessous ; contexte, forme homogène et corrigé relus.",1,"2,5 L","Employer la pression hydrostatique : 10/4=2,5.",La pression absolue à 40 m vaut 5 bar ; volume 2 L.,"Question, choix et corrigé relus après rédaction : ISOLATION/CREDIBILITY/LENGTH/WHY/SENSE ; clé unique dans les hypothèses annoncées",NASA Equation of State ; BSAC So you think you use too much gas et Gas reserves ; modèle explicite de la carte,2026-10-09,QCM pertinent ; modèle historique inchangé,f372b7ad3765e83d33e63f6cc749d730c4535ab1015c50005ed1f078474da2e7
n2-gaz-ballon-surface-quarante-001,P179,3,ACCEPT,"Conservée : les confusions de chaque choix sont précisées ci-dessous ; contexte, forme homogène et corrigé relus.",2,50 L,Inverser le rapport : 10×5=50.,"Le volume doit être 10/5, et non cinq fois le volume initial.","Question, choix et corrigé relus après rédaction : ISOLATION/CREDIBILITY/LENGTH/WHY/SENSE ; clé unique dans les hypothèses annoncées",NASA Equation of State ; BSAC So you think you use too much gas et Gas reserves ; modèle explicite de la carte,2026-10-09,QCM pertinent ; modèle historique inchangé,f372b7ad3765e83d33e63f6cc749d730c4535ab1015c50005ed1f078474da2e7
n2-gaz-ballon-remontee-001,P182,3,ACCEPT,"Conservée : les confusions de chaque choix sont précisées ci-dessous ; contexte, forme homogène et corrigé relus.",1,4 L,Employer la pression hydrostatique de départ : 2×2=4.,Le gaz était à 3 bar absolus ; volume final 2×3=6 L.,"Question, choix et corrigé relus après rédaction : ISOLATION/CREDIBILITY/LENGTH/WHY/SENSE ; clé unique dans les hypothèses annoncées",NASA Equation of State ; BSAC So you think you use too much gas et Gas reserves ; modèle explicite de la carte,2026-10-09,QCM pertinent ; modèle historique inchangé,af69eb7ad7a7ba56f595770c0bfac3697bb1e7dc85c28545ac04ffd711e0ebea
n2-gaz-ballon-remontee-001,P182,3,ACCEPT,"Conservée : les confusions de chaque choix sont précisées ci-dessous ; contexte, forme homogène et corrigé relus.",2,2/3 L,Inverser le rapport : 2/3.,"Une remontée réduit la pression et augmente le volume, ici multiplié par trois.","Question, choix et corrigé relus après rédaction : ISOLATION/CREDIBILITY/LENGTH/WHY/SENSE ; clé unique dans les hypothèses annoncées",NASA Equation of State ; BSAC So you think you use too much gas et Gas reserves ; modèle explicite de la carte,2026-10-09,QCM pertinent ; modèle historique inchangé,af69eb7ad7a7ba56f595770c0bfac3697bb1e7dc85c28545ac04ffd711e0ebea
n2-gaz-ballon-entre-profondeurs-001,P183,3,ACCEPT,"Conservée : les confusions de chaque choix sont précisées ci-dessous ; contexte, forme homogène et corrigé relus.",1,4/3 L,Utiliser le rapport des profondeurs : 4×10/30=4/3.,Le rapport utile est celui des pressions absolues 2/4 ; volume 2 L.,"Question, choix et corrigé relus après rédaction : ISOLATION/CREDIBILITY/LENGTH/WHY/SENSE ; clé unique dans les hypothèses annoncées",NASA Equation of State ; BSAC So you think you use too much gas et Gas reserves ; modèle explicite de la carte,2026-10-09,QCM pertinent ; modèle historique inchangé,fcf6e9f6f8e445da71d0561f7e8f92971f4faa89dd8ef0553a8cd43816a5e06b
n2-gaz-ballon-entre-profondeurs-001,P183,3,ACCEPT,"Conservée : les confusions de chaque choix sont précisées ci-dessous ; contexte, forme homogène et corrigé relus.",2,8 L,Inverser le rapport des pressions : 4×4/2=8.,"À la descente de 10 à 30 m, V₂=4×2/4=2.","Question, choix et corrigé relus après rédaction : ISOLATION/CREDIBILITY/LENGTH/WHY/SENSE ; clé unique dans les hypothèses annoncées",NASA Equation of State ; BSAC So you think you use too much gas et Gas reserves ; modèle explicite de la carte,2026-10-09,QCM pertinent ; modèle historique inchangé,fcf6e9f6f8e445da71d0561f7e8f92971f4faa89dd8ef0553a8cd43816a5e06b
n2-gaz-expansion-comparaison-001,P184,3,ACCEPT,"Conservée : les confusions de chaque choix sont précisées ci-dessous ; contexte, forme homogène et corrigé relus.",1,4 L et 4 L,Traiter une même tranche de 10 m comme un même doublement : 4 et 4.,"La seconde expansion est 3/2, et non 2/1 : volume 3 L.","Question, choix et corrigé relus après rédaction : ISOLATION/CREDIBILITY/LENGTH/WHY/SENSE ; clé unique dans les hypothèses annoncées",NASA Equation of State ; BSAC So you think you use too much gas et Gas reserves ; modèle explicite de la carte,2026-10-09,QCM pertinent ; modèle historique inchangé,0785f7cb49cea59fcba2f8ade7bce6849b2340654392a0df24b5b49373d4954f
n2-gaz-expansion-comparaison-001,P184,3,ACCEPT,"Conservée : les confusions de chaque choix sont précisées ci-dessous ; contexte, forme homogène et corrigé relus.",2,3 L et 4 L,Permuter les rapports : 3 puis 4.,"La plus grande expansion relative concerne 10 m→surface, donc le premier ballon.","Question, choix et corrigé relus après rédaction : ISOLATION/CREDIBILITY/LENGTH/WHY/SENSE ; clé unique dans les hypothèses annoncées",NASA Equation of State ; BSAC So you think you use too much gas et Gas reserves ; modèle explicite de la carte,2026-10-09,QCM pertinent ; modèle historique inchangé,0785f7cb49cea59fcba2f8ade7bce6849b2340654392a0df24b5b49373d4954f
n2-gaz-bloc-rigide-001,P185,3,REVISE,Oui/non et poche de gaz occupant un tiers du bloc confondaient les modèles ; comparer deux grandeurs avec des hypothèses de rigidité explicites.,1,Volume inchangé ; pression intérieure égale à la pression ambiante,Transposer le suivi de pression d’une enveloppe souple au bloc rigide.,"À quantité, température et volume constants, la pression intérieure reste constante.","Question, choix et corrigé relus après rédaction : ISOLATION/CREDIBILITY/LENGTH/WHY/SENSE ; clé unique dans les hypothèses annoncées",NASA Equation of State ; BSAC So you think you use too much gas et Gas reserves ; modèle explicite de la carte,2026-10-09,QCM pertinent ; modèle historique inchangé,9899a3d463179c1e0c05221efdb83cc3bbd5978ed5c32f7b11b2dc022ca259ef
n2-gaz-bloc-rigide-001,P185,3,REVISE,Oui/non et poche de gaz occupant un tiers du bloc confondaient les modèles ; comparer deux grandeurs avec des hypothèses de rigidité explicites.,2,Volume divisé par trois ; pression intérieure égale à la pression ambiante,Appliquer la compression 1→3 bar du ballon aux parois rigides : V/3.,Le modèle exclut la déformation de la bouteille ; le volume reste 12 L.,"Question, choix et corrigé relus après rédaction : ISOLATION/CREDIBILITY/LENGTH/WHY/SENSE ; clé unique dans les hypothèses annoncées",NASA Equation of State ; BSAC So you think you use too much gas et Gas reserves ; modèle explicite de la carte,2026-10-09,QCM pertinent ; modèle historique inchangé,9899a3d463179c1e0c05221efdb83cc3bbd5978ed5c32f7b11b2dc022ca259ef
n2-gaz-gilet-descente-001,P186,3,REVISE,"Clé seule prudente avec ajout massif ou purge inverse ; calculer le déficit de volume avec sa référence de pression, sans chiffrer une procédure réelle.",1,4/3 L à la pression ambiante à 30 m,Convertir le déficit de gaz à la pression initiale : (4×4−4×3)/3=4/3.,"L’ajout est demandé en litres à 30 m, donc diviser par 4 : 1 L.","Question, choix et corrigé relus après rédaction : ISOLATION/CREDIBILITY/LENGTH/WHY/SENSE ; clé unique dans les hypothèses annoncées",Boyle-Mariotte ; DAN Buoyancy Control ; quantité manquante calculée à la pression finale,2026-10-09,QCM pertinent ; modèle historique inchangé,b35562a07935f22f1e5198d073cccd2e35441389dbb66a49e4b5531e8bae754a
n2-gaz-gilet-descente-001,P186,3,REVISE,"Clé seule prudente avec ajout massif ou purge inverse ; calculer le déficit de volume avec sa référence de pression, sans chiffrer une procédure réelle.",2,4 L à la pression ambiante à 30 m,Ajouter le volume final complet : 4 L.,Le gaz restant occupe déjà 3 L ; seul 1 L manque pour retrouver 4.,"Question, choix et corrigé relus après rédaction : ISOLATION/CREDIBILITY/LENGTH/WHY/SENSE ; clé unique dans les hypothèses annoncées",Boyle-Mariotte ; DAN Buoyancy Control ; quantité manquante calculée à la pression finale,2026-10-09,QCM pertinent ; modèle historique inchangé,b35562a07935f22f1e5198d073cccd2e35441389dbb66a49e4b5531e8bae754a
n2-gaz-gilet-remontee-001,P187,3,REVISE,"La première purge remettant à 1 bar était fantaisiste ; distinguer volume figé, expansion et rapport inversé dans une séquence après purge.",1,3 L,Croire que purger a figé le volume restant : 3.,"Le gaz encore présent se dilate de 2 à 1,5 bar ; volume 4 L.","Question, choix et corrigé relus après rédaction : ISOLATION/CREDIBILITY/LENGTH/WHY/SENSE ; clé unique dans les hypothèses annoncées",Boyle-Mariotte ; DAN Buoyancy Control ; évolution après purge,2026-10-09,QCM pertinent ; modèle historique inchangé,0f243da84e59dfca54489ef4ace18d6477c225f52789dfbc666ab161ea7bc01e
n2-gaz-gilet-remontee-001,P187,3,REVISE,"La première purge remettant à 1 bar était fantaisiste ; distinguer volume figé, expansion et rapport inversé dans une séquence après purge.",2,"2,25 L","Inverser le rapport : 3×1,5/2=2,25.","La remontée impose le rapport 2/1,5 et une expansion.","Question, choix et corrigé relus après rédaction : ISOLATION/CREDIBILITY/LENGTH/WHY/SENSE ; clé unique dans les hypothèses annoncées",Boyle-Mariotte ; DAN Buoyancy Control ; évolution après purge,2026-10-09,QCM pertinent ; modèle historique inchangé,0f243da84e59dfca54489ef4ace18d6477c225f52789dfbc666ab161ea7bc01e
n2-gaz-masque-descente-001,P188,3,REVISE,"Préciser le trajet d’air ; opposer gestes d’expiration et d’équilibrage réels, sans mauvaise réponse demandant de forcer.",1,"Expirer dans le détendeur, par la bouche","Confondre tous les gestes d’expiration, quelle que soit leur voie.",Le gaz expiré dans le second étage ne rejoint pas l’intérieur du masque.,"Question, choix et corrigé relus après rédaction : ISOLATION/CREDIBILITY/LENGTH/WHY/SENSE ; clé unique dans les hypothèses annoncées",DAN World Preventing Mask Squeeze ; voie nasale vs voie buccale,2026-10-09,QCM pertinent ; modèle historique inchangé,93a49c7a378eea37c7736449af25701b11e651e733de06057f6cc19cebfff492
n2-gaz-masque-descente-001,P188,3,REVISE,"Préciser le trajet d’air ; opposer gestes d’expiration et d’équilibrage réels, sans mauvaise réponse demandant de forcer.",2,Effectuer une déglutition en pinçant le nez,Transposer une manœuvre d’équilibrage auriculaire au masque.,"Le masque reçoit l’air par une expiration nasale non pincée, pas par une déglutition nez pincé.","Question, choix et corrigé relus après rédaction : ISOLATION/CREDIBILITY/LENGTH/WHY/SENSE ; clé unique dans les hypothèses annoncées",DAN World Preventing Mask Squeeze ; voie nasale vs voie buccale,2026-10-09,QCM pertinent ; modèle historique inchangé,93a49c7a378eea37c7736449af25701b11e651e733de06057f6cc19cebfff492
n2-gaz-oreille-descente-001,P189,3,ACCEPT,"Conservée : les confusions de chaque choix sont précisées ci-dessous ; contexte, forme homogène et corrigé relus.",1,Augmenter la pression dans le conduit auditif externe,Choisir le côté externe du tympan comme cavité à alimenter.,L’eau transmet déjà la pression externe ; l’air doit parvenir à l’oreille moyenne.,"Question, choix et corrigé relus après rédaction : ISOLATION/CREDIBILITY/LENGTH/WHY/SENSE ; clé unique dans les hypothèses annoncées","DAN Ears and Diving, Middle-Ear Equalization ; égalisation précoce et douce",2026-10-09,QCM pertinent ; modèle historique inchangé,c83da4d4eca23573bdb0f277c905600b93aa13e109465bed97544bdd743c2fc1
n2-gaz-oreille-descente-001,P189,3,ACCEPT,"Conservée : les confusions de chaque choix sont précisées ci-dessous ; contexte, forme homogène et corrigé relus.",2,Maintenir l’oreille moyenne à la pression de surface,Chercher à conserver la pression initiale comme référence interne.,"À la descente l’oreille moyenne doit suivre l’ambiante, pas rester à la pression de surface.","Question, choix et corrigé relus après rédaction : ISOLATION/CREDIBILITY/LENGTH/WHY/SENSE ; clé unique dans les hypothèses annoncées","DAN Ears and Diving, Middle-Ear Equalization ; égalisation précoce et douce",2026-10-09,QCM pertinent ; modèle historique inchangé,c83da4d4eca23573bdb0f277c905600b93aa13e109465bed97544bdd743c2fc1
n2-gaz-detendeur-pression-001,P190,3,ACCEPT,"Conservée : les confusions de chaque choix sont précisées ci-dessous ; contexte, forme homogène et corrigé relus.",1,1 bar,Garder la pression respirée de surface en profondeur : 1.,Le second étage fournit une pression proche de l’ambiante : 3 bar.,"Question, choix et corrigé relus après rédaction : ISOLATION/CREDIBILITY/LENGTH/WHY/SENSE ; clé unique dans les hypothèses annoncées",DAN Breathe In Breathe Out ; pression respirée proche de l’ambiante,2026-10-09,QCM pertinent ; modèle historique inchangé,9a6e76236b3c99eacdfa2e7cfac89fb8265761178cebcf68e7e7cc86e6b20c8e
n2-gaz-detendeur-pression-001,P190,3,ACCEPT,"Conservée : les confusions de chaque choix sont précisées ci-dessous ; contexte, forme homogène et corrigé relus.",2,2 bars,Employer la contribution de l’eau seule : 20/10=2.,La pression respirée est absolue et inclut le bar atmosphérique.,"Question, choix et corrigé relus après rédaction : ISOLATION/CREDIBILITY/LENGTH/WHY/SENSE ; clé unique dans les hypothèses annoncées",DAN Breathe In Breathe Out ; pression respirée proche de l’ambiante,2026-10-09,QCM pertinent ; modèle historique inchangé,9a6e76236b3c99eacdfa2e7cfac89fb8265761178cebcf68e7e7cc86e6b20c8e
n2-gaz-debit-vingt-001,P193,3,ACCEPT,"Conservée : les confusions de chaque choix sont précisées ci-dessous ; contexte, forme homogène et corrigé relus.",1,40 L/min à 1 bar,Employer l’hydrostatique : 20×2=40.,"La conversion utilise 3 bar absolus, donc 60 L/min à 1 bar.","Question, choix et corrigé relus après rédaction : ISOLATION/CREDIBILITY/LENGTH/WHY/SENSE ; clé unique dans les hypothèses annoncées",NASA Equation of State ; BSAC So you think you use too much gas et Gas reserves ; modèle explicite de la carte,2026-10-09,QCM pertinent ; modèle historique inchangé,d723a82528ba98e55ebcf47468f0592e3d922467f121304d8a178d88c36f7066
n2-gaz-debit-vingt-001,P193,3,ACCEPT,"Conservée : les confusions de chaque choix sont précisées ci-dessous ; contexte, forme homogène et corrigé relus.",2,20/3 L/min à 1 bar,Inverser la conversion : 20/3.,Les litres à 3 bar représentent trois fois plus de gaz ramené à 1 bar.,"Question, choix et corrigé relus après rédaction : ISOLATION/CREDIBILITY/LENGTH/WHY/SENSE ; clé unique dans les hypothèses annoncées",NASA Equation of State ; BSAC So you think you use too much gas et Gas reserves ; modèle explicite de la carte,2026-10-09,QCM pertinent ; modèle historique inchangé,d723a82528ba98e55ebcf47468f0592e3d922467f121304d8a178d88c36f7066
n2-gaz-debit-trente-001,P193,3,ACCEPT,"Conservée : les confusions de chaque choix sont précisées ci-dessous ; contexte, forme homogène et corrigé relus.",1,54 L/min à 1 bar,Employer l’hydrostatique : 18×3=54.,À 30 m P absolue=4 ; débit 18×4=72.,"Question, choix et corrigé relus après rédaction : ISOLATION/CREDIBILITY/LENGTH/WHY/SENSE ; clé unique dans les hypothèses annoncées",NASA Equation of State ; BSAC So you think you use too much gas et Gas reserves ; modèle explicite de la carte,2026-10-09,QCM pertinent ; modèle historique inchangé,0b6e7dcf3da4c7e59e3ea754df3735d8f18467dbe0e7d225a9926ff0b214d9fd
n2-gaz-debit-trente-001,P193,3,ACCEPT,"Conservée : les confusions de chaque choix sont précisées ci-dessous ; contexte, forme homogène et corrigé relus.",2,"4,5 L/min à 1 bar","Inverser le rapport : 18/4=4,5.",Il faut multiplier le débit ambiant par la pression absolue.,"Question, choix et corrigé relus après rédaction : ISOLATION/CREDIBILITY/LENGTH/WHY/SENSE ; clé unique dans les hypothèses annoncées",NASA Equation of State ; BSAC So you think you use too much gas et Gas reserves ; modèle explicite de la carte,2026-10-09,QCM pertinent ; modèle historique inchangé,0b6e7dcf3da4c7e59e3ea754df3735d8f18467dbe0e7d225a9926ff0b214d9fd
n2-gaz-stock-nominal-001,P195,3,REVISE,Le recto fournissait directement la multiplication et les deux leurres supposaient 50 bar non donnés ; préciser ce seuil pour rendre toutes les erreurs traçables.,1,1 800 L à 1 bar,Calculer le stock utilisable : 12×(200−50)=1800.,"Le stock demandé est nominal, avant retrait du gaz à conserver : 2400.","Question, choix et corrigé relus après rédaction : ISOLATION/CREDIBILITY/LENGTH/WHY/SENSE ; clé unique dans les hypothèses annoncées",NASA Equation of State ; BSAC So you think you use too much gas et Gas reserves ; modèle explicite de la carte,2026-10-09,QCM pertinent ; modèle historique inchangé,65d011348eba8e0735f9be0a4a8620ea9941079b28c9e6dcb01462f04da66a83
n2-gaz-stock-nominal-001,P195,3,REVISE,Le recto fournissait directement la multiplication et les deux leurres supposaient 50 bar non donnés ; préciser ce seuil pour rendre toutes les erreurs traçables.,2,600 L à 1 bar,Calculer seulement le gaz conservé : 12×50=600.,"Le gaz conservé est une partie du stock nominal, pas son total.","Question, choix et corrigé relus après rédaction : ISOLATION/CREDIBILITY/LENGTH/WHY/SENSE ; clé unique dans les hypothèses annoncées",NASA Equation of State ; BSAC So you think you use too much gas et Gas reserves ; modèle explicite de la carte,2026-10-09,QCM pertinent ; modèle historique inchangé,65d011348eba8e0735f9be0a4a8620ea9941079b28c9e6dcb01462f04da66a83
n2-gaz-stock-quinze-001,P195,3,REVISE,Même distinction nominal/utilisable/conservé sur un deuxième volume de bloc ; les opérations fausses utilisent désormais une donnée du recto.,1,1 950 L à 1 bar,Calculer le stock utilisable : 15×(180−50)=1950.,Le stock nominal demandé est 15×180=2700.,"Question, choix et corrigé relus après rédaction : ISOLATION/CREDIBILITY/LENGTH/WHY/SENSE ; clé unique dans les hypothèses annoncées",NASA Equation of State ; BSAC So you think you use too much gas et Gas reserves ; modèle explicite de la carte,2026-10-09,QCM pertinent ; modèle historique inchangé,22f0c65ddaad743d816f251ff6c0dee759fa33d8e62b2413f56b9dfbb5256333
n2-gaz-stock-quinze-001,P195,3,REVISE,Même distinction nominal/utilisable/conservé sur un deuxième volume de bloc ; les opérations fausses utilisent désormais une donnée du recto.,2,750 L à 1 bar,Calculer le gaz à conserver : 15×50=750.,"La question demande le total nominal, pas la partie conservée.","Question, choix et corrigé relus après rédaction : ISOLATION/CREDIBILITY/LENGTH/WHY/SENSE ; clé unique dans les hypothèses annoncées",NASA Equation of State ; BSAC So you think you use too much gas et Gas reserves ; modèle explicite de la carte,2026-10-09,QCM pertinent ; modèle historique inchangé,22f0c65ddaad743d816f251ff6c0dee759fa33d8e62b2413f56b9dfbb5256333
n2-gaz-duree-stock-donne-001,P197,3,ACCEPT,"Conservée : les confusions de chaque choix sont précisées ci-dessous ; contexte, forme homogène et corrigé relus.",1,60 min,Omettre la profondeur : 1200/20=60.,À 10 m le débit ramené à 1 bar vaut 20×2=40 ; durée 30.,"Question, choix et corrigé relus après rédaction : ISOLATION/CREDIBILITY/LENGTH/WHY/SENSE ; clé unique dans les hypothèses annoncées",NASA Equation of State ; BSAC So you think you use too much gas et Gas reserves ; modèle explicite de la carte,2026-10-09,QCM pertinent ; modèle historique inchangé,41edc35e18917fa5f05d1355e349b9801ec32f56a01f74fb83b110895008cf5e
n2-gaz-duree-stock-donne-001,P197,3,ACCEPT,"Conservée : les confusions de chaque choix sont précisées ci-dessous ; contexte, forme homogène et corrigé relus.",2,120 min,Diviser le débit par la pression : 1200/(20/2)=120.,La consommation du stock augmente avec la pression : on multiplie le débit de référence.,"Question, choix et corrigé relus après rédaction : ISOLATION/CREDIBILITY/LENGTH/WHY/SENSE ; clé unique dans les hypothèses annoncées",NASA Equation of State ; BSAC So you think you use too much gas et Gas reserves ; modèle explicite de la carte,2026-10-09,QCM pertinent ; modèle historique inchangé,41edc35e18917fa5f05d1355e349b9801ec32f56a01f74fb83b110895008cf5e
n2-gaz-rapport-autonomie-001,P200,3,REVISE,La moitié n’avait pas de calcul lié aux données ; opposer atmosphère oubliée et rapport inversé dans le même format.,1,1/4,Omettre le bar atmosphérique et employer un facteur 4.,À 40 m P absolue=5 ; le rapport des durées vaut 1/5.,"Question, choix et corrigé relus après rédaction : ISOLATION/CREDIBILITY/LENGTH/WHY/SENSE ; clé unique dans les hypothèses annoncées",NASA Equation of State ; BSAC So you think you use too much gas et Gas reserves ; modèle explicite de la carte,2026-10-09,QCM pertinent ; modèle historique inchangé,f52a47f8eb49a800e48beaa79b899c6a4b3d44e1b2007f1c523f47e8cca30419
n2-gaz-rapport-autonomie-001,P200,3,REVISE,La moitié n’avait pas de calcul lié aux données ; opposer atmosphère oubliée et rapport inversé dans le même format.,2,5,Inverser le rapport de durée et celui du débit.,"Le débit est multiplié par cinq, mais la durée est divisée par cinq.","Question, choix et corrigé relus après rédaction : ISOLATION/CREDIBILITY/LENGTH/WHY/SENSE ; clé unique dans les hypothèses annoncées",NASA Equation of State ; BSAC So you think you use too much gas et Gas reserves ; modèle explicite de la carte,2026-10-09,QCM pertinent ; modèle historique inchangé,f52a47f8eb49a800e48beaa79b899c6a4b3d44e1b2007f1c523f47e8cca30419
n2-gaz-duree-fond-planification-001,P201,3,REVISE,"Les faux gaz créés à la remontée étaient caricaturaux ; appliquer l’objectif budget global contre durée naïve, avec trois calculs issus des données.",1,20 min,Allouer le stock nominal entier au fond : 1800/90=20.,900 L servent aux autres besoins ; seuls 900 L donnent 10 min de fond.,"Question, choix et corrigé relus après rédaction : ISOLATION/CREDIBILITY/LENGTH/WHY/SENSE ; clé unique dans les hypothèses annoncées",NASA Equation of State ; BSAC So you think you use too much gas et Gas reserves ; modèle explicite de la carte,2026-10-09,QCM pertinent ; modèle historique inchangé,e68505712ec41a8c53195db66b5ec87c610da9534270bd0a67a2bdbeb05567d5
n2-gaz-duree-fond-planification-001,P201,3,REVISE,"Les faux gaz créés à la remontée étaient caricaturaux ; appliquer l’objectif budget global contre durée naïve, avec trois calculs issus des données.",2,13 min 20 s,Retirer seulement le retour : (1800−600)/90=13 min 20 s.,Les 300 L à conserver doivent aussi être retirés du budget d’exploration.,"Question, choix et corrigé relus après rédaction : ISOLATION/CREDIBILITY/LENGTH/WHY/SENSE ; clé unique dans les hypothèses annoncées",NASA Equation of State ; BSAC So you think you use too much gas et Gas reserves ; modèle explicite de la carte,2026-10-09,QCM pertinent ; modèle historique inchangé,e68505712ec41a8c53195db66b5ec87c610da9534270bd0a67a2bdbeb05567d5
n2-gaz-debit-variable-001,P203,3,ACCEPT,"Conservée : les confusions de chaque choix sont précisées ci-dessous ; contexte, forme homogène et corrigé relus.",1,Le débit de référence reste constant ; seule la profondeur modifie le prélèvement dans le bloc,Généraliser un débit observé au calme à tous les contextes.,"La ventilation peut augmenter avec effort, froid ou stress, même à profondeur constante.","Question, choix et corrigé relus après rédaction : ISOLATION/CREDIBILITY/LENGTH/WHY/SENSE ; clé unique dans les hypothèses annoncées",NASA Equation of State ; BSAC So you think you use too much gas et Gas reserves ; modèle explicite de la carte,2026-10-09,QCM pertinent ; modèle historique inchangé,1c1bcbdccb80b4b41dcb3b99139dd0d2ec6e13a00f0eaa365ca217fedcac19e1
n2-gaz-debit-variable-001,P203,3,ACCEPT,"Conservée : les confusions de chaque choix sont précisées ci-dessous ; contexte, forme homogène et corrigé relus.",2,Le débit de référence diminue avec l’effort ; seule la fréquence respiratoire augmente,Confondre hausse de fréquence et baisse nécessaire de ventilation minute.,La fréquence n’impose pas à elle seule une baisse du débit ; les besoins ventilatoires peuvent croître.,"Question, choix et corrigé relus après rédaction : ISOLATION/CREDIBILITY/LENGTH/WHY/SENSE ; clé unique dans les hypothèses annoncées",NASA Equation of State ; BSAC So you think you use too much gas et Gas reserves ; modèle explicite de la carte,2026-10-09,QCM pertinent ; modèle historique inchangé,1c1bcbdccb80b4b41dcb3b99139dd0d2ec6e13a00f0eaa365ca217fedcac19e1
n2-gaz-chute-pression-001,P205,3,ACCEPT,"Conservée : les confusions de chaque choix sont précisées ci-dessous ; contexte, forme homogène et corrigé relus.",1,60 L/min à 1 bar,Donner le débit prélevé ramené à 1 bar : 12×50/10=60.,"Pour retrouver le débit de référence ventilatoire, diviser encore par 3 : 20.","Question, choix et corrigé relus après rédaction : ISOLATION/CREDIBILITY/LENGTH/WHY/SENSE ; clé unique dans les hypothèses annoncées",NASA Equation of State ; BSAC So you think you use too much gas et Gas reserves ; modèle explicite de la carte,2026-10-09,QCM pertinent ; modèle historique inchangé,e289428c004a6b4ef01c818e9aba435a0c110742fc451f21931ea49f17079bad
n2-gaz-chute-pression-001,P205,3,ACCEPT,"Conservée : les confusions de chaque choix sont précisées ci-dessous ; contexte, forme homogène et corrigé relus.",2,180 L/min à 1 bar,Multiplier à nouveau par P au lieu de diviser : 60×3=180.,Le gaz consommé est déjà ramené à 1 bar ; la conversion inverse demande une division.,"Question, choix et corrigé relus après rédaction : ISOLATION/CREDIBILITY/LENGTH/WHY/SENSE ; clé unique dans les hypothèses annoncées",NASA Equation of State ; BSAC So you think you use too much gas et Gas reserves ; modèle explicite de la carte,2026-10-09,QCM pertinent ; modèle historique inchangé,e289428c004a6b4ef01c818e9aba435a0c110742fc451f21931ea49f17079bad
n2-gaz-comparaison-equipiers-001,P206,3,ACCEPT,"Conservée : les confusions de chaque choix sont précisées ci-dessous ; contexte, forme homogène et corrigé relus.",1,"A après 18 min ; B après 22,5 min","Utiliser le débit de A pour B : 1350/(20×3)=22,5.",B ventile à 30 L/min de référence ; il atteint le seuil à 15 min.,"Question, choix et corrigé relus après rédaction : ISOLATION/CREDIBILITY/LENGTH/WHY/SENSE ; clé unique dans les hypothèses annoncées",NASA Equation of State ; BSAC So you think you use too much gas et Gas reserves ; modèle explicite de la carte,2026-10-09,QCM pertinent ; modèle historique inchangé,52da056249062f291ea6801d4837859be4c159e704353c0d70b7eec0750939af
n2-gaz-comparaison-equipiers-001,P206,3,ACCEPT,"Conservée : les confusions de chaque choix sont précisées ci-dessous ; contexte, forme homogène et corrigé relus.",2,A et B après 18 min,Déduire une même durée des mêmes pressions initiale et finale.,"Les capacités et débits diffèrent ; A dure 18 min, B 15.","Question, choix et corrigé relus après rédaction : ISOLATION/CREDIBILITY/LENGTH/WHY/SENSE ; clé unique dans les hypothèses annoncées",NASA Equation of State ; BSAC So you think you use too much gas et Gas reserves ; modèle explicite de la carte,2026-10-09,QCM pertinent ; modèle historique inchangé,52da056249062f291ea6801d4837859be4c159e704353c0d70b7eec0750939af
n2-gaz-stock-utilisable-001,P630,3,ACCEPT,"Conservée : les confusions de chaque choix sont précisées ci-dessous ; contexte, forme homogène et corrigé relus.",1,2 400 L à 1 bar,Employer tout le stock nominal : 12×200=2400.,Il faut retirer les 70 bar conservés : 12×130=1560.,"Question, choix et corrigé relus après rédaction : ISOLATION/CREDIBILITY/LENGTH/WHY/SENSE ; clé unique dans les hypothèses annoncées",NASA Equation of State ; BSAC So you think you use too much gas et Gas reserves ; modèle explicite de la carte,2026-10-09,QCM pertinent ; modèle historique inchangé,e680a6dc4029495b43a829cd94b1f47af9c5ed7ce9b19609c4c9cf83f835731a
n2-gaz-stock-utilisable-001,P630,3,ACCEPT,"Conservée : les confusions de chaque choix sont précisées ci-dessous ; contexte, forme homogène et corrigé relus.",2,840 L à 1 bar,Calculer le gaz à conserver : 12×70=840.,"Le prélèvement correspond à la différence 200−70, pas aux 70 bar finaux.","Question, choix et corrigé relus après rédaction : ISOLATION/CREDIBILITY/LENGTH/WHY/SENSE ; clé unique dans les hypothèses annoncées",NASA Equation of State ; BSAC So you think you use too much gas et Gas reserves ; modèle explicite de la carte,2026-10-09,QCM pertinent ; modèle historique inchangé,e680a6dc4029495b43a829cd94b1f47af9c5ed7ce9b19609c4c9cf83f835731a
n2-gaz-duree-avec-seuil-001,P631,3,ACCEPT,"Conservée : les confusions de chaque choix sont précisées ci-dessous ; contexte, forme homogène et corrigé relus.",1,40 min,Oublier le seuil : 12×200/(20×3)=40.,"Le budget est 12×130=1560, soit 26 min à 60 L/min.","Question, choix et corrigé relus après rédaction : ISOLATION/CREDIBILITY/LENGTH/WHY/SENSE ; clé unique dans les hypothèses annoncées",NASA Equation of State ; BSAC So you think you use too much gas et Gas reserves ; modèle explicite de la carte,2026-10-09,QCM pertinent ; modèle historique inchangé,7da84b7ffce4f6fa4dfbe0690894fa436fe39fca803645537de9bd3af0e1ab69
n2-gaz-duree-avec-seuil-001,P631,3,ACCEPT,"Conservée : les confusions de chaque choix sont précisées ci-dessous ; contexte, forme homogène et corrigé relus.",2,78 min,Oublier la pression ambiante dans le débit : 1560/20=78.,Le fond à 20 m exige ici 20×3=60 L/min ramenés à 1 bar.,"Question, choix et corrigé relus après rédaction : ISOLATION/CREDIBILITY/LENGTH/WHY/SENSE ; clé unique dans les hypothèses annoncées",NASA Equation of State ; BSAC So you think you use too much gas et Gas reserves ; modèle explicite de la carte,2026-10-09,QCM pertinent ; modèle historique inchangé,7da84b7ffce4f6fa4dfbe0690894fa436fe39fca803645537de9bd3af0e1ab69
n2-gaz-pression-initiale-001,P632,3,ACCEPT,"Conservée : les confusions de chaque choix sont précisées ci-dessous ; contexte, forme homogène et corrigé relus.",1,75 bars,Ne calculer que la baisse du manomètre : 20×3×15/12=75.,Ajouter 60 bar finaux à ces 75 bar consommés : pression initiale 135.,"Question, choix et corrigé relus après rédaction : ISOLATION/CREDIBILITY/LENGTH/WHY/SENSE ; clé unique dans les hypothèses annoncées",NASA Equation of State ; BSAC So you think you use too much gas et Gas reserves ; modèle explicite de la carte,2026-10-09,QCM pertinent ; modèle historique inchangé,b622dfcdbc0acacbc91970cbe962bcd6e66d0662722af5f7916d62addf8bca2b
n2-gaz-pression-initiale-001,P632,3,ACCEPT,"Conservée : les confusions de chaque choix sont précisées ci-dessous ; contexte, forme homogène et corrigé relus.",2,85 bars,Employer 1 bar pour la consommation : 20×15/12+60=85.,"La phase est à 3 bar absolus ; la baisse vaut 75 bar, pas 25.","Question, choix et corrigé relus après rédaction : ISOLATION/CREDIBILITY/LENGTH/WHY/SENSE ; clé unique dans les hypothèses annoncées",NASA Equation of State ; BSAC So you think you use too much gas et Gas reserves ; modèle explicite de la carte,2026-10-09,QCM pertinent ; modèle historique inchangé,b622dfcdbc0acacbc91970cbe962bcd6e66d0662722af5f7916d62addf8bca2b
n2-gaz-deux-phases-001,P633,3,ACCEPT,"Conservée : les confusions de chaque choix sont précisées ci-dessous ; contexte, forme homogène et corrigé relus.",1,840 L à 1 bar,Facturer les deux phases à la profondeur maximale : 20×3×14=840.,La seconde phase est à 2 bar ; somme 480+240=720.,"Question, choix et corrigé relus après rédaction : ISOLATION/CREDIBILITY/LENGTH/WHY/SENSE ; clé unique dans les hypothèses annoncées",NASA Equation of State ; BSAC So you think you use too much gas et Gas reserves ; modèle explicite de la carte,2026-10-09,QCM pertinent ; modèle historique inchangé,e6038b1fd375459036483c683c9afec8c607c3623fc4709123070f4381ad2889
n2-gaz-deux-phases-001,P633,3,ACCEPT,"Conservée : les confusions de chaque choix sont précisées ci-dessous ; contexte, forme homogène et corrigé relus.",2,560 L à 1 bar,Facturer les deux phases à la profondeur la plus faible : 20×2×14=560.,La première phase est à 3 bar ; elle coûte 480 L.,"Question, choix et corrigé relus après rédaction : ISOLATION/CREDIBILITY/LENGTH/WHY/SENSE ; clé unique dans les hypothèses annoncées",NASA Equation of State ; BSAC So you think you use too much gas et Gas reserves ; modèle explicite de la carte,2026-10-09,QCM pertinent ; modèle historique inchangé,e6038b1fd375459036483c683c9afec8c607c3623fc4709123070f4381ad2889
n2-gaz-reserve-volumes-001,P634,3,ACCEPT,"Conservée : les confusions de chaque choix sont précisées ci-dessous ; contexte, forme homogène et corrigé relus.",1,"12 L : 750 L ; 15 L : 600 L, à 1 bar",Permuter les volumes de blocs dans les produits.,"12×50=600 et 15×50=750, pas l’inverse.","Question, choix et corrigé relus après rédaction : ISOLATION/CREDIBILITY/LENGTH/WHY/SENSE ; clé unique dans les hypothèses annoncées",NASA Equation of State ; BSAC So you think you use too much gas et Gas reserves ; modèle explicite de la carte,2026-10-09,QCM pertinent ; modèle historique inchangé,54892c5a652cde40b77a52b8a591cb203c1f53484f5c1f5736efd9332651c9c9
n2-gaz-reserve-volumes-001,P634,3,ACCEPT,"Conservée : les confusions de chaque choix sont précisées ci-dessous ; contexte, forme homogène et corrigé relus.",2,"12 L : 600 L ; 15 L : 600 L, à 1 bar",Employer 12 L pour les deux stocks : 12×50=600.,Le bloc de 15 L donne 750 L pour la même chute de pression.,"Question, choix et corrigé relus après rédaction : ISOLATION/CREDIBILITY/LENGTH/WHY/SENSE ; clé unique dans les hypothèses annoncées",NASA Equation of State ; BSAC So you think you use too much gas et Gas reserves ; modèle explicite de la carte,2026-10-09,QCM pertinent ; modèle historique inchangé,54892c5a652cde40b77a52b8a591cb203c1f53484f5c1f5736efd9332651c9c9
n2-gaz-deux-equipiers-001,P635,3,REVISE,Supprimer le non seul opposé à deux oui ; demander le solde après addition des besoins des deux équipiers.,1,+180 L à 1 bar,Employer 2 bar au lieu de 3 : 600−70×2×3=180.,"À 20 m la pression absolue est 3 ; besoin 630, solde −30.","Question, choix et corrigé relus après rédaction : ISOLATION/CREDIBILITY/LENGTH/WHY/SENSE ; clé unique dans les hypothèses annoncées",NASA Equation of State ; BSAC So you think you use too much gas et Gas reserves ; modèle explicite de la carte,2026-10-09,QCM pertinent ; modèle historique inchangé,cdfd94637e3d23be86096d8534d177cc603e58c4a96e69a6b4bace7b7015c7f8
n2-gaz-deux-equipiers-001,P635,3,REVISE,Supprimer le non seul opposé à deux oui ; demander le solde après addition des besoins des deux équipiers.,2,+240 L à 1 bar,Ne compter que l’équipier à 40 L/min : 600−40×3×3=240.,"Il faut additionner les deux débits, soit 70 L/min de référence.","Question, choix et corrigé relus après rédaction : ISOLATION/CREDIBILITY/LENGTH/WHY/SENSE ; clé unique dans les hypothèses annoncées",NASA Equation of State ; BSAC So you think you use too much gas et Gas reserves ; modèle explicite de la carte,2026-10-09,QCM pertinent ; modèle historique inchangé,cdfd94637e3d23be86096d8534d177cc603e58c4a96e69a6b4bace7b7015c7f8
n2-gaz-effort-recalcul-001,P636,3,ACCEPT,"Conservée : les confusions de chaque choix sont précisées ci-dessous ; contexte, forme homogène et corrigé relus.",1,900 L supplémentaires,Donner le besoin révisé total : 30×3×10=900.,La question demande le supplément : (30−20)×3×10=300.,"Question, choix et corrigé relus après rédaction : ISOLATION/CREDIBILITY/LENGTH/WHY/SENSE ; clé unique dans les hypothèses annoncées",NASA Equation of State ; BSAC So you think you use too much gas et Gas reserves ; modèle explicite de la carte,2026-10-09,QCM pertinent ; modèle historique inchangé,8ba2d8c77c0890ccd7edaca9be4cc8010822bc89b2a360cceed632019d463121
n2-gaz-effort-recalcul-001,P636,3,ACCEPT,"Conservée : les confusions de chaque choix sont précisées ci-dessous ; contexte, forme homogène et corrigé relus.",2,100 L supplémentaires,Omettre la profondeur dans le supplément : (30−20)×10=100.,Les litres de référence doivent être multipliés par 3 pour cette phase.,"Question, choix et corrigé relus après rédaction : ISOLATION/CREDIBILITY/LENGTH/WHY/SENSE ; clé unique dans les hypothèses annoncées",NASA Equation of State ; BSAC So you think you use too much gas et Gas reserves ; modèle explicite de la carte,2026-10-09,QCM pertinent ; modèle historique inchangé,8ba2d8c77c0890ccd7edaca9be4cc8010822bc89b2a360cceed632019d463121
n2-gaz-boyle-profondeur-inverse-001,P640,3,ACCEPT,"Conservée : les confusions de chaque choix sont précisées ci-dessous ; contexte, forme homogène et corrigé relus.",1,30 m,Convertir P₂ absolue directement en mètres : 3×10=30.,Retirer le bar de surface : (3−1)×10=20.,"Question, choix et corrigé relus après rédaction : ISOLATION/CREDIBILITY/LENGTH/WHY/SENSE ; clé unique dans les hypothèses annoncées",NASA Equation of State ; BSAC So you think you use too much gas et Gas reserves ; modèle explicite de la carte,2026-10-09,QCM pertinent ; modèle historique inchangé,b7fc774c59d970f784813b128bb1296435581581d32a5680b5ed4dad99913ae0
n2-gaz-boyle-profondeur-inverse-001,P640,3,ACCEPT,"Conservée : les confusions de chaque choix sont précisées ci-dessous ; contexte, forme homogène et corrigé relus.",2,5 m,Omettre le bar atmosphérique à l’état initial : ((1×3/2)−1)×10=5.,"À 10 m P₁=2, donc P₂=3 bar absolus, soit 20 m.","Question, choix et corrigé relus après rédaction : ISOLATION/CREDIBILITY/LENGTH/WHY/SENSE ; clé unique dans les hypothèses annoncées",NASA Equation of State ; BSAC So you think you use too much gas et Gas reserves ; modèle explicite de la carte,2026-10-09,QCM pertinent ; modèle historique inchangé,b7fc774c59d970f784813b128bb1296435581581d32a5680b5ed4dad99913ae0
n2-gaz-consommation-remontee-001,P641,3,ACCEPT,"Conservée : les confusions de chaque choix sont précisées ci-dessous ; contexte, forme homogène et corrigé relus.",1,120 L à 1 bar,Utiliser la pression maximale tout le long : 20×3×2=120.,La moyenne de la pression linéaire est 2 bar ; coût 80 L.,"Question, choix et corrigé relus après rédaction : ISOLATION/CREDIBILITY/LENGTH/WHY/SENSE ; clé unique dans les hypothèses annoncées",NASA Equation of State ; BSAC So you think you use too much gas et Gas reserves ; modèle explicite de la carte,2026-10-09,QCM pertinent ; modèle historique inchangé,2df29d80a6bbc7d74cb0a92d780fe65b62b38221320a23ffaec3a8b53a0ebe9d
n2-gaz-consommation-remontee-001,P641,3,ACCEPT,"Conservée : les confusions de chaque choix sont précisées ci-dessous ; contexte, forme homogène et corrigé relus.",2,40 L à 1 bar,Utiliser la pression finale tout le long : 20×1×2=40.,La phase comprend aussi les pressions plus élevées ; la moyenne est 2 bar.,"Question, choix et corrigé relus après rédaction : ISOLATION/CREDIBILITY/LENGTH/WHY/SENSE ; clé unique dans les hypothèses annoncées",NASA Equation of State ; BSAC So you think you use too much gas et Gas reserves ; modèle explicite de la carte,2026-10-09,QCM pertinent ; modèle historique inchangé,2df29d80a6bbc7d74cb0a92d780fe65b62b38221320a23ffaec3a8b53a0ebe9d
