id,objectif,lot,decision_initiale,motif_et_correction,distracteur,texte_final,attrait,refutation,relecture,controle_factuel,date_verification,format,sha256_fr
n2-barotraumatismes-mecanisme-001,P207,1,ACCEPT,Conservée : distinction de cours claire et erreurs documentées individuellement.,1,"Une pression ambiante élevée, même avec la cavité équilibrée",Assimiler pression absolue élevée et lésion mécanique.,Une cavité équilibrée ne subit pas le gradient causal.,"ISOLATION/CREDIBILITY/LENGTH/WHY/SENSE : question, chaque choix et corrigé relus ; contexte et clé unique vérifiés.","DAN — Ears and Diving, Injuries, sections Middle-Ear Barotrauma et Alternobaric Vertigo : https://dan.org/health-medicine/health-resource/dive-medical-reference-books/ears-diving/ear-injuries/ ; DAN — Sinus Barotrauma, Anatomy / Mechanisms / Manifestations : https://dan.org/health-medicine/health-resources/diseases-conditions/sinus-barotrauma/ ; DAN — Back to Basics, Boyle’s Law / Lung Expansion Injuries : https://dan.org/alert-diver/article/back-to-basics/",2026-10-09,"QCM pertinent, modèle Anki historique conservé",c6c22e3971f2cf460d24d93386be4de58b3646427644acd8f36fc0b917f4e963
n2-barotraumatismes-mecanisme-001,P207,1,ACCEPT,Conservée : distinction de cours claire et erreurs documentées individuellement.,2,Une diminution de la quantité d’azote dissous dans les tissus,Confondre désaturation et cavité gazeuse.,La quantité d’azote dissous n’est pas le gradient de pression de la cavité.,"ISOLATION/CREDIBILITY/LENGTH/WHY/SENSE : question, chaque choix et corrigé relus ; contexte et clé unique vérifiés.","DAN — Ears and Diving, Injuries, sections Middle-Ear Barotrauma et Alternobaric Vertigo : https://dan.org/health-medicine/health-resource/dive-medical-reference-books/ears-diving/ear-injuries/ ; DAN — Sinus Barotrauma, Anatomy / Mechanisms / Manifestations : https://dan.org/health-medicine/health-resources/diseases-conditions/sinus-barotrauma/ ; DAN — Back to Basics, Boyle’s Law / Lung Expansion Injuries : https://dan.org/alert-diver/article/back-to-basics/",2026-10-09,"QCM pertinent, modèle Anki historique conservé",c6c22e3971f2cf460d24d93386be4de58b3646427644acd8f36fc0b917f4e963
n2-barotraumatismes-placage-masque-001,P211,1,ACCEPT,Conservée : distinction de cours claire et erreurs documentées individuellement.,1,La pression dans le masque est devenue supérieure à la pression de l’eau,Inverser le sens du gradient masque/eau.,Le placage résulte d’une pression interne relativement plus basse.,"ISOLATION/CREDIBILITY/LENGTH/WHY/SENSE : question, chaque choix et corrigé relus ; contexte et clé unique vérifiés.","DAN — Ears and Diving, Injuries, sections Middle-Ear Barotrauma et Alternobaric Vertigo : https://dan.org/health-medicine/health-resource/dive-medical-reference-books/ears-diving/ear-injuries/ ; DAN — Sinus Barotrauma, Anatomy / Mechanisms / Manifestations : https://dan.org/health-medicine/health-resources/diseases-conditions/sinus-barotrauma/ ; DAN — Back to Basics, Boyle’s Law / Lung Expansion Injuries : https://dan.org/alert-diver/article/back-to-basics/",2026-10-09,"QCM pertinent, modèle Anki historique conservé",fc707211c39cd3d4cba317981eac5ccbeac384e4557cbb3cf4c1bc027115f9b5
n2-barotraumatismes-placage-masque-001,P211,1,ACCEPT,Conservée : distinction de cours claire et erreurs documentées individuellement.,2,"Les pressions sont égales, mais le gaz a augmenté de volume",Confondre la compression de descente et un gain de volume.,Un gaz non alimenté se comprime à la descente ; un gradient apparaît quand la jupe ne compense plus.,"ISOLATION/CREDIBILITY/LENGTH/WHY/SENSE : question, chaque choix et corrigé relus ; contexte et clé unique vérifiés.","DAN — Ears and Diving, Injuries, sections Middle-Ear Barotrauma et Alternobaric Vertigo : https://dan.org/health-medicine/health-resource/dive-medical-reference-books/ears-diving/ear-injuries/ ; DAN — Sinus Barotrauma, Anatomy / Mechanisms / Manifestations : https://dan.org/health-medicine/health-resources/diseases-conditions/sinus-barotrauma/ ; DAN — Back to Basics, Boyle’s Law / Lung Expansion Injuries : https://dan.org/alert-diver/article/back-to-basics/",2026-10-09,"QCM pertinent, modèle Anki historique conservé",fc707211c39cd3d4cba317981eac5ccbeac384e4557cbb3cf4c1bc027115f9b5
n2-barotraumatismes-sinus-communication-001,P215,1,REVISE,CREDIBILITY : remplacer un passage inexistant vers le conduit auditif par une ouverture anatomique réelle.,1,Les trompes d’Eustache,Confondre les voies d’équilibrage des sinus et des oreilles.,"Les trompes alimentent l’oreille moyenne, pas les sinus.","ISOLATION/CREDIBILITY/LENGTH/WHY/SENSE : question, chaque choix et corrigé relus ; contexte et clé unique vérifiés.","DAN — Ears and Diving, Injuries, sections Middle-Ear Barotrauma et Alternobaric Vertigo : https://dan.org/health-medicine/health-resource/dive-medical-reference-books/ears-diving/ear-injuries/ ; DAN — Sinus Barotrauma, Anatomy / Mechanisms / Manifestations : https://dan.org/health-medicine/health-resources/diseases-conditions/sinus-barotrauma/ ; DAN — Back to Basics, Boyle’s Law / Lung Expansion Injuries : https://dan.org/alert-diver/article/back-to-basics/ ; University of Michigan, BlueLink, Respiratory LOs, nasal cavity / choanae : https://sites.google.com/a/umich.edu/bluelink/curricula/anatomy-403/respiratory-system/respiratory-los",2026-10-09,"QCM pertinent, modèle Anki historique conservé",cf4d80006a4a1510fb378833cc495f3eb5cd34b606698f5effac0ce44739e439
n2-barotraumatismes-sinus-communication-001,P215,1,REVISE,CREDIBILITY : remplacer un passage inexistant vers le conduit auditif par une ouverture anatomique réelle.,2,Les choanes du nasopharynx,Confondre deux ouvertures anatomiques des fosses nasales.,"Les choanes ouvrent vers le nasopharynx, pas vers les sinus.","ISOLATION/CREDIBILITY/LENGTH/WHY/SENSE : question, chaque choix et corrigé relus ; contexte et clé unique vérifiés.","DAN — Ears and Diving, Injuries, sections Middle-Ear Barotrauma et Alternobaric Vertigo : https://dan.org/health-medicine/health-resource/dive-medical-reference-books/ears-diving/ear-injuries/ ; DAN — Sinus Barotrauma, Anatomy / Mechanisms / Manifestations : https://dan.org/health-medicine/health-resources/diseases-conditions/sinus-barotrauma/ ; DAN — Back to Basics, Boyle’s Law / Lung Expansion Injuries : https://dan.org/alert-diver/article/back-to-basics/ ; University of Michigan, BlueLink, Respiratory LOs, nasal cavity / choanae : https://sites.google.com/a/umich.edu/bluelink/curricula/anatomy-403/respiratory-system/respiratory-los",2026-10-09,"QCM pertinent, modèle Anki historique conservé",cf4d80006a4a1510fb378833cc495f3eb5cd34b606698f5effac0ce44739e439
n2-barotraumatismes-sinus-alerte-001,P218,1,REVISE,"CREDIBILITY : remplacer ADD articulaires/cutanés par deux barotraumatismes de régions voisines ; question d’orientation, pas de diagnostic certain.",1,"Douleur d’oreille liée aux changements de profondeur, audition diminuée et oreille bouchée",Deux barotraumatismes douloureux liés à la profondeur.,La localisation auriculaire et la baisse d’audition orientent vers l’oreille.,"ISOLATION/CREDIBILITY/LENGTH/WHY/SENSE : question, chaque choix et corrigé relus ; contexte et clé unique vérifiés.","DAN — Ears and Diving, Injuries, sections Middle-Ear Barotrauma et Alternobaric Vertigo : https://dan.org/health-medicine/health-resource/dive-medical-reference-books/ears-diving/ear-injuries/ ; DAN — Sinus Barotrauma, Anatomy / Mechanisms / Manifestations : https://dan.org/health-medicine/health-resources/diseases-conditions/sinus-barotrauma/ ; DAN — Back to Basics, Boyle’s Law / Lung Expansion Injuries : https://dan.org/alert-diver/article/back-to-basics/",2026-10-09,"QCM pertinent, modèle Anki historique conservé",7ffa98c9f9c88a9523102313e91bf012d7f2fc1774cd31597d921e397ac5aed4
n2-barotraumatismes-sinus-alerte-001,P218,1,REVISE,"CREDIBILITY : remplacer ADD articulaires/cutanés par deux barotraumatismes de régions voisines ; question d’orientation, pas de diagnostic certain.",2,"Douleur autour des yeux liée à la descente, marques rouges limitées au contour du masque",Confondre deux atteintes faciales à la descente.,"Des marques limitées à l’empreinte du masque orientent vers un placage, pas les sinus.","ISOLATION/CREDIBILITY/LENGTH/WHY/SENSE : question, chaque choix et corrigé relus ; contexte et clé unique vérifiés.","DAN — Ears and Diving, Injuries, sections Middle-Ear Barotrauma et Alternobaric Vertigo : https://dan.org/health-medicine/health-resource/dive-medical-reference-books/ears-diving/ear-injuries/ ; DAN — Sinus Barotrauma, Anatomy / Mechanisms / Manifestations : https://dan.org/health-medicine/health-resources/diseases-conditions/sinus-barotrauma/ ; DAN — Back to Basics, Boyle’s Law / Lung Expansion Injuries : https://dan.org/alert-diver/article/back-to-basics/",2026-10-09,"QCM pertinent, modèle Anki historique conservé",7ffa98c9f9c88a9523102313e91bf012d7f2fc1774cd31597d921e397ac5aed4
n2-barotraumatismes-sinus-descente-001,P220,1,REVISE,ISOLATION/CREDIBILITY : préciser l’échec après arrêt ; retirer les manœuvres forcées caricaturales.,1,Attendre à cette profondeur puis reprendre la descente si la douleur s’atténue,Assimiler une accalmie à la résolution du blocage.,La douleur peut diminuer malgré une lésion et ne justifie pas de reprendre.,"ISOLATION/CREDIBILITY/LENGTH/WHY/SENSE : question, chaque choix et corrigé relus ; contexte et clé unique vérifiés.","DAN — Ears and Diving, Injuries, sections Middle-Ear Barotrauma et Alternobaric Vertigo : https://dan.org/health-medicine/health-resource/dive-medical-reference-books/ears-diving/ear-injuries/ ; DAN — Sinus Barotrauma, Anatomy / Mechanisms / Manifestations : https://dan.org/health-medicine/health-resources/diseases-conditions/sinus-barotrauma/ ; DAN — Back to Basics, Boyle’s Law / Lung Expansion Injuries : https://dan.org/alert-diver/article/back-to-basics/",2026-10-09,"QCM pertinent, modèle Anki historique conservé",4edc8c4a9e40e2181044f29dd6fd9f4e6242ead96a392734e11efb427136f53e
n2-barotraumatismes-sinus-descente-001,P220,1,REVISE,ISOLATION/CREDIBILITY : préciser l’échec après arrêt ; retirer les manœuvres forcées caricaturales.,2,Reprendre la descente après un équilibrage des oreilles devenu facile,Transférer la réussite de l’équilibrage des oreilles aux sinus.,Les conduits concernés diffèrent ; les oreilles équilibrées ne prouvent pas des ostia libres.,"ISOLATION/CREDIBILITY/LENGTH/WHY/SENSE : question, chaque choix et corrigé relus ; contexte et clé unique vérifiés.","DAN — Ears and Diving, Injuries, sections Middle-Ear Barotrauma et Alternobaric Vertigo : https://dan.org/health-medicine/health-resource/dive-medical-reference-books/ears-diving/ear-injuries/ ; DAN — Sinus Barotrauma, Anatomy / Mechanisms / Manifestations : https://dan.org/health-medicine/health-resources/diseases-conditions/sinus-barotrauma/ ; DAN — Back to Basics, Boyle’s Law / Lung Expansion Injuries : https://dan.org/alert-diver/article/back-to-basics/",2026-10-09,"QCM pertinent, modèle Anki historique conservé",4edc8c4a9e40e2181044f29dd6fd9f4e6242ead96a392734e11efb427136f53e
n2-barotraumatismes-sinus-remontee-001,P221,1,REVISE,CREDIBILITY/LENGTH : trois mécanismes comparables au lieu d’un non prudent et de deux oui.,1,Le gaz entré à la descente se comprime et crée une dépression dans un sinus mal ventilé,Appliquer le mécanisme de descente à la remontée.,"La pression ambiante baisse : le gaz tend à se dilater, pas à se comprimer.","ISOLATION/CREDIBILITY/LENGTH/WHY/SENSE : question, chaque choix et corrigé relus ; contexte et clé unique vérifiés.","DAN — Ears and Diving, Injuries, sections Middle-Ear Barotrauma et Alternobaric Vertigo : https://dan.org/health-medicine/health-resource/dive-medical-reference-books/ears-diving/ear-injuries/ ; DAN — Sinus Barotrauma, Anatomy / Mechanisms / Manifestations : https://dan.org/health-medicine/health-resources/diseases-conditions/sinus-barotrauma/ ; DAN — Back to Basics, Boyle’s Law / Lung Expansion Injuries : https://dan.org/alert-diver/article/back-to-basics/",2026-10-09,"QCM pertinent, modèle Anki historique conservé",ea0c13409e3bc92f4fbf05298e77192efef8727902373f1518bcf5165759e00d
n2-barotraumatismes-sinus-remontee-001,P221,1,REVISE,CREDIBILITY/LENGTH : trois mécanismes comparables au lieu d’un non prudent et de deux oui.,2,L’azote dissous forme des bulles dans le sinus indépendamment de ses orifices,Confondre gaz d’une cavité et gaz dissous dans les tissus.,Le blocage inversé dépend de l’évacuation du gaz par l’ostium.,"ISOLATION/CREDIBILITY/LENGTH/WHY/SENSE : question, chaque choix et corrigé relus ; contexte et clé unique vérifiés.","DAN — Ears and Diving, Injuries, sections Middle-Ear Barotrauma et Alternobaric Vertigo : https://dan.org/health-medicine/health-resource/dive-medical-reference-books/ears-diving/ear-injuries/ ; DAN — Sinus Barotrauma, Anatomy / Mechanisms / Manifestations : https://dan.org/health-medicine/health-resources/diseases-conditions/sinus-barotrauma/ ; DAN — Back to Basics, Boyle’s Law / Lung Expansion Injuries : https://dan.org/alert-diver/article/back-to-basics/",2026-10-09,"QCM pertinent, modèle Anki historique conservé",ea0c13409e3bc92f4fbf05298e77192efef8727902373f1518bcf5165759e00d
n2-barotraumatismes-trompe-eustache-001,P224,1,ACCEPT,Conservée : distinction de cours claire et erreurs documentées individuellement.,1,Le conduit auditif externe,Confondre oreille externe et moyenne.,Le tympan sépare le conduit externe de la cavité moyenne.,"ISOLATION/CREDIBILITY/LENGTH/WHY/SENSE : question, chaque choix et corrigé relus ; contexte et clé unique vérifiés.","DAN — Ears and Diving, Injuries, sections Middle-Ear Barotrauma et Alternobaric Vertigo : https://dan.org/health-medicine/health-resource/dive-medical-reference-books/ears-diving/ear-injuries/ ; DAN — Sinus Barotrauma, Anatomy / Mechanisms / Manifestations : https://dan.org/health-medicine/health-resources/diseases-conditions/sinus-barotrauma/ ; DAN — Back to Basics, Boyle’s Law / Lung Expansion Injuries : https://dan.org/alert-diver/article/back-to-basics/",2026-10-09,"QCM pertinent, modèle Anki historique conservé",7ad78e230d80914b359e353dd98d0478ac7d454291bc95a32493e1203f5c4a3f
n2-barotraumatismes-trompe-eustache-001,P224,1,ACCEPT,Conservée : distinction de cours claire et erreurs documentées individuellement.,2,Les canaux semi-circulaires de l’oreille interne,Confondre organe de l’équilibre et passage d’air.,Les canaux semi-circulaires de l’oreille interne ne conduisent pas l’air du nasopharynx.,"ISOLATION/CREDIBILITY/LENGTH/WHY/SENSE : question, chaque choix et corrigé relus ; contexte et clé unique vérifiés.","DAN — Ears and Diving, Injuries, sections Middle-Ear Barotrauma et Alternobaric Vertigo : https://dan.org/health-medicine/health-resource/dive-medical-reference-books/ears-diving/ear-injuries/ ; DAN — Sinus Barotrauma, Anatomy / Mechanisms / Manifestations : https://dan.org/health-medicine/health-resources/diseases-conditions/sinus-barotrauma/ ; DAN — Back to Basics, Boyle’s Law / Lung Expansion Injuries : https://dan.org/alert-diver/article/back-to-basics/",2026-10-09,"QCM pertinent, modèle Anki historique conservé",7ad78e230d80914b359e353dd98d0478ac7d454291bc95a32493e1203f5c4a3f
n2-barotraumatismes-rhume-equilibrage-001,P230,1,REVISE,"CREDIBILITY : distinguer obstruction, compressibilité et pression ; les deux anciens leurres répétaient la même garantie abusive.",1,"Leurs conduits sont ouverts, mais le rhume empêche l’air de se comprimer dans les cavités",Attribuer le problème à la compressibilité du gaz plutôt qu’à sa circulation.,Le rhume ne supprime pas la compression du gaz ; il peut obstruer les conduits.,"ISOLATION/CREDIBILITY/LENGTH/WHY/SENSE : question, chaque choix et corrigé relus ; contexte et clé unique vérifiés.","DAN — Ears and Diving, Injuries, sections Middle-Ear Barotrauma et Alternobaric Vertigo : https://dan.org/health-medicine/health-resource/dive-medical-reference-books/ears-diving/ear-injuries/ ; DAN — Sinus Barotrauma, Anatomy / Mechanisms / Manifestations : https://dan.org/health-medicine/health-resources/diseases-conditions/sinus-barotrauma/ ; DAN — Back to Basics, Boyle’s Law / Lung Expansion Injuries : https://dan.org/alert-diver/article/back-to-basics/",2026-10-09,"QCM pertinent, modèle Anki historique conservé",3d5c92b65e62194cff7984bdcce70fa8dca445ae21a9bd9edb4eba3f14790d7d
n2-barotraumatismes-rhume-equilibrage-001,P230,1,REVISE,"CREDIBILITY : distinguer obstruction, compressibilité et pression ; les deux anciens leurres répétaient la même garantie abusive.",2,"Leurs conduits sont ouverts, mais le mucus change la pression ambiante subie par les cavités",Attribuer au mucus une protection ou une modification de pression.,La pression ambiante dépend de la profondeur ; le problème est la ventilation de la cavité.,"ISOLATION/CREDIBILITY/LENGTH/WHY/SENSE : question, chaque choix et corrigé relus ; contexte et clé unique vérifiés.","DAN — Ears and Diving, Injuries, sections Middle-Ear Barotrauma et Alternobaric Vertigo : https://dan.org/health-medicine/health-resource/dive-medical-reference-books/ears-diving/ear-injuries/ ; DAN — Sinus Barotrauma, Anatomy / Mechanisms / Manifestations : https://dan.org/health-medicine/health-resources/diseases-conditions/sinus-barotrauma/ ; DAN — Back to Basics, Boyle’s Law / Lung Expansion Injuries : https://dan.org/alert-diver/article/back-to-basics/",2026-10-09,"QCM pertinent, modèle Anki historique conservé",3d5c92b65e62194cff7984bdcce70fa8dca445ae21a9bd9edb4eba3f14790d7d
n2-barotraumatismes-position-descente-001,P231,1,REVISE,ISOLATION : comparer à vitesse et profondeur identiques ; retirer l’absence d’ouverture des trompes comme leurre.,1,L’eau exerce moins de pression sur les tympans à une même profondeur des oreilles,Confondre effet de posture et pression hydrostatique.,"À même profondeur des oreilles, la pression de l’eau est la même.","ISOLATION/CREDIBILITY/LENGTH/WHY/SENSE : question, chaque choix et corrigé relus ; contexte et clé unique vérifiés.","DAN — Ears and Diving, Injuries, sections Middle-Ear Barotrauma et Alternobaric Vertigo : https://dan.org/health-medicine/health-resource/dive-medical-reference-books/ears-diving/ear-injuries/ ; DAN — Sinus Barotrauma, Anatomy / Mechanisms / Manifestations : https://dan.org/health-medicine/health-resources/diseases-conditions/sinus-barotrauma/ ; DAN — Back to Basics, Boyle’s Law / Lung Expansion Injuries : https://dan.org/alert-diver/article/back-to-basics/ ; DAN — Ears and Diving, Key Information, Tips for Equalization : https://dan.org/health-medicine/health-resource/dive-medical-reference-books/ears-diving/ears-equalization/",2026-10-09,"QCM pertinent, modèle Anki historique conservé",f91c72c81532c56f50225469011da9bf491507e81d29e4937eeee049f147cf82
n2-barotraumatismes-position-descente-001,P231,1,REVISE,ISOLATION : comparer à vitesse et profondeur identiques ; retirer l’absence d’ouverture des trompes comme leurre.,2,Le volume d’air des oreilles moyennes se comprime moins à une même profondeur des oreilles,Confondre effet de posture et compression du gaz.,"La compression dépend de la pression, pas de l’orientation.","ISOLATION/CREDIBILITY/LENGTH/WHY/SENSE : question, chaque choix et corrigé relus ; contexte et clé unique vérifiés.","DAN — Ears and Diving, Injuries, sections Middle-Ear Barotrauma et Alternobaric Vertigo : https://dan.org/health-medicine/health-resource/dive-medical-reference-books/ears-diving/ear-injuries/ ; DAN — Sinus Barotrauma, Anatomy / Mechanisms / Manifestations : https://dan.org/health-medicine/health-resources/diseases-conditions/sinus-barotrauma/ ; DAN — Back to Basics, Boyle’s Law / Lung Expansion Injuries : https://dan.org/alert-diver/article/back-to-basics/ ; DAN — Ears and Diving, Key Information, Tips for Equalization : https://dan.org/health-medicine/health-resource/dive-medical-reference-books/ears-diving/ears-equalization/",2026-10-09,"QCM pertinent, modèle Anki historique conservé",f91c72c81532c56f50225469011da9bf491507e81d29e4937eeee049f147cf82
n2-barotraumatismes-vertige-alternobarique-001,P233,1,ACCEPT,Conservée : distinction de cours claire et erreurs documentées individuellement.,1,Une différence de température entre les deux oreilles,Confondre vertige calorique et alternobarique.,La différence de température peut stimuler l’oreille mais ne définit pas le vertige alternobarique.,"ISOLATION/CREDIBILITY/LENGTH/WHY/SENSE : question, chaque choix et corrigé relus ; contexte et clé unique vérifiés.","DAN — Ears and Diving, Injuries, sections Middle-Ear Barotrauma et Alternobaric Vertigo : https://dan.org/health-medicine/health-resource/dive-medical-reference-books/ears-diving/ear-injuries/ ; DAN — Sinus Barotrauma, Anatomy / Mechanisms / Manifestations : https://dan.org/health-medicine/health-resources/diseases-conditions/sinus-barotrauma/ ; DAN — Back to Basics, Boyle’s Law / Lung Expansion Injuries : https://dan.org/alert-diver/article/back-to-basics/",2026-10-09,"QCM pertinent, modèle Anki historique conservé",25b89aff266151a12819a55fb339ea9e5caa78e22e5ef3b8d772201bf1503b8b
n2-barotraumatismes-vertige-alternobarique-001,P233,1,ACCEPT,Conservée : distinction de cours claire et erreurs documentées individuellement.,2,Une différence de pression entre les sinus frontaux et maxillaires,Confondre les cavités touchées par des gradients de pression.,Le mécanisme alternobarique met en jeu les deux oreilles moyennes.,"ISOLATION/CREDIBILITY/LENGTH/WHY/SENSE : question, chaque choix et corrigé relus ; contexte et clé unique vérifiés.","DAN — Ears and Diving, Injuries, sections Middle-Ear Barotrauma et Alternobaric Vertigo : https://dan.org/health-medicine/health-resource/dive-medical-reference-books/ears-diving/ear-injuries/ ; DAN — Sinus Barotrauma, Anatomy / Mechanisms / Manifestations : https://dan.org/health-medicine/health-resources/diseases-conditions/sinus-barotrauma/ ; DAN — Back to Basics, Boyle’s Law / Lung Expansion Injuries : https://dan.org/alert-diver/article/back-to-basics/",2026-10-09,"QCM pertinent, modèle Anki historique conservé",25b89aff266151a12819a55fb339ea9e5caa78e22e5ef3b8d772201bf1503b8b
n2-barotraumatismes-bouchons-oreilles-001,P236,1,ACCEPT,Conservée : distinction de cours claire et erreurs documentées individuellement.,1,Ils isolent une poche de gaz dans l’oreille moyenne,Localiser du mauvais côté du tympan la poche isolée.,Le bouchon étanche enferme le gaz dans le conduit externe.,"ISOLATION/CREDIBILITY/LENGTH/WHY/SENSE : question, chaque choix et corrigé relus ; contexte et clé unique vérifiés.","DAN — Ears and Diving, Injuries, sections Middle-Ear Barotrauma et Alternobaric Vertigo : https://dan.org/health-medicine/health-resource/dive-medical-reference-books/ears-diving/ear-injuries/ ; DAN — Sinus Barotrauma, Anatomy / Mechanisms / Manifestations : https://dan.org/health-medicine/health-resources/diseases-conditions/sinus-barotrauma/ ; DAN — Back to Basics, Boyle’s Law / Lung Expansion Injuries : https://dan.org/alert-diver/article/back-to-basics/",2026-10-09,"QCM pertinent, modèle Anki historique conservé",ed0f48c0c7cb0189fab36e9327d1cdddc005e3022bda270bbe5e6f1f783a5b46
n2-barotraumatismes-bouchons-oreilles-001,P236,1,ACCEPT,Conservée : distinction de cours claire et erreurs documentées individuellement.,2,Ils empêchent l’oreille moyenne d’être alimentée par les trompes,Confondre le conduit externe et la trompe.,Le bouchon ne ferme pas la voie depuis le nasopharynx ; l’équilibrage moyen ne traite pas la poche externe.,"ISOLATION/CREDIBILITY/LENGTH/WHY/SENSE : question, chaque choix et corrigé relus ; contexte et clé unique vérifiés.","DAN — Ears and Diving, Injuries, sections Middle-Ear Barotrauma et Alternobaric Vertigo : https://dan.org/health-medicine/health-resource/dive-medical-reference-books/ears-diving/ear-injuries/ ; DAN — Sinus Barotrauma, Anatomy / Mechanisms / Manifestations : https://dan.org/health-medicine/health-resources/diseases-conditions/sinus-barotrauma/ ; DAN — Back to Basics, Boyle’s Law / Lung Expansion Injuries : https://dan.org/alert-diver/article/back-to-basics/",2026-10-09,"QCM pertinent, modèle Anki historique conservé",ed0f48c0c7cb0189fab36e9327d1cdddc005e3022bda270bbe5e6f1f783a5b46
n2-barotraumatismes-dents-gaz-001,P237,1,REVISE,CREDIBILITY/ISOLATION : mécanismes concurrents à la même phase ; retirer la poche équilibrée à toute profondeur.,1,Le gaz piégé se comprime et met la dent ou l’obturation en dépression,Appliquer à la remontée la compression de descente.,Le gaz piégé tend à se dilater lorsque la pression baisse.,"ISOLATION/CREDIBILITY/LENGTH/WHY/SENSE : question, chaque choix et corrigé relus ; contexte et clé unique vérifiés.","DAN — Ears and Diving, Injuries, sections Middle-Ear Barotrauma et Alternobaric Vertigo : https://dan.org/health-medicine/health-resource/dive-medical-reference-books/ears-diving/ear-injuries/ ; DAN — Sinus Barotrauma, Anatomy / Mechanisms / Manifestations : https://dan.org/health-medicine/health-resources/diseases-conditions/sinus-barotrauma/ ; DAN — Back to Basics, Boyle’s Law / Lung Expansion Injuries : https://dan.org/alert-diver/article/back-to-basics/ ; DAN — Unexpected Air Pockets, Diagnosis : https://dan.org/alert-diver/article/unexpected-air-pockets/",2026-10-09,"QCM pertinent, modèle Anki historique conservé",7c5b72a00cfd10ad862416d98c1c3a2a68e9046feee5da78de0abdb4a35292ea
n2-barotraumatismes-dents-gaz-001,P237,1,REVISE,CREDIBILITY/ISOLATION : mécanismes concurrents à la même phase ; retirer la poche équilibrée à toute profondeur.,2,L’azote dissous dans la dent forme des bulles à travers l’obturation,Confondre barotraumatisme d’une poche et désaturation tissulaire.,"Le cas décrit une poche mal ventilée sous une obturation, pas une bulle issue d’azote dissous.","ISOLATION/CREDIBILITY/LENGTH/WHY/SENSE : question, chaque choix et corrigé relus ; contexte et clé unique vérifiés.","DAN — Ears and Diving, Injuries, sections Middle-Ear Barotrauma et Alternobaric Vertigo : https://dan.org/health-medicine/health-resource/dive-medical-reference-books/ears-diving/ear-injuries/ ; DAN — Sinus Barotrauma, Anatomy / Mechanisms / Manifestations : https://dan.org/health-medicine/health-resources/diseases-conditions/sinus-barotrauma/ ; DAN — Back to Basics, Boyle’s Law / Lung Expansion Injuries : https://dan.org/alert-diver/article/back-to-basics/ ; DAN — Unexpected Air Pockets, Diagnosis : https://dan.org/alert-diver/article/unexpected-air-pockets/",2026-10-09,"QCM pertinent, modèle Anki historique conservé",7c5b72a00cfd10ad862416d98c1c3a2a68e9046feee5da78de0abdb4a35292ea
n2-barotraumatismes-douleur-dentaire-suivi-001,P239,1,REVISE,CREDIBILITY : remplacer la dent saine par un diagnostic différentiel voisin ; éviter de conclure à une cause certaine.,1,Elle confirme l’évacuation complète du gaz et l’intégrité de l’obturation,Interpréter la fin d’un symptôme comme un test d’intégrité.,Elle ne démontre ni la ventilation de la poche ni l’état de l’obturation.,"ISOLATION/CREDIBILITY/LENGTH/WHY/SENSE : question, chaque choix et corrigé relus ; contexte et clé unique vérifiés.","DAN — Ears and Diving, Injuries, sections Middle-Ear Barotrauma et Alternobaric Vertigo : https://dan.org/health-medicine/health-resource/dive-medical-reference-books/ears-diving/ear-injuries/ ; DAN — Sinus Barotrauma, Anatomy / Mechanisms / Manifestations : https://dan.org/health-medicine/health-resources/diseases-conditions/sinus-barotrauma/ ; DAN — Back to Basics, Boyle’s Law / Lung Expansion Injuries : https://dan.org/alert-diver/article/back-to-basics/ ; DAN — Unexpected Air Pockets, Diagnosis : https://dan.org/alert-diver/article/unexpected-air-pockets/",2026-10-09,"QCM pertinent, modèle Anki historique conservé",63caaefb1ff130b374dca174985ff58aea4b5370629869c7f3cf0271d8dbb656
n2-barotraumatismes-douleur-dentaire-suivi-001,P239,1,REVISE,CREDIBILITY : remplacer la dent saine par un diagnostic différentiel voisin ; éviter de conclure à une cause certaine.,2,Elle permet d’attribuer la douleur aux sinus et d’écarter une cause dentaire,Connaître la douleur projetée des sinus mais en faire un diagnostic.,La cessation en surface ne distingue pas sinus et dent.,"ISOLATION/CREDIBILITY/LENGTH/WHY/SENSE : question, chaque choix et corrigé relus ; contexte et clé unique vérifiés.","DAN — Ears and Diving, Injuries, sections Middle-Ear Barotrauma et Alternobaric Vertigo : https://dan.org/health-medicine/health-resource/dive-medical-reference-books/ears-diving/ear-injuries/ ; DAN — Sinus Barotrauma, Anatomy / Mechanisms / Manifestations : https://dan.org/health-medicine/health-resources/diseases-conditions/sinus-barotrauma/ ; DAN — Back to Basics, Boyle’s Law / Lung Expansion Injuries : https://dan.org/alert-diver/article/back-to-basics/ ; DAN — Unexpected Air Pockets, Diagnosis : https://dan.org/alert-diver/article/unexpected-air-pockets/",2026-10-09,"QCM pertinent, modèle Anki historique conservé",63caaefb1ff130b374dca174985ff58aea4b5370629869c7f3cf0271d8dbb656
n2-barotraumatismes-gaz-digestifs-001,P240,1,ACCEPT,Conservée : distinction de cours claire et erreurs documentées individuellement.,1,Le gaz piégé tend à se comprimer quand la pression baisse,Appliquer la compression de descente à la remontée.,La pression baisse et le gaz tend à se dilater.,"ISOLATION/CREDIBILITY/LENGTH/WHY/SENSE : question, chaque choix et corrigé relus ; contexte et clé unique vérifiés.","DAN — Ears and Diving, Injuries, sections Middle-Ear Barotrauma et Alternobaric Vertigo : https://dan.org/health-medicine/health-resource/dive-medical-reference-books/ears-diving/ear-injuries/ ; DAN — Sinus Barotrauma, Anatomy / Mechanisms / Manifestations : https://dan.org/health-medicine/health-resources/diseases-conditions/sinus-barotrauma/ ; DAN — Back to Basics, Boyle’s Law / Lung Expansion Injuries : https://dan.org/alert-diver/article/back-to-basics/",2026-10-09,"QCM pertinent, modèle Anki historique conservé",1ec919a536f9455fda9675b2995e7bdc46fba2914730a155af722aa174c97006
n2-barotraumatismes-gaz-digestifs-001,P240,1,ACCEPT,Conservée : distinction de cours claire et erreurs documentées individuellement.,2,Le gaz piégé conserve son volume lorsque sa quantité reste constante,Confondre quantité de matière et volume.,Une quantité constante de gaz change de volume quand la pression change.,"ISOLATION/CREDIBILITY/LENGTH/WHY/SENSE : question, chaque choix et corrigé relus ; contexte et clé unique vérifiés.","DAN — Ears and Diving, Injuries, sections Middle-Ear Barotrauma et Alternobaric Vertigo : https://dan.org/health-medicine/health-resource/dive-medical-reference-books/ears-diving/ear-injuries/ ; DAN — Sinus Barotrauma, Anatomy / Mechanisms / Manifestations : https://dan.org/health-medicine/health-resources/diseases-conditions/sinus-barotrauma/ ; DAN — Back to Basics, Boyle’s Law / Lung Expansion Injuries : https://dan.org/alert-diver/article/back-to-basics/",2026-10-09,"QCM pertinent, modèle Anki historique conservé",1ec919a536f9455fda9675b2995e7bdc46fba2914730a155af722aa174c97006
n2-barotraumatismes-surpression-mecanisme-001,P243,1,ACCEPT,Conservée : distinction de cours claire et erreurs documentées individuellement.,1,Des bulles se forment à partir de l’azote dissous dans les tissus,Assimiler pression absolue élevée et lésion mécanique.,Une cavité équilibrée ne subit pas le gradient causal.,"ISOLATION/CREDIBILITY/LENGTH/WHY/SENSE : question, chaque choix et corrigé relus ; contexte et clé unique vérifiés.","DAN — Ears and Diving, Injuries, sections Middle-Ear Barotrauma et Alternobaric Vertigo : https://dan.org/health-medicine/health-resource/dive-medical-reference-books/ears-diving/ear-injuries/ ; DAN — Sinus Barotrauma, Anatomy / Mechanisms / Manifestations : https://dan.org/health-medicine/health-resources/diseases-conditions/sinus-barotrauma/ ; DAN — Back to Basics, Boyle’s Law / Lung Expansion Injuries : https://dan.org/alert-diver/article/back-to-basics/",2026-10-09,"QCM pertinent, modèle Anki historique conservé",a9992ac045ef87d616b4eb169384912a7b1d494b2d3006583d688898aa66bed3
n2-barotraumatismes-surpression-mecanisme-001,P243,1,ACCEPT,Conservée : distinction de cours claire et erreurs documentées individuellement.,2,La pression extérieure comprime progressivement les poumons,Confondre désaturation et cavité gazeuse.,La quantité d’azote dissous n’est pas le gradient de pression de la cavité.,"ISOLATION/CREDIBILITY/LENGTH/WHY/SENSE : question, chaque choix et corrigé relus ; contexte et clé unique vérifiés.","DAN — Ears and Diving, Injuries, sections Middle-Ear Barotrauma et Alternobaric Vertigo : https://dan.org/health-medicine/health-resource/dive-medical-reference-books/ears-diving/ear-injuries/ ; DAN — Sinus Barotrauma, Anatomy / Mechanisms / Manifestations : https://dan.org/health-medicine/health-resources/diseases-conditions/sinus-barotrauma/ ; DAN — Back to Basics, Boyle’s Law / Lung Expansion Injuries : https://dan.org/alert-diver/article/back-to-basics/",2026-10-09,"QCM pertinent, modèle Anki historique conservé",a9992ac045ef87d616b4eb169384912a7b1d494b2d3006583d688898aa66bed3
n2-barotraumatismes-faible-profondeur-001,P245,1,REVISE,CREDIBILITY : retirer le seuil inventé et le non lié à la piscine ; expliciter la variation relative.,1,Le temps passé à 3 m suffit à produire des bulles d’azote dans les alvéoles,Confondre durée d’exposition et expansion d’un gaz pulmonaire.,La surpression ne dépend pas de bulles issues de la désaturation.,"ISOLATION/CREDIBILITY/LENGTH/WHY/SENSE : question, chaque choix et corrigé relus ; contexte et clé unique vérifiés.","DAN — Ears and Diving, Injuries, sections Middle-Ear Barotrauma et Alternobaric Vertigo : https://dan.org/health-medicine/health-resource/dive-medical-reference-books/ears-diving/ear-injuries/ ; DAN — Sinus Barotrauma, Anatomy / Mechanisms / Manifestations : https://dan.org/health-medicine/health-resources/diseases-conditions/sinus-barotrauma/ ; DAN — Back to Basics, Boyle’s Law / Lung Expansion Injuries : https://dan.org/alert-diver/article/back-to-basics/",2026-10-09,"QCM pertinent, modèle Anki historique conservé",366597628050a6cc83b028e787ddce398ac83d7a2ba914e7fb89ade7f709e9f0
n2-barotraumatismes-faible-profondeur-001,P245,1,REVISE,CREDIBILITY : retirer le seuil inventé et le non lié à la piscine ; expliciter la variation relative.,2,La pression hydrostatique augmente surtout pendant les derniers mètres de remontée,Confondre forte variation relative et augmentation de pression.,"La pression baisse à la remontée, ce qui fait dilater le gaz.","ISOLATION/CREDIBILITY/LENGTH/WHY/SENSE : question, chaque choix et corrigé relus ; contexte et clé unique vérifiés.","DAN — Ears and Diving, Injuries, sections Middle-Ear Barotrauma et Alternobaric Vertigo : https://dan.org/health-medicine/health-resource/dive-medical-reference-books/ears-diving/ear-injuries/ ; DAN — Sinus Barotrauma, Anatomy / Mechanisms / Manifestations : https://dan.org/health-medicine/health-resources/diseases-conditions/sinus-barotrauma/ ; DAN — Back to Basics, Boyle’s Law / Lung Expansion Injuries : https://dan.org/alert-diver/article/back-to-basics/",2026-10-09,"QCM pertinent, modèle Anki historique conservé",366597628050a6cc83b028e787ddce398ac83d7a2ba914e7fb89ade7f709e9f0
n2-barotraumatismes-signes-respiratoires-001,P249,1,REVISE,SENSE/LENGTH : définir la portée des paliers et développer OPI ; conserver les deux confusions déjà proches.,1,"Ils préviennent les lésions par expansion de gaz, sans exclure un œdème pulmonaire d’immersion",Transférer les paliers à une autre lésion liée à la remontée.,"L’évacuation du gaz pulmonaire dépend des voies aériennes, pas des paliers.","ISOLATION/CREDIBILITY/LENGTH/WHY/SENSE : question, chaque choix et corrigé relus ; contexte et clé unique vérifiés.","DAN — Ears and Diving, Injuries, sections Middle-Ear Barotrauma et Alternobaric Vertigo : https://dan.org/health-medicine/health-resource/dive-medical-reference-books/ears-diving/ear-injuries/ ; DAN — Sinus Barotrauma, Anatomy / Mechanisms / Manifestations : https://dan.org/health-medicine/health-resources/diseases-conditions/sinus-barotrauma/ ; DAN — Back to Basics, Boyle’s Law / Lung Expansion Injuries : https://dan.org/alert-diver/article/back-to-basics/ ; FFESSM CMPN — CAT accident de plongée bouteille ou recycleur, page du 2021-03-10, SECOURIR / OXYGENER / SURVEILLER : https://medical.ffessm.fr/cat-accident-de-plongee-bouteille-ou-recycleur",2026-10-09,"QCM pertinent, modèle Anki historique conservé",d5b337078a3bb0eab8f7c39772506b249543c09347131f6c0d85dbb574a6fe91
n2-barotraumatismes-signes-respiratoires-001,P249,1,REVISE,SENSE/LENGTH : définir la portée des paliers et développer OPI ; conserver les deux confusions déjà proches.,2,"Ils préviennent l’œdème pulmonaire d’immersion, sans exclure les lésions par expansion de gaz",Confondre deux mécanismes pulmonaires avec la désaturation.,Un OPI n’est pas prévenu par l’accomplissement des paliers.,"ISOLATION/CREDIBILITY/LENGTH/WHY/SENSE : question, chaque choix et corrigé relus ; contexte et clé unique vérifiés.","DAN — Ears and Diving, Injuries, sections Middle-Ear Barotrauma et Alternobaric Vertigo : https://dan.org/health-medicine/health-resource/dive-medical-reference-books/ears-diving/ear-injuries/ ; DAN — Sinus Barotrauma, Anatomy / Mechanisms / Manifestations : https://dan.org/health-medicine/health-resources/diseases-conditions/sinus-barotrauma/ ; DAN — Back to Basics, Boyle’s Law / Lung Expansion Injuries : https://dan.org/alert-diver/article/back-to-basics/ ; FFESSM CMPN — CAT accident de plongée bouteille ou recycleur, page du 2021-03-10, SECOURIR / OXYGENER / SURVEILLER : https://medical.ffessm.fr/cat-accident-de-plongee-bouteille-ou-recycleur",2026-10-09,"QCM pertinent, modèle Anki historique conservé",d5b337078a3bb0eab8f7c39772506b249543c09347131f6c0d85dbb574a6fe91
n2-barotraumatismes-signes-neurologiques-001,P250,1,REVISE,CREDIBILITY : deux faux critères médicaux proches au lieu de la fatigue musculaire évidemment rassurante.,1,Des signes neurologiques doivent être précédés d’une plainte thoracique,Imaginer une séquence obligatoire du poumon vers le cerveau.,Une plainte thoracique ne précède pas obligatoirement les signes neurologiques.,"ISOLATION/CREDIBILITY/LENGTH/WHY/SENSE : question, chaque choix et corrigé relus ; contexte et clé unique vérifiés.","DAN — Ears and Diving, Injuries, sections Middle-Ear Barotrauma et Alternobaric Vertigo : https://dan.org/health-medicine/health-resource/dive-medical-reference-books/ears-diving/ear-injuries/ ; DAN — Sinus Barotrauma, Anatomy / Mechanisms / Manifestations : https://dan.org/health-medicine/health-resources/diseases-conditions/sinus-barotrauma/ ; DAN — Back to Basics, Boyle’s Law / Lung Expansion Injuries : https://dan.org/alert-diver/article/back-to-basics/ ; FFESSM CMPN — CAT accident de plongée bouteille ou recycleur, page du 2021-03-10, SECOURIR / OXYGENER / SURVEILLER : https://medical.ffessm.fr/cat-accident-de-plongee-bouteille-ou-recycleur",2026-10-09,"QCM pertinent, modèle Anki historique conservé",81b8091b9eebce3cb4ebd19c435d2de88319b2e6cc2b75213b18012a6f128df1
n2-barotraumatismes-signes-neurologiques-001,P250,1,REVISE,CREDIBILITY : deux faux critères médicaux proches au lieu de la fatigue musculaire évidemment rassurante.,2,Des signes neurologiques doivent être associés à des crachats sanglants,Utiliser l’hémoptysie comme condition de l’embolie.,Des crachats sanglants ne sont pas nécessaires à l’atteinte artérielle.,"ISOLATION/CREDIBILITY/LENGTH/WHY/SENSE : question, chaque choix et corrigé relus ; contexte et clé unique vérifiés.","DAN — Ears and Diving, Injuries, sections Middle-Ear Barotrauma et Alternobaric Vertigo : https://dan.org/health-medicine/health-resource/dive-medical-reference-books/ears-diving/ear-injuries/ ; DAN — Sinus Barotrauma, Anatomy / Mechanisms / Manifestations : https://dan.org/health-medicine/health-resources/diseases-conditions/sinus-barotrauma/ ; DAN — Back to Basics, Boyle’s Law / Lung Expansion Injuries : https://dan.org/alert-diver/article/back-to-basics/ ; FFESSM CMPN — CAT accident de plongée bouteille ou recycleur, page du 2021-03-10, SECOURIR / OXYGENER / SURVEILLER : https://medical.ffessm.fr/cat-accident-de-plongee-bouteille-ou-recycleur",2026-10-09,"QCM pertinent, modèle Anki historique conservé",81b8091b9eebce3cb4ebd19c435d2de88319b2e6cc2b75213b18012a6f128df1
n2-barotraumatismes-alerte-oxygene-001,P252,1,REVISE,"CREDIBILITY : alerte commune à tous les choix, distinction normobare/hyperbare/air.",1,Alerte des secours et oxygène après réimmersion assistée à faible profondeur,Confondre recompression en caisson et réimmersion avec oxygène.,La réimmersion n’est pas la prise en charge initiale préconisée.,"ISOLATION/CREDIBILITY/LENGTH/WHY/SENSE : question, chaque choix et corrigé relus ; contexte et clé unique vérifiés.","DAN — Ears and Diving, Injuries, sections Middle-Ear Barotrauma et Alternobaric Vertigo : https://dan.org/health-medicine/health-resource/dive-medical-reference-books/ears-diving/ear-injuries/ ; DAN — Sinus Barotrauma, Anatomy / Mechanisms / Manifestations : https://dan.org/health-medicine/health-resources/diseases-conditions/sinus-barotrauma/ ; DAN — Back to Basics, Boyle’s Law / Lung Expansion Injuries : https://dan.org/alert-diver/article/back-to-basics/ ; FFESSM CMPN — CAT accident de plongée bouteille ou recycleur, page du 2021-03-10, SECOURIR / OXYGENER / SURVEILLER : https://medical.ffessm.fr/cat-accident-de-plongee-bouteille-ou-recycleur",2026-10-09,"QCM pertinent, modèle Anki historique conservé",bd7b291aa60c0741c5d2e1b164245cd88fe204d8f97117fa6e3e663e721870f6
n2-barotraumatismes-alerte-oxygene-001,P252,1,REVISE,"CREDIBILITY : alerte commune à tous les choix, distinction normobare/hyperbare/air.",2,Alerte des secours et air au masque en attendant l’accès au caisson,Confondre apport de gaz respirable et oxygénothérapie.,L’air au masque n’est pas l’oxygène initial recommandé.,"ISOLATION/CREDIBILITY/LENGTH/WHY/SENSE : question, chaque choix et corrigé relus ; contexte et clé unique vérifiés.","DAN — Ears and Diving, Injuries, sections Middle-Ear Barotrauma et Alternobaric Vertigo : https://dan.org/health-medicine/health-resource/dive-medical-reference-books/ears-diving/ear-injuries/ ; DAN — Sinus Barotrauma, Anatomy / Mechanisms / Manifestations : https://dan.org/health-medicine/health-resources/diseases-conditions/sinus-barotrauma/ ; DAN — Back to Basics, Boyle’s Law / Lung Expansion Injuries : https://dan.org/alert-diver/article/back-to-basics/ ; FFESSM CMPN — CAT accident de plongée bouteille ou recycleur, page du 2021-03-10, SECOURIR / OXYGENER / SURVEILLER : https://medical.ffessm.fr/cat-accident-de-plongee-bouteille-ou-recycleur",2026-10-09,"QCM pertinent, modèle Anki historique conservé",bd7b291aa60c0741c5d2e1b164245cd88fe204d8f97117fa6e3e663e721870f6
n2-barotraumatismes-amelioration-symptomes-001,P252,1,REVISE,"CREDIBILITY/LENGTH : deux protocoles partiellement corrects, sans simple abandon de prise en charge.",1,Arrêter l’oxygène et signaler l’amélioration en maintenant la prise en charge urgente,Assimiler disparition des signes et fin du besoin d’oxygène.,Poursuivre l’oxygène jusqu’au relais malgré l’amélioration.,"ISOLATION/CREDIBILITY/LENGTH/WHY/SENSE : question, chaque choix et corrigé relus ; contexte et clé unique vérifiés.","DAN — Ears and Diving, Injuries, sections Middle-Ear Barotrauma et Alternobaric Vertigo : https://dan.org/health-medicine/health-resource/dive-medical-reference-books/ears-diving/ear-injuries/ ; DAN — Sinus Barotrauma, Anatomy / Mechanisms / Manifestations : https://dan.org/health-medicine/health-resources/diseases-conditions/sinus-barotrauma/ ; DAN — Back to Basics, Boyle’s Law / Lung Expansion Injuries : https://dan.org/alert-diver/article/back-to-basics/ ; FFESSM CMPN — CAT accident de plongée bouteille ou recycleur, page du 2021-03-10, SECOURIR / OXYGENER / SURVEILLER : https://medical.ffessm.fr/cat-accident-de-plongee-bouteille-ou-recycleur",2026-10-09,"QCM pertinent, modèle Anki historique conservé",282a4388c8ba6851b9cdb995a75b14e363892753bf4a69ed6d3d2c53befcce07
n2-barotraumatismes-amelioration-symptomes-001,P252,1,REVISE,"CREDIBILITY/LENGTH : deux protocoles partiellement corrects, sans simple abandon de prise en charge.",2,Continuer l’oxygène et signaler l’amélioration en remplaçant l’urgence par un rendez-vous,Conserver le traitement mais déclasser l’urgence.,L’amélioration ne permet pas de remplacer l’évaluation urgente par un rendez-vous.,"ISOLATION/CREDIBILITY/LENGTH/WHY/SENSE : question, chaque choix et corrigé relus ; contexte et clé unique vérifiés.","DAN — Ears and Diving, Injuries, sections Middle-Ear Barotrauma et Alternobaric Vertigo : https://dan.org/health-medicine/health-resource/dive-medical-reference-books/ears-diving/ear-injuries/ ; DAN — Sinus Barotrauma, Anatomy / Mechanisms / Manifestations : https://dan.org/health-medicine/health-resources/diseases-conditions/sinus-barotrauma/ ; DAN — Back to Basics, Boyle’s Law / Lung Expansion Injuries : https://dan.org/alert-diver/article/back-to-basics/ ; FFESSM CMPN — CAT accident de plongée bouteille ou recycleur, page du 2021-03-10, SECOURIR / OXYGENER / SURVEILLER : https://medical.ffessm.fr/cat-accident-de-plongee-bouteille-ou-recycleur",2026-10-09,"QCM pertinent, modèle Anki historique conservé",282a4388c8ba6851b9cdb995a75b14e363892753bf4a69ed6d3d2c53befcce07
n2-barotraumatismes-victime-non-respirante-001,P252,1,REVISE,"ISOLATION : alerte déjà effectuée ; discriminer selon la respiration, préciser le défibrillateur.",1,Position latérale de sécurité et oxygène au masque avec surveillance de la respiration,Appliquer la prise en charge d’un inconscient qui respire.,La respiration n’est pas normale : la PLS ne remplace pas la réanimation.,"ISOLATION/CREDIBILITY/LENGTH/WHY/SENSE : question, chaque choix et corrigé relus ; contexte et clé unique vérifiés.","DAN — Ears and Diving, Injuries, sections Middle-Ear Barotrauma et Alternobaric Vertigo : https://dan.org/health-medicine/health-resource/dive-medical-reference-books/ears-diving/ear-injuries/ ; DAN — Sinus Barotrauma, Anatomy / Mechanisms / Manifestations : https://dan.org/health-medicine/health-resources/diseases-conditions/sinus-barotrauma/ ; DAN — Back to Basics, Boyle’s Law / Lung Expansion Injuries : https://dan.org/alert-diver/article/back-to-basics/ ; FFESSM CMPN — CAT accident de plongée bouteille ou recycleur, page du 2021-03-10, SECOURIR / OXYGENER / SURVEILLER : https://medical.ffessm.fr/cat-accident-de-plongee-bouteille-ou-recycleur ; Resuscitation Council UK, Adult Basic Life Support Guidelines 2025, abnormal breathing / CPR / AED : https://www.resus.org.uk/professional-library/2025-resuscitation-guidelines/adult-basic-life-support-guidelines",2026-10-09,"QCM pertinent, modèle Anki historique conservé",c3ff92b7d2c2003ec562fe4765a7298a7f51b06f2acd4520d3e560710eecf664
n2-barotraumatismes-victime-non-respirante-001,P252,1,REVISE,"ISOLATION : alerte déjà effectuée ; discriminer selon la respiration, préciser le défibrillateur.",2,Oxygène au masque à haute concentration et attente de la reprise de respiration,Confondre concentration d’oxygène et ventilation effective.,L’oxygène au masque n’entre pas dans les poumons sans ventilation.,"ISOLATION/CREDIBILITY/LENGTH/WHY/SENSE : question, chaque choix et corrigé relus ; contexte et clé unique vérifiés.","DAN — Ears and Diving, Injuries, sections Middle-Ear Barotrauma et Alternobaric Vertigo : https://dan.org/health-medicine/health-resource/dive-medical-reference-books/ears-diving/ear-injuries/ ; DAN — Sinus Barotrauma, Anatomy / Mechanisms / Manifestations : https://dan.org/health-medicine/health-resources/diseases-conditions/sinus-barotrauma/ ; DAN — Back to Basics, Boyle’s Law / Lung Expansion Injuries : https://dan.org/alert-diver/article/back-to-basics/ ; FFESSM CMPN — CAT accident de plongée bouteille ou recycleur, page du 2021-03-10, SECOURIR / OXYGENER / SURVEILLER : https://medical.ffessm.fr/cat-accident-de-plongee-bouteille-ou-recycleur ; Resuscitation Council UK, Adult Basic Life Support Guidelines 2025, abnormal breathing / CPR / AED : https://www.resus.org.uk/professional-library/2025-resuscitation-guidelines/adult-basic-life-support-guidelines",2026-10-09,"QCM pertinent, modèle Anki historique conservé",c3ff92b7d2c2003ec562fe4765a7298a7f51b06f2acd4520d3e560710eecf664
n2-essoufflement-profondeur-001,P261,1,REVISE,CREDIBILITY : deux confusions fraction/pression partielle plutôt que la densité qui diminue.,1,Sa fraction d’oxygène diminue et impose davantage de ventilation,Confondre composition et compression du gaz.,La fraction d’oxygène ne baisse pas lorsque la composition est inchangée.,"ISOLATION/CREDIBILITY/LENGTH/WHY/SENSE : question, chaque choix et corrigé relus ; contexte et clé unique vérifiés.","DAN World — Your Lungs and Diving, Increased Dead Space / Gas Density / Carbon Dioxide Retention : https://world.dan.org/alert-diver/article/your-lungs-and-diving/ ; BSAC — Safe diving guide, Carbon dioxide : https://www.bsac.com/safety/safe-diving-guide/gas/ ; DAN — Breathing Gas Contamination, Signs and Symptoms : https://dan.org/safety-prevention/diver-safety/psa/breathing-gas-contamination/",2026-10-09,"QCM pertinent, modèle Anki historique conservé",2afe0ea590aa8a7ef1e47dc5ff1e8ad314a9300358433db7899681b167ee40f1
n2-essoufflement-profondeur-001,P261,1,REVISE,CREDIBILITY : deux confusions fraction/pression partielle plutôt que la densité qui diminue.,2,Sa pression partielle d’oxygène diminue et impose davantage de ventilation,Confondre profondeur et altitude pour la pression d’oxygène.,"À composition constante, la pression partielle d’oxygène augmente avec la pression absolue.","ISOLATION/CREDIBILITY/LENGTH/WHY/SENSE : question, chaque choix et corrigé relus ; contexte et clé unique vérifiés.","DAN World — Your Lungs and Diving, Increased Dead Space / Gas Density / Carbon Dioxide Retention : https://world.dan.org/alert-diver/article/your-lungs-and-diving/ ; BSAC — Safe diving guide, Carbon dioxide : https://www.bsac.com/safety/safe-diving-guide/gas/ ; DAN — Breathing Gas Contamination, Signs and Symptoms : https://dan.org/safety-prevention/diver-safety/psa/breathing-gas-contamination/",2026-10-09,"QCM pertinent, modèle Anki historique conservé",2afe0ea590aa8a7ef1e47dc5ff1e8ad314a9300358433db7899681b167ee40f1
n2-essoufflement-co2-001,P262,1,REVISE,CREDIBILITY/WHY : seconde critique remplace les affirmations contradictoires avec le recto par deux calculs concurrents de ventilation ; objectif espace mort/respiration superficielle conservé.,1,"7,5 L/min et 7,5 L/min",Confondre débit total et débit alvéolaire.,"Ignorer l’espace mort donne 250×30 = 500×15 = 7,5 L/min ; il faut retrancher 150 mL à chaque inspiration.","ISOLATION/CREDIBILITY/LENGTH/WHY/SENSE : question, chaque choix et corrigé relus ; contexte et clé unique vérifiés.","DAN World — Your Lungs and Diving, Increased Dead Space / Gas Density / Carbon Dioxide Retention : https://world.dan.org/alert-diver/article/your-lungs-and-diving/ ; BSAC — Safe diving guide, Carbon dioxide : https://www.bsac.com/safety/safe-diving-guide/gas/ ; DAN — Breathing Gas Contamination, Signs and Symptoms : https://dan.org/safety-prevention/diver-safety/psa/breathing-gas-contamination/",2026-10-09,"QCM pertinent, modèle Anki historique conservé",c9131ab56b69b259fd002450ed06d013579771d8d103c5964e81d94912609aff
n2-essoufflement-co2-001,P262,1,REVISE,CREDIBILITY/WHY : seconde critique remplace les affirmations contradictoires avec le recto par deux calculs concurrents de ventilation ; objectif espace mort/respiration superficielle conservé.,2,"5,25 L/min et 3 L/min",Inverser l’efficacité des grandes et petites inspirations à débit total identique.,"Il y a 30 ventilations d’espace mort par minute pour les petites inspirations, contre 15 pour les grandes : 3 puis 5,25 L/min.","ISOLATION/CREDIBILITY/LENGTH/WHY/SENSE : question, chaque choix et corrigé relus ; contexte et clé unique vérifiés.","DAN World — Your Lungs and Diving, Increased Dead Space / Gas Density / Carbon Dioxide Retention : https://world.dan.org/alert-diver/article/your-lungs-and-diving/ ; BSAC — Safe diving guide, Carbon dioxide : https://www.bsac.com/safety/safe-diving-guide/gas/ ; DAN — Breathing Gas Contamination, Signs and Symptoms : https://dan.org/safety-prevention/diver-safety/psa/breathing-gas-contamination/",2026-10-09,"QCM pertinent, modèle Anki historique conservé",c9131ab56b69b259fd002450ed06d013579771d8d103c5964e81d94912609aff
n2-essoufflement-effort-001,P263,1,REVISE,CREDIBILITY : distinguer origine corporelle et gaz inspiré sans fausse garantie de fréquence respiratoire.,1,"Le CO₂ est moins produit par les muscles, mais sa pression partielle augmente avec le palmage à profondeur égale",Confondre effet de profondeur et effet d’effort sur le CO₂.,"À profondeur égale, le palmage accroît la production métabolique ; il ne compresse pas le gaz inspiré.","ISOLATION/CREDIBILITY/LENGTH/WHY/SENSE : question, chaque choix et corrigé relus ; contexte et clé unique vérifiés.","DAN World — Your Lungs and Diving, Increased Dead Space / Gas Density / Carbon Dioxide Retention : https://world.dan.org/alert-diver/article/your-lungs-and-diving/ ; BSAC — Safe diving guide, Carbon dioxide : https://www.bsac.com/safety/safe-diving-guide/gas/ ; DAN — Breathing Gas Contamination, Signs and Symptoms : https://dan.org/safety-prevention/diver-safety/psa/breathing-gas-contamination/",2026-10-09,"QCM pertinent, modèle Anki historique conservé",2fe645ab1e1e105d73c84e4b6ce55c762db400bd97047f0e534a00743fc87570
n2-essoufflement-effort-001,P263,1,REVISE,CREDIBILITY : distinguer origine corporelle et gaz inspiré sans fausse garantie de fréquence respiratoire.,2,"Le CO₂ est davantage produit par les muscles, mais la ventilation totale suffit à assurer son élimination",Retenir la production accrue mais assimiler ventilation totale et élimination suffisante.,Le recto précise que la ventilation ne suit plus ; son existence ne garantit pas une élimination suffisante.,"ISOLATION/CREDIBILITY/LENGTH/WHY/SENSE : question, chaque choix et corrigé relus ; contexte et clé unique vérifiés.","DAN World — Your Lungs and Diving, Increased Dead Space / Gas Density / Carbon Dioxide Retention : https://world.dan.org/alert-diver/article/your-lungs-and-diving/ ; BSAC — Safe diving guide, Carbon dioxide : https://www.bsac.com/safety/safe-diving-guide/gas/ ; DAN — Breathing Gas Contamination, Signs and Symptoms : https://dan.org/safety-prevention/diver-safety/psa/breathing-gas-contamination/",2026-10-09,"QCM pertinent, modèle Anki historique conservé",2fe645ab1e1e105d73c84e4b6ce55c762db400bd97047f0e534a00743fc87570
n2-essoufflement-air-pollue-001,P267,1,REVISE,"ISOLATION/WHY : nommer le contaminant inodore et l’indice commun, sans conclure au diagnostic.",1,Le monoxyde de carbone nécessite une odeur huileuse perceptible dans le gaz,Assimiler CO et contamination huileuse parfois odorante.,Le CO est inodore.,"ISOLATION/CREDIBILITY/LENGTH/WHY/SENSE : question, chaque choix et corrigé relus ; contexte et clé unique vérifiés.","DAN World — Your Lungs and Diving, Increased Dead Space / Gas Density / Carbon Dioxide Retention : https://world.dan.org/alert-diver/article/your-lungs-and-diving/ ; BSAC — Safe diving guide, Carbon dioxide : https://www.bsac.com/safety/safe-diving-guide/gas/ ; DAN — Breathing Gas Contamination, Signs and Symptoms : https://dan.org/safety-prevention/diver-safety/psa/breathing-gas-contamination/",2026-10-09,"QCM pertinent, modèle Anki historique conservé",6a7f4d9fd349c988c459d4cb3d251897a847b08786134b667ba4b46ddfbd2793
n2-essoufflement-air-pollue-001,P267,1,REVISE,"ISOLATION/WHY : nommer le contaminant inodore et l’indice commun, sans conclure au diagnostic.",2,Le monoxyde de carbone nécessite une pression de gonflage anormalement élevée,Confondre contrôle de pression et analyse de qualité.,La pression normale ne mesure pas la teneur en CO.,"ISOLATION/CREDIBILITY/LENGTH/WHY/SENSE : question, chaque choix et corrigé relus ; contexte et clé unique vérifiés.","DAN World — Your Lungs and Diving, Increased Dead Space / Gas Density / Carbon Dioxide Retention : https://world.dan.org/alert-diver/article/your-lungs-and-diving/ ; BSAC — Safe diving guide, Carbon dioxide : https://www.bsac.com/safety/safe-diving-guide/gas/ ; DAN — Breathing Gas Contamination, Signs and Symptoms : https://dan.org/safety-prevention/diver-safety/psa/breathing-gas-contamination/",2026-10-09,"QCM pertinent, modèle Anki historique conservé",6a7f4d9fd349c988c459d4cb3d251897a847b08786134b667ba4b46ddfbd2793
n2-essoufflement-signes-001,P268,1,REVISE,"CREDIBILITY : trois tableaux en immersion, remplacer les signes survenus seulement après la sortie.",1,"Respiration régulière, euphorie inhabituelle et répétition d’une manipulation",Confondre deux altérations susceptibles de survenir en profondeur.,"Le tableau porte surtout sur le jugement, pas sur une respiration haletante.","ISOLATION/CREDIBILITY/LENGTH/WHY/SENSE : question, chaque choix et corrigé relus ; contexte et clé unique vérifiés.","DAN World — Your Lungs and Diving, Increased Dead Space / Gas Density / Carbon Dioxide Retention : https://world.dan.org/alert-diver/article/your-lungs-and-diving/ ; BSAC — Safe diving guide, Carbon dioxide : https://www.bsac.com/safety/safe-diving-guide/gas/ ; DAN — Breathing Gas Contamination, Signs and Symptoms : https://dan.org/safety-prevention/diver-safety/psa/breathing-gas-contamination/",2026-10-09,"QCM pertinent, modèle Anki historique conservé",db83c9ae88ba5210b31ed160551df5e61c7e7e78dac3328a6565f17691b9a5fa
n2-essoufflement-signes-001,P268,1,REVISE,"CREDIBILITY : trois tableaux en immersion, remplacer les signes survenus seulement après la sortie.",2,"Respiration régulière, vertige rotatoire et sensation d’oreille bouchée",Confondre malaise auriculaire et difficulté ventilatoire.,Le tableau est vestibulaire sans gêne respiratoire décrite.,"ISOLATION/CREDIBILITY/LENGTH/WHY/SENSE : question, chaque choix et corrigé relus ; contexte et clé unique vérifiés.","DAN World — Your Lungs and Diving, Increased Dead Space / Gas Density / Carbon Dioxide Retention : https://world.dan.org/alert-diver/article/your-lungs-and-diving/ ; BSAC — Safe diving guide, Carbon dioxide : https://www.bsac.com/safety/safe-diving-guide/gas/ ; DAN — Breathing Gas Contamination, Signs and Symptoms : https://dan.org/safety-prevention/diver-safety/psa/breathing-gas-contamination/",2026-10-09,"QCM pertinent, modèle Anki historique conservé",db83c9ae88ba5210b31ed160551df5e61c7e7e78dac3328a6565f17691b9a5fa
n2-essoufflement-panique-001,P270,1,REVISE,CREDIBILITY : conserver le risque lié au retrait sans opposer aide et fuite volontaire.,1,Il augmente la fraction d’oxygène disponible en diminuant la résistance du gaz,Transférer une réduction supposée de résistance à une amélioration de l’oxygène.,"Sans détendeur, il n’y a plus de source respirable ; la fraction d’oxygène n’augmente pas.","ISOLATION/CREDIBILITY/LENGTH/WHY/SENSE : question, chaque choix et corrigé relus ; contexte et clé unique vérifiés.","DAN World — Your Lungs and Diving, Increased Dead Space / Gas Density / Carbon Dioxide Retention : https://world.dan.org/alert-diver/article/your-lungs-and-diving/ ; BSAC — Safe diving guide, Carbon dioxide : https://www.bsac.com/safety/safe-diving-guide/gas/ ; DAN — Breathing Gas Contamination, Signs and Symptoms : https://dan.org/safety-prevention/diver-safety/psa/breathing-gas-contamination/",2026-10-09,"QCM pertinent, modèle Anki historique conservé",c470c90c66a3fabad47bdd3a4154db6db86ed663cdf28f1674be76e0dd20e670
n2-essoufflement-panique-001,P270,1,REVISE,CREDIBILITY : conserver le risque lié au retrait sans opposer aide et fuite volontaire.,2,Il diminue la pression ambiante des alvéoles en supprimant la résistance du détendeur,Confondre résistance d’écoulement et pression ambiante.,"À profondeur identique, retirer le détendeur ne fait pas baisser la pression ambiante.","ISOLATION/CREDIBILITY/LENGTH/WHY/SENSE : question, chaque choix et corrigé relus ; contexte et clé unique vérifiés.","DAN World — Your Lungs and Diving, Increased Dead Space / Gas Density / Carbon Dioxide Retention : https://world.dan.org/alert-diver/article/your-lungs-and-diving/ ; BSAC — Safe diving guide, Carbon dioxide : https://www.bsac.com/safety/safe-diving-guide/gas/ ; DAN — Breathing Gas Contamination, Signs and Symptoms : https://dan.org/safety-prevention/diver-safety/psa/breathing-gas-contamination/",2026-10-09,"QCM pertinent, modèle Anki historique conservé",c470c90c66a3fabad47bdd3a4154db6db86ed663cdf28f1674be76e0dd20e670
n2-essoufflement-premiers-signes-001,P272,1,REVISE,ISOLATION/CREDIBILITY : préciser matériel et gaz disponibles ; signalement présent dans tous les choix.,1,"Signaler, poursuivre le palmage et se concentrer sur une expiration plus lente",Retenir le travail expiratoire mais négliger l’effort déclencheur.,Maintenir le palmage maintient la production de CO₂ et la demande de ventilation.,"ISOLATION/CREDIBILITY/LENGTH/WHY/SENSE : question, chaque choix et corrigé relus ; contexte et clé unique vérifiés.","DAN World — Your Lungs and Diving, Increased Dead Space / Gas Density / Carbon Dioxide Retention : https://world.dan.org/alert-diver/article/your-lungs-and-diving/ ; BSAC — Safe diving guide, Carbon dioxide : https://www.bsac.com/safety/safe-diving-guide/gas/ ; DAN — Breathing Gas Contamination, Signs and Symptoms : https://dan.org/safety-prevention/diver-safety/psa/breathing-gas-contamination/",2026-10-09,"QCM pertinent, modèle Anki historique conservé",1aef3df51d1443b1950a7d5e1a0a33c3fc7cc4be2c8beda84603204d80fb44b7
n2-essoufflement-premiers-signes-001,P272,1,REVISE,ISOLATION/CREDIBILITY : préciser matériel et gaz disponibles ; signalement présent dans tous les choix.,2,"Signaler, poursuivre le palmage et passer sur le détendeur de secours",Appliquer le changement de source à toute difficulté respiratoire.,Le cas précise une source fonctionnelle ; maintenir l’effort laisse le déclencheur présent.,"ISOLATION/CREDIBILITY/LENGTH/WHY/SENSE : question, chaque choix et corrigé relus ; contexte et clé unique vérifiés.","DAN World — Your Lungs and Diving, Increased Dead Space / Gas Density / Carbon Dioxide Retention : https://world.dan.org/alert-diver/article/your-lungs-and-diving/ ; BSAC — Safe diving guide, Carbon dioxide : https://www.bsac.com/safety/safe-diving-guide/gas/ ; DAN — Breathing Gas Contamination, Signs and Symptoms : https://dan.org/safety-prevention/diver-safety/psa/breathing-gas-contamination/",2026-10-09,"QCM pertinent, modèle Anki historique conservé",1aef3df51d1443b1950a7d5e1a0a33c3fc7cc4be2c8beda84603204d80fb44b7
n2-essoufflement-assistance-001,P274,1,REVISE,CREDIBILITY : assistance dans chaque choix ; erreurs distinctes vitesse/protocole et palier/sécurité.,1,L’assistant prend en charge l’effort et applique la vitesse des tables à la place de l’ordinateur,Transférer une convention de tables à une plongée gérée à l’ordinateur.,La vitesse de référence est celle de l’ordinateur utilisé.,"ISOLATION/CREDIBILITY/LENGTH/WHY/SENSE : question, chaque choix et corrigé relus ; contexte et clé unique vérifiés.","DAN World — Your Lungs and Diving, Increased Dead Space / Gas Density / Carbon Dioxide Retention : https://world.dan.org/alert-diver/article/your-lungs-and-diving/ ; BSAC — Safe diving guide, Carbon dioxide : https://www.bsac.com/safety/safe-diving-guide/gas/ ; DAN — Breathing Gas Contamination, Signs and Symptoms : https://dan.org/safety-prevention/diver-safety/psa/breathing-gas-contamination/",2026-10-09,"QCM pertinent, modèle Anki historique conservé",40289fc1657b50b8ee0da188fd54bd23ea7939a6add8c09d337c923b494328d7
n2-essoufflement-assistance-001,P274,1,REVISE,CREDIBILITY : assistance dans chaque choix ; erreurs distinctes vitesse/protocole et palier/sécurité.,2,L’assistant prend en charge l’effort et transforme les paliers obligatoires en arrêt de sécurité,Confondre palier obligatoire et arrêt de sécurité.,Un palier obligatoire ne devient pas facultatif du fait de l’assistance.,"ISOLATION/CREDIBILITY/LENGTH/WHY/SENSE : question, chaque choix et corrigé relus ; contexte et clé unique vérifiés.","DAN World — Your Lungs and Diving, Increased Dead Space / Gas Density / Carbon Dioxide Retention : https://world.dan.org/alert-diver/article/your-lungs-and-diving/ ; BSAC — Safe diving guide, Carbon dioxide : https://www.bsac.com/safety/safe-diving-guide/gas/ ; DAN — Breathing Gas Contamination, Signs and Symptoms : https://dan.org/safety-prevention/diver-safety/psa/breathing-gas-contamination/",2026-10-09,"QCM pertinent, modèle Anki historique conservé",40289fc1657b50b8ee0da188fd54bd23ea7939a6add8c09d337c923b494328d7
n2-essoufflement-courant-001,P277,1,REVISE,CREDIBILITY : trois critères de décision plan/réserve/effort ; retirer le palmage accéléré caricatural.,1,"L’atteinte de la pression de réserve prévue, si la profondeur reste inchangée",Faire du manomètre le seul déclencheur de changement de trajet.,La limitation ventilatoire peut survenir avec un bloc encore bien rempli.,"ISOLATION/CREDIBILITY/LENGTH/WHY/SENSE : question, chaque choix et corrigé relus ; contexte et clé unique vérifiés.","DAN World — Your Lungs and Diving, Increased Dead Space / Gas Density / Carbon Dioxide Retention : https://world.dan.org/alert-diver/article/your-lungs-and-diving/ ; BSAC — Safe diving guide, Carbon dioxide : https://www.bsac.com/safety/safe-diving-guide/gas/ ; DAN — Breathing Gas Contamination, Signs and Symptoms : https://dan.org/safety-prevention/diver-safety/psa/breathing-gas-contamination/",2026-10-09,"QCM pertinent, modèle Anki historique conservé",53f558115afb612479d7c2d48abb161d92940841e4decec473cc99c01984b2e5
n2-essoufflement-courant-001,P277,1,REVISE,CREDIBILITY : trois critères de décision plan/réserve/effort ; retirer le palmage accéléré caricatural.,2,"L’atteinte du temps de demi-tour prévu, si la pression du bloc reste élevée",S’en tenir au planning malgré le changement de conditions.,L’effort réel peut imposer une adaptation avant le temps prévu.,"ISOLATION/CREDIBILITY/LENGTH/WHY/SENSE : question, chaque choix et corrigé relus ; contexte et clé unique vérifiés.","DAN World — Your Lungs and Diving, Increased Dead Space / Gas Density / Carbon Dioxide Retention : https://world.dan.org/alert-diver/article/your-lungs-and-diving/ ; BSAC — Safe diving guide, Carbon dioxide : https://www.bsac.com/safety/safe-diving-guide/gas/ ; DAN — Breathing Gas Contamination, Signs and Symptoms : https://dan.org/safety-prevention/diver-safety/psa/breathing-gas-contamination/",2026-10-09,"QCM pertinent, modèle Anki historique conservé",53f558115afb612479d7c2d48abb161d92940841e4decec473cc99c01984b2e5
n2-froid-bilan-thermique-001,P281,2,REVISE,CREDIBILITY : opposer les bilans eux-mêmes plutôt que des garanties absolues sur effort et vêtement.,1,Les pertes vers le milieu diminuent jusqu’à égaler la chaleur produite par l’organisme,Confondre présence des frissons et retour à un équilibre thermique.,Une égalité arrêterait la baisse dans le modèle de bilan.,"ISOLATION/CREDIBILITY/LENGTH/WHY/SENSE : question, chaque choix et corrigé relus ; contexte et clé unique vérifiés.","DAN — Exposure-Related Injuries, Hypothermia / Treatment / Prevention : https://dan.org/health-medicine/travelers-medical-guide/travel-related-injuries/exposure-related-injuries/ ; Assurance Maladie — Hypothermie, gestes utiles / signes de gravité : https://www.ameli.fr/assure/sante/themes/froid-pathologies-sante/hypothermie",2026-10-09,"QCM pertinent, modèle Anki historique conservé",d86ab4f9c13f99c0f925859be6aebb8d34bd2f89852e83cc5555d52cad22f2fe
n2-froid-bilan-thermique-001,P281,2,REVISE,CREDIBILITY : opposer les bilans eux-mêmes plutôt que des garanties absolues sur effort et vêtement.,2,Les pertes vers le milieu sont compensées par la chaleur produite par l’organisme,Supposer la compensation assurée dès qu’il y a activité.,La production peut rester inférieure aux pertes malgré cette activité.,"ISOLATION/CREDIBILITY/LENGTH/WHY/SENSE : question, chaque choix et corrigé relus ; contexte et clé unique vérifiés.","DAN — Exposure-Related Injuries, Hypothermia / Treatment / Prevention : https://dan.org/health-medicine/travelers-medical-guide/travel-related-injuries/exposure-related-injuries/ ; Assurance Maladie — Hypothermie, gestes utiles / signes de gravité : https://www.ameli.fr/assure/sante/themes/froid-pathologies-sante/hypothermie",2026-10-09,"QCM pertinent, modèle Anki historique conservé",d86ab4f9c13f99c0f925859be6aebb8d34bd2f89852e83cc5555d52cad22f2fe
n2-froid-signes-001,P283,2,REVISE,LENGTH/CREDIBILITY : aide dans chaque choix ; distinguer fin et poursuite adaptée.,1,L’aider à poursuivre la plongée en confiant ses manipulations à l’équipier,Confondre assistance et compensation durable de l’incapacité.,Déléguer les gestes ne traite pas l’exposition au froid.,"ISOLATION/CREDIBILITY/LENGTH/WHY/SENSE : question, chaque choix et corrigé relus ; contexte et clé unique vérifiés.","DAN — Exposure-Related Injuries, Hypothermia / Treatment / Prevention : https://dan.org/health-medicine/travelers-medical-guide/travel-related-injuries/exposure-related-injuries/ ; Assurance Maladie — Hypothermie, gestes utiles / signes de gravité : https://www.ameli.fr/assure/sante/themes/froid-pathologies-sante/hypothermie",2026-10-09,"QCM pertinent, modèle Anki historique conservé",b7fcf2624d9da60011a70b96c17f6409374690a63f2f6aa6474f00c95d8b61d1
n2-froid-signes-001,P283,2,REVISE,LENGTH/CREDIBILITY : aide dans chaque choix ; distinguer fin et poursuite adaptée.,2,L’aider à poursuivre la plongée à faible profondeur en réduisant les manipulations,Transférer à la faible profondeur la gestion d’un problème thermique.,Réduire la profondeur ne garantit pas un réchauffement ni la récupération des capacités.,"ISOLATION/CREDIBILITY/LENGTH/WHY/SENSE : question, chaque choix et corrigé relus ; contexte et clé unique vérifiés.","DAN — Exposure-Related Injuries, Hypothermia / Treatment / Prevention : https://dan.org/health-medicine/travelers-medical-guide/travel-related-injuries/exposure-related-injuries/ ; Assurance Maladie — Hypothermie, gestes utiles / signes de gravité : https://www.ameli.fr/assure/sante/themes/froid-pathologies-sante/hypothermie",2026-10-09,"QCM pertinent, modèle Anki historique conservé",b7fcf2624d9da60011a70b96c17f6409374690a63f2f6aa6474f00c95d8b61d1
n2-froid-fin-frissons-001,P286,2,REVISE,CREDIBILITY : trois interprétations thermiques ; retirer l’attribution à la narcose sans contexte de profondeur.,1,Un retour à l’équilibre thermique avec un retard de récupération de la vigilance,Prendre l’arrêt d’un symptôme pour un retour à l’équilibre.,"La confusion concomitante est un signe de gravité, pas de récupération.","ISOLATION/CREDIBILITY/LENGTH/WHY/SENSE : question, chaque choix et corrigé relus ; contexte et clé unique vérifiés.","DAN — Exposure-Related Injuries, Hypothermia / Treatment / Prevention : https://dan.org/health-medicine/travelers-medical-guide/travel-related-injuries/exposure-related-injuries/ ; Assurance Maladie — Hypothermie, gestes utiles / signes de gravité : https://www.ameli.fr/assure/sante/themes/froid-pathologies-sante/hypothermie",2026-10-09,"QCM pertinent, modèle Anki historique conservé",935b6f65bfb207b8c6374176ae4d1bec38444658acd2d50663f06789b7b1efaa
n2-froid-fin-frissons-001,P286,2,REVISE,CREDIBILITY : trois interprétations thermiques ; retirer l’attribution à la narcose sans contexte de profondeur.,2,Une stabilisation du refroidissement grâce à une production de chaleur sans frissons,Supposer un relais efficace de la production de chaleur.,La fin des frissons ne permet pas de conclure à une compensation thermique.,"ISOLATION/CREDIBILITY/LENGTH/WHY/SENSE : question, chaque choix et corrigé relus ; contexte et clé unique vérifiés.","DAN — Exposure-Related Injuries, Hypothermia / Treatment / Prevention : https://dan.org/health-medicine/travelers-medical-guide/travel-related-injuries/exposure-related-injuries/ ; Assurance Maladie — Hypothermie, gestes utiles / signes de gravité : https://www.ameli.fr/assure/sante/themes/froid-pathologies-sante/hypothermie",2026-10-09,"QCM pertinent, modèle Anki historique conservé",935b6f65bfb207b8c6374176ae4d1bec38444658acd2d50663f06789b7b1efaa
n2-froid-protection-001,P289,2,REVISE,CREDIBILITY : mécanisme d’ajustement plutôt que poids sec ou flottabilité indicateurs trop éloignés.,1,Elle augmente la pression de l’eau et comprime davantage le néoprène à même profondeur,Confondre volume d’eau et pression hydrostatique.,"À même profondeur, l’eau d’une combinaison ample n’exerce pas une pression supplémentaire due à son ampleur.","ISOLATION/CREDIBILITY/LENGTH/WHY/SENSE : question, chaque choix et corrigé relus ; contexte et clé unique vérifiés.","DAN — Exposure-Related Injuries, Hypothermia / Treatment / Prevention : https://dan.org/health-medicine/travelers-medical-guide/travel-related-injuries/exposure-related-injuries/ ; Assurance Maladie — Hypothermie, gestes utiles / signes de gravité : https://www.ameli.fr/assure/sante/themes/froid-pathologies-sante/hypothermie",2026-10-09,"QCM pertinent, modèle Anki historique conservé",d1b4a01796fe9332e05128bae9100d5828f61d88678827815655ca3dfc32673e
n2-froid-protection-001,P289,2,REVISE,CREDIBILITY : mécanisme d’ajustement plutôt que poids sec ou flottabilité indicateurs trop éloignés.,2,Elle refroidit parce que toute présence d’eau annule l’isolation du néoprène,Confondre combinaison humide et vêtement qui doit rester sec.,Le néoprène conserve un rôle isolant malgré l’entrée d’eau ; c’est son renouvellement qui accroît les pertes.,"ISOLATION/CREDIBILITY/LENGTH/WHY/SENSE : question, chaque choix et corrigé relus ; contexte et clé unique vérifiés.","DAN — Exposure-Related Injuries, Hypothermia / Treatment / Prevention : https://dan.org/health-medicine/travelers-medical-guide/travel-related-injuries/exposure-related-injuries/ ; Assurance Maladie — Hypothermie, gestes utiles / signes de gravité : https://www.ameli.fr/assure/sante/themes/froid-pathologies-sante/hypothermie",2026-10-09,"QCM pertinent, modèle Anki historique conservé",d1b4a01796fe9332e05128bae9100d5828f61d88678827815655ca3dfc32673e
n2-froid-fatigue-001,P291,2,REVISE,"CREDIBILITY : distinguer thermogenèse, isolant et transfert thermique ; retirer la compensation automatique par le repos.",1,L’isolation du néoprène dépend de l’énergie fournie par l’alimentation du plongeur,Attribuer au vêtement le déficit énergétique de la personne.,L’alimentation ne modifie pas l’isolation physique du néoprène.,"ISOLATION/CREDIBILITY/LENGTH/WHY/SENSE : question, chaque choix et corrigé relus ; contexte et clé unique vérifiés.","DAN — Exposure-Related Injuries, Hypothermia / Treatment / Prevention : https://dan.org/health-medicine/travelers-medical-guide/travel-related-injuries/exposure-related-injuries/ ; Assurance Maladie — Hypothermie, gestes utiles / signes de gravité : https://www.ameli.fr/assure/sante/themes/froid-pathologies-sante/hypothermie",2026-10-09,"QCM pertinent, modèle Anki historique conservé",ed384f756fcf3c1982a22fff2f2fe85d38bf8466cd0b3ac99ad3c312b44e4f23
n2-froid-fatigue-001,P291,2,REVISE,"CREDIBILITY : distinguer thermogenèse, isolant et transfert thermique ; retirer la compensation automatique par le repos.",2,La température de l’eau emprisonnée reste égale à celle du corps sans dépense d’énergie,Supposer le réchauffement de l’eau gratuit et permanent.,"L’eau est réchauffée par le corps, qui doit compenser cette perte d’énergie.","ISOLATION/CREDIBILITY/LENGTH/WHY/SENSE : question, chaque choix et corrigé relus ; contexte et clé unique vérifiés.","DAN — Exposure-Related Injuries, Hypothermia / Treatment / Prevention : https://dan.org/health-medicine/travelers-medical-guide/travel-related-injuries/exposure-related-injuries/ ; Assurance Maladie — Hypothermie, gestes utiles / signes de gravité : https://www.ameli.fr/assure/sante/themes/froid-pathologies-sante/hypothermie",2026-10-09,"QCM pertinent, modèle Anki historique conservé",ed384f756fcf3c1982a22fff2f2fe85d38bf8466cd0b3ac99ad3c312b44e4f23
n2-froid-interactions-001,P292,2,REVISE,"LENGTH : alternatives de structure identique, aucune clé seule complète.",1,Une baisse des besoins ventilatoires avec une dégradation des gestes et du jugement,Associer refroidissement et ralentissement métabolique dès la phase de lutte.,"La lutte contre le froid peut augmenter les besoins, plutôt que les réduire.","ISOLATION/CREDIBILITY/LENGTH/WHY/SENSE : question, chaque choix et corrigé relus ; contexte et clé unique vérifiés.","DAN — Exposure-Related Injuries, Hypothermia / Treatment / Prevention : https://dan.org/health-medicine/travelers-medical-guide/travel-related-injuries/exposure-related-injuries/ ; Assurance Maladie — Hypothermie, gestes utiles / signes de gravité : https://www.ameli.fr/assure/sante/themes/froid-pathologies-sante/hypothermie",2026-10-09,"QCM pertinent, modèle Anki historique conservé",cb60de74fa4b4d8555f2f4b13b1bb5635cefa6cbc2f8475f9dae2edfcdab1d71
n2-froid-interactions-001,P292,2,REVISE,"LENGTH : alternatives de structure identique, aucune clé seule complète.",2,Une hausse des besoins ventilatoires avec une amélioration des gestes et du jugement,Assimiler stimulation par le froid et amélioration durable des performances.,Un refroidissement dégrade les gestes et peut altérer le jugement.,"ISOLATION/CREDIBILITY/LENGTH/WHY/SENSE : question, chaque choix et corrigé relus ; contexte et clé unique vérifiés.","DAN — Exposure-Related Injuries, Hypothermia / Treatment / Prevention : https://dan.org/health-medicine/travelers-medical-guide/travel-related-injuries/exposure-related-injuries/ ; Assurance Maladie — Hypothermie, gestes utiles / signes de gravité : https://www.ameli.fr/assure/sante/themes/froid-pathologies-sante/hypothermie",2026-10-09,"QCM pertinent, modèle Anki historique conservé",cb60de74fa4b4d8555f2f4b13b1bb5635cefa6cbc2f8475f9dae2edfcdab1d71
n2-froid-sortie-001,P293,2,REVISE,"CREDIBILITY : comparer l’ordre des étapes, retirer la marche comme solution évidente à écarter.",1,Le déshabiller sur le pont puis le mettre à l’abri pour le sécher et le couvrir,Connaître le retrait du mouillé mais ignorer l’exposition pendant le déshabillage.,Le passage au sec doit éviter une exposition prolongée au vent.,"ISOLATION/CREDIBILITY/LENGTH/WHY/SENSE : question, chaque choix et corrigé relus ; contexte et clé unique vérifiés.","DAN — Exposure-Related Injuries, Hypothermia / Treatment / Prevention : https://dan.org/health-medicine/travelers-medical-guide/travel-related-injuries/exposure-related-injuries/ ; Assurance Maladie — Hypothermie, gestes utiles / signes de gravité : https://www.ameli.fr/assure/sante/themes/froid-pathologies-sante/hypothermie",2026-10-09,"QCM pertinent, modèle Anki historique conservé",b6e037ff39b36c45d5570d9206afcbe16161db59a236e9e7575876171fe79a51
n2-froid-sortie-001,P293,2,REVISE,"CREDIBILITY : comparer l’ordre des étapes, retirer la marche comme solution évidente à écarter.",2,Le couvrir sur le pont en gardant le mouillé puis attendre qu’il sèche sous les couches,Confondre protection provisoire et séchage sous l’isolant.,Le mouillé doit être remplacé par du sec lorsque la protection immédiate est possible.,"ISOLATION/CREDIBILITY/LENGTH/WHY/SENSE : question, chaque choix et corrigé relus ; contexte et clé unique vérifiés.","DAN — Exposure-Related Injuries, Hypothermia / Treatment / Prevention : https://dan.org/health-medicine/travelers-medical-guide/travel-related-injuries/exposure-related-injuries/ ; Assurance Maladie — Hypothermie, gestes utiles / signes de gravité : https://www.ameli.fr/assure/sante/themes/froid-pathologies-sante/hypothermie",2026-10-09,"QCM pertinent, modèle Anki historique conservé",b6e037ff39b36c45d5570d9206afcbe16161db59a236e9e7575876171fe79a51
n2-froid-rechauffement-001,P295,2,ACCEPT,Conservée : distinction de cours claire et erreurs documentées individuellement.,1,L’isoler du froid et frictionner vigoureusement ses membres en déclenchant l’alerte,Transférer un réchauffement par massage à une hypothermie avec confusion.,Friction et manipulation vigoureuse sont inadaptées ; protéger et manipuler doucement.,"ISOLATION/CREDIBILITY/LENGTH/WHY/SENSE : question, chaque choix et corrigé relus ; contexte et clé unique vérifiés.","DAN — Exposure-Related Injuries, Hypothermia / Treatment / Prevention : https://dan.org/health-medicine/travelers-medical-guide/travel-related-injuries/exposure-related-injuries/ ; Assurance Maladie — Hypothermie, gestes utiles / signes de gravité : https://www.ameli.fr/assure/sante/themes/froid-pathologies-sante/hypothermie",2026-10-09,"QCM pertinent, modèle Anki historique conservé",606beabffdfb8bb383fdcfcfe9fb79eb5d4cc860547474903c0bf3daa1706ae2
n2-froid-rechauffement-001,P295,2,ACCEPT,Conservée : distinction de cours claire et erreurs documentées individuellement.,2,L’isoler du froid et le faire marcher pour produire de la chaleur en déclenchant l’alerte,Transférer la production de chaleur par effort à un sujet confus.,La mobilisation n’est pas adaptée à cette hypothermie ; les risques cardiaques et de chute imposent la douceur.,"ISOLATION/CREDIBILITY/LENGTH/WHY/SENSE : question, chaque choix et corrigé relus ; contexte et clé unique vérifiés.","DAN — Exposure-Related Injuries, Hypothermia / Treatment / Prevention : https://dan.org/health-medicine/travelers-medical-guide/travel-related-injuries/exposure-related-injuries/ ; Assurance Maladie — Hypothermie, gestes utiles / signes de gravité : https://www.ameli.fr/assure/sante/themes/froid-pathologies-sante/hypothermie",2026-10-09,"QCM pertinent, modèle Anki historique conservé",606beabffdfb8bb383fdcfcfe9fb79eb5d4cc860547474903c0bf3daa1706ae2
n2-froid-boisson-001,P296,2,REVISE,"CREDIBILITY/ISOLATION : interroger le signe discriminant, trois signes de refroidissement, pas des personnes à qui donner à boire malgré un danger.",1,Des frissons avec une conscience et une déglutition normales,Prendre les frissons pour un empêchement de boire.,Des frissons seuls ne contre-indiquent pas la boisson chez une personne lucide qui avale normalement.,"ISOLATION/CREDIBILITY/LENGTH/WHY/SENSE : question, chaque choix et corrigé relus ; contexte et clé unique vérifiés.","DAN — Exposure-Related Injuries, Hypothermia / Treatment / Prevention : https://dan.org/health-medicine/travelers-medical-guide/travel-related-injuries/exposure-related-injuries/ ; Assurance Maladie — Hypothermie, gestes utiles / signes de gravité : https://www.ameli.fr/assure/sante/themes/froid-pathologies-sante/hypothermie",2026-10-09,"QCM pertinent, modèle Anki historique conservé",f0dfaf8e201e4eef2b9b5f43d76df6ac8e7020b259c4cc5595613760a2864766
n2-froid-boisson-001,P296,2,REVISE,"CREDIBILITY/ISOLATION : interroger le signe discriminant, trois signes de refroidissement, pas des personnes à qui donner à boire malgré un danger.",2,Des doigts engourdis avec une conscience et une déglutition normales,Assimiler toute altération liée au froid à une déglutition dangereuse.,L’engourdissement des doigts ne prouve pas un trouble de conscience ou de déglutition.,"ISOLATION/CREDIBILITY/LENGTH/WHY/SENSE : question, chaque choix et corrigé relus ; contexte et clé unique vérifiés.","DAN — Exposure-Related Injuries, Hypothermia / Treatment / Prevention : https://dan.org/health-medicine/travelers-medical-guide/travel-related-injuries/exposure-related-injuries/ ; Assurance Maladie — Hypothermie, gestes utiles / signes de gravité : https://www.ameli.fr/assure/sante/themes/froid-pathologies-sante/hypothermie",2026-10-09,"QCM pertinent, modèle Anki historique conservé",f0dfaf8e201e4eef2b9b5f43d76df6ac8e7020b259c4cc5595613760a2864766
n2-narcose-air-001,P299,2,ACCEPT,Conservée : distinction de cours claire et erreurs documentées individuellement.,1,L’air sec est proche de 80 % N₂ et 20 % O₂ sans autres gaz,Employer le modèle pédagogique 80/20 comme composition arrondie au pour cent.,L’air sec réel est proche de 78/21/1 ; le recto demande chaque composant.,"ISOLATION/CREDIBILITY/LENGTH/WHY/SENSE : question, chaque choix et corrigé relus ; contexte et clé unique vérifiés.","DAN — Back to Basics, Dalton’s Law et effets de pression partielle : https://dan.org/alert-diver/article/back-to-basics/ ; BSAC — Safe diving guide, Nitrogen : https://www.bsac.com/safety/safe-diving-guide/gas/ ; FFESSM CMPN — Je prends des médicaments, page du 2021-03-07 : https://medical.ffessm.fr/je-prends-des-medicaments",2026-10-09,"QCM pertinent, modèle Anki historique conservé",6ea2701521c0b8f3f24cec133d3f16caf380f0771116aab15c1eebad8c20f7b4
n2-narcose-air-001,P299,2,ACCEPT,Conservée : distinction de cours claire et erreurs documentées individuellement.,2,"L’air sec est proche de 75 % N₂, 24 % O₂ et 1 % d’autres gaz",Surestimer la fraction d’oxygène de l’air sec.,"Elle est proche de 21 %, pas 24 %.","ISOLATION/CREDIBILITY/LENGTH/WHY/SENSE : question, chaque choix et corrigé relus ; contexte et clé unique vérifiés.","DAN — Back to Basics, Dalton’s Law et effets de pression partielle : https://dan.org/alert-diver/article/back-to-basics/ ; BSAC — Safe diving guide, Nitrogen : https://www.bsac.com/safety/safe-diving-guide/gas/ ; FFESSM CMPN — Je prends des médicaments, page du 2021-03-07 : https://medical.ffessm.fr/je-prends-des-medicaments",2026-10-09,"QCM pertinent, modèle Anki historique conservé",6ea2701521c0b8f3f24cec133d3f16caf380f0771116aab15c1eebad8c20f7b4
n2-narcose-dalton-001,P302,2,ACCEPT,Conservée : distinction de cours claire et erreurs documentées individuellement.,1,Fraction du gaz × pression hydrostatique seule,Omettre la pression atmosphérique de la pression totale.,La loi emploie la pression absolue totale.,"ISOLATION/CREDIBILITY/LENGTH/WHY/SENSE : question, chaque choix et corrigé relus ; contexte et clé unique vérifiés.","DAN — Back to Basics, Dalton’s Law et effets de pression partielle : https://dan.org/alert-diver/article/back-to-basics/ ; BSAC — Safe diving guide, Nitrogen : https://www.bsac.com/safety/safe-diving-guide/gas/ ; FFESSM CMPN — Je prends des médicaments, page du 2021-03-07 : https://medical.ffessm.fr/je-prends-des-medicaments",2026-10-09,"QCM pertinent, modèle Anki historique conservé",da76787d7e62361be6fbd9189c5798ce7d780a8d2388a4a61221feed0a4db522
n2-narcose-dalton-001,P302,2,ACCEPT,Conservée : distinction de cours claire et erreurs documentées individuellement.,2,Pression absolue totale divisée par la fraction du gaz,Inverser la multiplication par la fraction.,"La pression partielle est f×P, pas P/f.","ISOLATION/CREDIBILITY/LENGTH/WHY/SENSE : question, chaque choix et corrigé relus ; contexte et clé unique vérifiés.","DAN — Back to Basics, Dalton’s Law et effets de pression partielle : https://dan.org/alert-diver/article/back-to-basics/ ; BSAC — Safe diving guide, Nitrogen : https://www.bsac.com/safety/safe-diving-guide/gas/ ; FFESSM CMPN — Je prends des médicaments, page du 2021-03-07 : https://medical.ffessm.fr/je-prends-des-medicaments",2026-10-09,"QCM pertinent, modèle Anki historique conservé",da76787d7e62361be6fbd9189c5798ce7d780a8d2388a4a61221feed0a4db522
n2-narcose-oxygene-trente-001,P304,2,ACCEPT,Conservée : distinction de cours claire et erreurs documentées individuellement.,1,"0,6 bar",Utiliser la seule pression hydrostatique.,"0,20×3=0,6 ; il faut ajouter 1 bar atmosphérique puis 0,20×4=0,8.","ISOLATION/CREDIBILITY/LENGTH/WHY/SENSE : question, chaque choix et corrigé relus ; contexte et clé unique vérifiés.","DAN — Back to Basics, Dalton’s Law et effets de pression partielle : https://dan.org/alert-diver/article/back-to-basics/ ; BSAC — Safe diving guide, Nitrogen : https://www.bsac.com/safety/safe-diving-guide/gas/ ; FFESSM CMPN — Je prends des médicaments, page du 2021-03-07 : https://medical.ffessm.fr/je-prends-des-medicaments",2026-10-09,"QCM pertinent, modèle Anki historique conservé",dc75fe06c61c240b940454de31c4c7685c9d41d1648786808e018f40b9af099d
n2-narcose-oxygene-trente-001,P304,2,ACCEPT,Conservée : distinction de cours claire et erreurs documentées individuellement.,2,4 bars,Donner la pression totale plutôt que partielle.,"4 bar est le total ; la fraction 0,20 donne 0,8 bar.","ISOLATION/CREDIBILITY/LENGTH/WHY/SENSE : question, chaque choix et corrigé relus ; contexte et clé unique vérifiés.","DAN — Back to Basics, Dalton’s Law et effets de pression partielle : https://dan.org/alert-diver/article/back-to-basics/ ; BSAC — Safe diving guide, Nitrogen : https://www.bsac.com/safety/safe-diving-guide/gas/ ; FFESSM CMPN — Je prends des médicaments, page du 2021-03-07 : https://medical.ffessm.fr/je-prends-des-medicaments",2026-10-09,"QCM pertinent, modèle Anki historique conservé",dc75fe06c61c240b940454de31c4c7685c9d41d1648786808e018f40b9af099d
n2-narcose-azote-quarante-001,P306,2,ACCEPT,Conservée : distinction de cours claire et erreurs documentées individuellement.,1,"3,2 bars",Employer 4 bar hydrostatiques au lieu de 5 absolus.,"0,80×4=3,2 ; la bonne référence donne 0,80×5=4.","ISOLATION/CREDIBILITY/LENGTH/WHY/SENSE : question, chaque choix et corrigé relus ; contexte et clé unique vérifiés.","DAN — Back to Basics, Dalton’s Law et effets de pression partielle : https://dan.org/alert-diver/article/back-to-basics/ ; BSAC — Safe diving guide, Nitrogen : https://www.bsac.com/safety/safe-diving-guide/gas/ ; FFESSM CMPN — Je prends des médicaments, page du 2021-03-07 : https://medical.ffessm.fr/je-prends-des-medicaments",2026-10-09,"QCM pertinent, modèle Anki historique conservé",73b73456c9fc4c9ddf3c540f7766f9eaa7c3220a3ebde5e5e74a801a0479c7b1
n2-narcose-azote-quarante-001,P306,2,ACCEPT,Conservée : distinction de cours claire et erreurs documentées individuellement.,2,5 bars,Oublier la fraction de gaz.,5 bar est le total et non la part de l’azote.,"ISOLATION/CREDIBILITY/LENGTH/WHY/SENSE : question, chaque choix et corrigé relus ; contexte et clé unique vérifiés.","DAN — Back to Basics, Dalton’s Law et effets de pression partielle : https://dan.org/alert-diver/article/back-to-basics/ ; BSAC — Safe diving guide, Nitrogen : https://www.bsac.com/safety/safe-diving-guide/gas/ ; FFESSM CMPN — Je prends des médicaments, page du 2021-03-07 : https://medical.ffessm.fr/je-prends-des-medicaments",2026-10-09,"QCM pertinent, modèle Anki historique conservé",73b73456c9fc4c9ddf3c540f7766f9eaa7c3220a3ebde5e5e74a801a0479c7b1
n2-narcose-partielle-vingt-001,P302,2,ACCEPT,Conservée : distinction de cours claire et erreurs documentées individuellement.,1,"0,60 bar",Arrondir 21 % à 20 % malgré la donnée du recto.,"0,20×3=0,60 ; 0,21×3=0,63.","ISOLATION/CREDIBILITY/LENGTH/WHY/SENSE : question, chaque choix et corrigé relus ; contexte et clé unique vérifiés.","DAN — Back to Basics, Dalton’s Law et effets de pression partielle : https://dan.org/alert-diver/article/back-to-basics/ ; BSAC — Safe diving guide, Nitrogen : https://www.bsac.com/safety/safe-diving-guide/gas/ ; FFESSM CMPN — Je prends des médicaments, page du 2021-03-07 : https://medical.ffessm.fr/je-prends-des-medicaments",2026-10-09,"QCM pertinent, modèle Anki historique conservé",a4797baa52f44858c1485e6c623b9d49005e82fd51dd2602f83a45c3655ee389
n2-narcose-partielle-vingt-001,P302,2,ACCEPT,Conservée : distinction de cours claire et erreurs documentées individuellement.,2,"0,42 bar",Soustraire 1 bar à une pression déjà absolue.,"0,21×2=0,42 ; les 3 bar fournis sont absolus.","ISOLATION/CREDIBILITY/LENGTH/WHY/SENSE : question, chaque choix et corrigé relus ; contexte et clé unique vérifiés.","DAN — Back to Basics, Dalton’s Law et effets de pression partielle : https://dan.org/alert-diver/article/back-to-basics/ ; BSAC — Safe diving guide, Nitrogen : https://www.bsac.com/safety/safe-diving-guide/gas/ ; FFESSM CMPN — Je prends des médicaments, page du 2021-03-07 : https://medical.ffessm.fr/je-prends-des-medicaments",2026-10-09,"QCM pertinent, modèle Anki historique conservé",a4797baa52f44858c1485e6c623b9d49005e82fd51dd2602f83a45c3655ee389
n2-narcose-fraction-pression-001,P307,2,REVISE,CREDIBILITY/LENGTH : deux grandeurs identiques dans chaque choix ; retirer la profondeur sans atmosphère.,1,La fraction augmente et la pression partielle reste constante,Confondre davantage de molécules par litre et proportion dans le mélange.,La proportion reste la même ; c’est la pression partielle qui augmente.,"ISOLATION/CREDIBILITY/LENGTH/WHY/SENSE : question, chaque choix et corrigé relus ; contexte et clé unique vérifiés.","DAN — Back to Basics, Dalton’s Law et effets de pression partielle : https://dan.org/alert-diver/article/back-to-basics/ ; BSAC — Safe diving guide, Nitrogen : https://www.bsac.com/safety/safe-diving-guide/gas/ ; FFESSM CMPN — Je prends des médicaments, page du 2021-03-07 : https://medical.ffessm.fr/je-prends-des-medicaments",2026-10-09,"QCM pertinent, modèle Anki historique conservé",891a3f80c1255b89c3b2aba1353bf497638e023377a682914cbf5d0aa41108e0
n2-narcose-fraction-pression-001,P307,2,REVISE,CREDIBILITY/LENGTH : deux grandeurs identiques dans chaque choix ; retirer la profondeur sans atmosphère.,2,La fraction reste constante et la pression partielle reste constante,Transférer la constance de la composition à la pression.,Le produit fraction × pression absolue augmente avec la pression totale.,"ISOLATION/CREDIBILITY/LENGTH/WHY/SENSE : question, chaque choix et corrigé relus ; contexte et clé unique vérifiés.","DAN — Back to Basics, Dalton’s Law et effets de pression partielle : https://dan.org/alert-diver/article/back-to-basics/ ; BSAC — Safe diving guide, Nitrogen : https://www.bsac.com/safety/safe-diving-guide/gas/ ; FFESSM CMPN — Je prends des médicaments, page du 2021-03-07 : https://medical.ffessm.fr/je-prends-des-medicaments",2026-10-09,"QCM pertinent, modèle Anki historique conservé",891a3f80c1255b89c3b2aba1353bf497638e023377a682914cbf5d0aa41108e0
n2-narcose-effets-001,P308,2,REVISE,CREDIBILITY : comparer trois mécanismes réels plutôt qu’une fraction augmentant malgré la composition inchangée.,1,L’action de bulles issues du gaz dissous sur le système nerveux pendant la décompression,Confondre deux accidents impliquant l’azote et des troubles neurologiques.,La narcose ne correspond pas à des bulles de désaturation.,"ISOLATION/CREDIBILITY/LENGTH/WHY/SENSE : question, chaque choix et corrigé relus ; contexte et clé unique vérifiés.","DAN — Back to Basics, Dalton’s Law et effets de pression partielle : https://dan.org/alert-diver/article/back-to-basics/ ; BSAC — Safe diving guide, Nitrogen : https://www.bsac.com/safety/safe-diving-guide/gas/ ; FFESSM CMPN — Je prends des médicaments, page du 2021-03-07 : https://medical.ffessm.fr/je-prends-des-medicaments",2026-10-09,"QCM pertinent, modèle Anki historique conservé",7972af86d955fbfb55175f4585d2f8b89c9dad86b53561ea0d742e2b37f54212
n2-narcose-effets-001,P308,2,REVISE,CREDIBILITY : comparer trois mécanismes réels plutôt qu’une fraction augmentant malgré la composition inchangée.,2,L’action de gaz pulmonaire passé dans les artères sur le système nerveux à la remontée,Confondre deux origines de troubles neurologiques en plongée.,"Le passage de gaz pulmonaire dans les artères relève d’une embolie, pas de la narcose.","ISOLATION/CREDIBILITY/LENGTH/WHY/SENSE : question, chaque choix et corrigé relus ; contexte et clé unique vérifiés.","DAN — Back to Basics, Dalton’s Law et effets de pression partielle : https://dan.org/alert-diver/article/back-to-basics/ ; BSAC — Safe diving guide, Nitrogen : https://www.bsac.com/safety/safe-diving-guide/gas/ ; FFESSM CMPN — Je prends des médicaments, page du 2021-03-07 : https://medical.ffessm.fr/je-prends-des-medicaments",2026-10-09,"QCM pertinent, modèle Anki historique conservé",7972af86d955fbfb55175f4585d2f8b89c9dad86b53561ea0d742e2b37f54212
n2-narcose-variabilite-001,P309,2,REVISE,"CREDIBILITY : trois interprétations de l’expérience, sans oui/non dont la clé seule nuancée.",1,Elle fixe un seuil personnel à 30 m en dessous duquel les performances restent préservées,Transformer une observation subjective en seuil physiologique.,Ni les performances objectives ni l’absence future de narcose ne sont garanties.,"ISOLATION/CREDIBILITY/LENGTH/WHY/SENSE : question, chaque choix et corrigé relus ; contexte et clé unique vérifiés.","DAN — Back to Basics, Dalton’s Law et effets de pression partielle : https://dan.org/alert-diver/article/back-to-basics/ ; BSAC — Safe diving guide, Nitrogen : https://www.bsac.com/safety/safe-diving-guide/gas/ ; FFESSM CMPN — Je prends des médicaments, page du 2021-03-07 : https://medical.ffessm.fr/je-prends-des-medicaments",2026-10-09,"QCM pertinent, modèle Anki historique conservé",fa6db81db218ac2a6bbdc9011b403c2cf295c332bb05ea2a483233ebc3f581d4
n2-narcose-variabilite-001,P309,2,REVISE,"CREDIBILITY : trois interprétations de l’expérience, sans oui/non dont la clé seule nuancée.",2,Elle valide une acclimatation à 30 m permettant de conserver les performances dans d’autres conditions,Confondre familiarité avec les tâches et suppression de la narcose.,L’expérience ne rend pas les gaz dépourvus d’effet narcotique.,"ISOLATION/CREDIBILITY/LENGTH/WHY/SENSE : question, chaque choix et corrigé relus ; contexte et clé unique vérifiés.","DAN — Back to Basics, Dalton’s Law et effets de pression partielle : https://dan.org/alert-diver/article/back-to-basics/ ; BSAC — Safe diving guide, Nitrogen : https://www.bsac.com/safety/safe-diving-guide/gas/ ; FFESSM CMPN — Je prends des médicaments, page du 2021-03-07 : https://medical.ffessm.fr/je-prends-des-medicaments",2026-10-09,"QCM pertinent, modèle Anki historique conservé",fa6db81db218ac2a6bbdc9011b403c2cf295c332bb05ea2a483233ebc3f581d4
n2-narcose-capacites-001,P313,2,REVISE,CREDIBILITY : leurs demi-vérités admettent une altération plutôt que faire améliorer le jugement par l’euphorie.,1,Le sentiment d’aisance indique un jugement préservé malgré une coordination dégradée,Admettre un effet moteur mais épargner le jugement si le ressenti est positif.,L’euphorie ne valide pas le jugement.,"ISOLATION/CREDIBILITY/LENGTH/WHY/SENSE : question, chaque choix et corrigé relus ; contexte et clé unique vérifiés.","DAN — Back to Basics, Dalton’s Law et effets de pression partielle : https://dan.org/alert-diver/article/back-to-basics/ ; BSAC — Safe diving guide, Nitrogen : https://www.bsac.com/safety/safe-diving-guide/gas/ ; FFESSM CMPN — Je prends des médicaments, page du 2021-03-07 : https://medical.ffessm.fr/je-prends-des-medicaments",2026-10-09,"QCM pertinent, modèle Anki historique conservé",feff81ed52beff2a3429d78eda1816c0dd0f01710fa121ab422a6c5f0ea2ba3b
n2-narcose-capacites-001,P313,2,REVISE,CREDIBILITY : leurs demi-vérités admettent une altération plutôt que faire améliorer le jugement par l’euphorie.,2,Le sentiment d’aisance indique une attention préservée malgré une mémoire dégradée,Admettre un effet sur la mémoire mais épargner l’attention.,L’euphorie ne valide pas l’attention.,"ISOLATION/CREDIBILITY/LENGTH/WHY/SENSE : question, chaque choix et corrigé relus ; contexte et clé unique vérifiés.","DAN — Back to Basics, Dalton’s Law et effets de pression partielle : https://dan.org/alert-diver/article/back-to-basics/ ; BSAC — Safe diving guide, Nitrogen : https://www.bsac.com/safety/safe-diving-guide/gas/ ; FFESSM CMPN — Je prends des médicaments, page du 2021-03-07 : https://medical.ffessm.fr/je-prends-des-medicaments",2026-10-09,"QCM pertinent, modèle Anki historique conservé",feff81ed52beff2a3429d78eda1816c0dd0f01710fa121ab422a6c5f0ea2ba3b
n2-narcose-conditions-001,P316,2,REVISE,"CREDIBILITY : trois explications du risque, retrait de l’expérience qui compense automatiquement.",1,Ils augmentent la fraction d’azote de l’air respiré et donc son effet narcotique,Transformer un facteur humain en changement de composition du gaz.,La fatigue ne change pas la fraction d’azote dans le mélange.,"ISOLATION/CREDIBILITY/LENGTH/WHY/SENSE : question, chaque choix et corrigé relus ; contexte et clé unique vérifiés.","DAN — Back to Basics, Dalton’s Law et effets de pression partielle : https://dan.org/alert-diver/article/back-to-basics/ ; BSAC — Safe diving guide, Nitrogen : https://www.bsac.com/safety/safe-diving-guide/gas/ ; FFESSM CMPN — Je prends des médicaments, page du 2021-03-07 : https://medical.ffessm.fr/je-prends-des-medicaments",2026-10-09,"QCM pertinent, modèle Anki historique conservé",00385f3eeff708b7c7820054b2bd59d7f037ded9cb66109ecb5d6137c02a5b83
n2-narcose-conditions-001,P316,2,REVISE,"CREDIBILITY : trois explications du risque, retrait de l’expérience qui compense automatiquement.",2,Ils diminuent la pression partielle d’oxygène de l’air respiré à profondeur égale,Transférer la baisse de performance à une baisse de pression d’oxygène.,"À mêmes composition et pression absolue, la pression partielle d’oxygène reste la même.","ISOLATION/CREDIBILITY/LENGTH/WHY/SENSE : question, chaque choix et corrigé relus ; contexte et clé unique vérifiés.","DAN — Back to Basics, Dalton’s Law et effets de pression partielle : https://dan.org/alert-diver/article/back-to-basics/ ; BSAC — Safe diving guide, Nitrogen : https://www.bsac.com/safety/safe-diving-guide/gas/ ; FFESSM CMPN — Je prends des médicaments, page du 2021-03-07 : https://medical.ffessm.fr/je-prends-des-medicaments",2026-10-09,"QCM pertinent, modèle Anki historique conservé",00385f3eeff708b7c7820054b2bd59d7f037ded9cb66109ecb5d6137c02a5b83
n2-narcose-medicaments-001,P319,2,REVISE,"CREDIBILITY : trois périmètres d’un avis médical, aucun choix naïf de simple essai.",1,"Le traitement et ses effets en surface, indépendamment de la maladie traitée",Évaluer le médicament mais oublier la maladie sous-jacente.,La maladie et les conditions de plongée font aussi partie de l’évaluation.,"ISOLATION/CREDIBILITY/LENGTH/WHY/SENSE : question, chaque choix et corrigé relus ; contexte et clé unique vérifiés.","DAN — Back to Basics, Dalton’s Law et effets de pression partielle : https://dan.org/alert-diver/article/back-to-basics/ ; BSAC — Safe diving guide, Nitrogen : https://www.bsac.com/safety/safe-diving-guide/gas/ ; FFESSM CMPN — Je prends des médicaments, page du 2021-03-07 : https://medical.ffessm.fr/je-prends-des-medicaments",2026-10-09,"QCM pertinent, modèle Anki historique conservé",0dfdc7295cecbe5ff431339d729bef3b2c30489fee663191daf04218bfed565f
n2-narcose-medicaments-001,P319,2,REVISE,"CREDIBILITY : trois périmètres d’un avis médical, aucun choix naïf de simple essai.",2,"La maladie traitée et son évolution, indépendamment des effets du traitement",Évaluer la maladie mais oublier les effets du traitement.,Les effets indésirables et interactions du médicament peuvent compromettre la plongée.,"ISOLATION/CREDIBILITY/LENGTH/WHY/SENSE : question, chaque choix et corrigé relus ; contexte et clé unique vérifiés.","DAN — Back to Basics, Dalton’s Law et effets de pression partielle : https://dan.org/alert-diver/article/back-to-basics/ ; BSAC — Safe diving guide, Nitrogen : https://www.bsac.com/safety/safe-diving-guide/gas/ ; FFESSM CMPN — Je prends des médicaments, page du 2021-03-07 : https://medical.ffessm.fr/je-prends-des-medicaments",2026-10-09,"QCM pertinent, modèle Anki historique conservé",0dfdc7295cecbe5ff431339d729bef3b2c30489fee663191daf04218bfed565f
n2-narcose-reaction-001,P321,2,REVISE,CREDIBILITY : mécanisme de l’action plutôt que descendre ou attendre l’accoutumance.,1,L’élimination complète de l’azote dissous pendant les premiers mètres,Confondre amélioration rapide de narcose et désaturation complète.,L’azote dissous n’est pas éliminé complètement après quelques mètres.,"ISOLATION/CREDIBILITY/LENGTH/WHY/SENSE : question, chaque choix et corrigé relus ; contexte et clé unique vérifiés.","DAN — Back to Basics, Dalton’s Law et effets de pression partielle : https://dan.org/alert-diver/article/back-to-basics/ ; BSAC — Safe diving guide, Nitrogen : https://www.bsac.com/safety/safe-diving-guide/gas/ ; FFESSM CMPN — Je prends des médicaments, page du 2021-03-07 : https://medical.ffessm.fr/je-prends-des-medicaments",2026-10-09,"QCM pertinent, modèle Anki historique conservé",21a0a6953e148c73e5b94e54e0d6f6919380ef6ddde1b4b32306cc754771044a
n2-narcose-reaction-001,P321,2,REVISE,CREDIBILITY : mécanisme de l’action plutôt que descendre ou attendre l’accoutumance.,2,L’augmentation de la pression partielle d’oxygène pendant les premiers mètres,Attribuer l’amélioration à davantage d’oxygène sous pression.,La pression partielle d’oxygène baisse aussi lorsque la pression ambiante baisse.,"ISOLATION/CREDIBILITY/LENGTH/WHY/SENSE : question, chaque choix et corrigé relus ; contexte et clé unique vérifiés.","DAN — Back to Basics, Dalton’s Law et effets de pression partielle : https://dan.org/alert-diver/article/back-to-basics/ ; BSAC — Safe diving guide, Nitrogen : https://www.bsac.com/safety/safe-diving-guide/gas/ ; FFESSM CMPN — Je prends des médicaments, page du 2021-03-07 : https://medical.ffessm.fr/je-prends-des-medicaments",2026-10-09,"QCM pertinent, modèle Anki historique conservé",21a0a6953e148c73e5b94e54e0d6f6919380ef6ddde1b4b32306cc754771044a
n2-narcose-equipier-001,P325,2,REVISE,CREDIBILITY : rôles pendant la même remontée plutôt que attendre ou aider ; objectif assistance conservé.,1,Le plongeur dont le jugement paraît altéré prend l’initiative et l’équipier valide suit sa remontée,Préserver l’autonomie du plongeur atteint en lui laissant la décision.,Son jugement paraît altéré ; il ne doit pas piloter seul la résolution.,"ISOLATION/CREDIBILITY/LENGTH/WHY/SENSE : question, chaque choix et corrigé relus ; contexte et clé unique vérifiés.","DAN — Back to Basics, Dalton’s Law et effets de pression partielle : https://dan.org/alert-diver/article/back-to-basics/ ; BSAC — Safe diving guide, Nitrogen : https://www.bsac.com/safety/safe-diving-guide/gas/ ; FFESSM CMPN — Je prends des médicaments, page du 2021-03-07 : https://medical.ffessm.fr/je-prends-des-medicaments",2026-10-09,"QCM pertinent, modèle Anki historique conservé",9cffebdf1b6d75bb2e366f41ebbefc03ac7a372439e7ebbe7c5f96674ac73e0e
n2-narcose-equipier-001,P325,2,REVISE,CREDIBILITY : rôles pendant la même remontée plutôt que attendre ou aider ; objectif assistance conservé.,2,Chaque plongeur conduit sa remontée séparément pour réduire les tâches de communication,Interpréter la simplification des tâches comme une séparation utile.,La séparation retire l’assistance nécessaire à un plongeur aux capacités altérées.,"ISOLATION/CREDIBILITY/LENGTH/WHY/SENSE : question, chaque choix et corrigé relus ; contexte et clé unique vérifiés.","DAN — Back to Basics, Dalton’s Law et effets de pression partielle : https://dan.org/alert-diver/article/back-to-basics/ ; BSAC — Safe diving guide, Nitrogen : https://www.bsac.com/safety/safe-diving-guide/gas/ ; FFESSM CMPN — Je prends des médicaments, page du 2021-03-07 : https://medical.ffessm.fr/je-prends-des-medicaments",2026-10-09,"QCM pertinent, modèle Anki historique conservé",9cffebdf1b6d75bb2e366f41ebbefc03ac7a372439e7ebbe7c5f96674ac73e0e
n2-narcose-apres-sortie-001,P326,2,REVISE,LENGTH/SENSE : rapprocher les longueurs et recentrer sur l’interprétation ; retirer les protocoles concurrents inutiles.,1,Une narcose se prolonge jusqu’à élimination de l’azote dissous et nécessite cette attente,Assimiler l’évolution de la narcose à la cinétique d’élimination de l’azote dissous.,Une désaturation complète n’est pas nécessaire à la réduction des effets narcotiques.,"ISOLATION/CREDIBILITY/LENGTH/WHY/SENSE : question, chaque choix et corrigé relus ; contexte et clé unique vérifiés.","DAN — Back to Basics, Dalton’s Law et effets de pression partielle : https://dan.org/alert-diver/article/back-to-basics/ ; BSAC — Safe diving guide, Nitrogen : https://www.bsac.com/safety/safe-diving-guide/gas/ ; FFESSM CMPN — Je prends des médicaments, page du 2021-03-07 : https://medical.ffessm.fr/je-prends-des-medicaments ; FFESSM CMPN — CAT accident de plongée bouteille ou recycleur, page du 2021-03-10, SECOURIR / OXYGENER / SURVEILLER : https://medical.ffessm.fr/cat-accident-de-plongee-bouteille-ou-recycleur",2026-10-09,"QCM pertinent, modèle Anki historique conservé",b4d9b3371bace1b5e61ed28ff90b657c260a1ee32a3df33bdcdd37836e7ef0e7
n2-narcose-apres-sortie-001,P326,2,REVISE,LENGTH/SENSE : rapprocher les longueurs et recentrer sur l’interprétation ; retirer les protocoles concurrents inutiles.,2,Une narcose vécue au fond explique les signes en surface si les paliers ont été respectés,Utiliser les paliers comme test d’exclusion des autres urgences.,Les paliers respectés n’excluent pas les autres causes de troubles persistants.,"ISOLATION/CREDIBILITY/LENGTH/WHY/SENSE : question, chaque choix et corrigé relus ; contexte et clé unique vérifiés.","DAN — Back to Basics, Dalton’s Law et effets de pression partielle : https://dan.org/alert-diver/article/back-to-basics/ ; BSAC — Safe diving guide, Nitrogen : https://www.bsac.com/safety/safe-diving-guide/gas/ ; FFESSM CMPN — Je prends des médicaments, page du 2021-03-07 : https://medical.ffessm.fr/je-prends-des-medicaments ; FFESSM CMPN — CAT accident de plongée bouteille ou recycleur, page du 2021-03-10, SECOURIR / OXYGENER / SURVEILLER : https://medical.ffessm.fr/cat-accident-de-plongee-bouteille-ou-recycleur",2026-10-09,"QCM pertinent, modèle Anki historique conservé",b4d9b3371bace1b5e61ed28ff90b657c260a1ee32a3df33bdcdd37836e7ef0e7
