id,fichier,format_avant,format_apres,decision,motif,recto_final,bonne_reponse,leurres
n2-prerogatives-n2-aptitudes-001,cards/n2/01-prerogatives.yaml,mcq,mcq,qcm_conserve,"Conditions fédérales, âge, certification et exercice distincts ; choix numériques ou qualifications voisines.",Quelles aptitudes d’exploration le brevet N2 FFESSM atteste-t-il ?,Autonomie jusqu’à 20 m (PA20) et plongée encadrée jusqu’à 40 m (PE40),Plongée encadrée jusqu’à 20 m (PE20) et autonomie jusqu’à 40 m (PA40) / Autonomie jusqu’à 20 m (PA20) et autonomie jusqu’à 40 m (PA40) / Plongée encadrée jusqu’à 40 m (PE40) et autonomie jusqu’à 40 m (PA40)
n2-prerogatives-qualifications-separees-001,cards/n2/01-prerogatives.yaml,mcq,mcq,qcm_conserve,"Conditions fédérales, âge, certification et exercice distincts ; choix numériques ou qualifications voisines.",Un plongeur FFESSM obtient PA20 après avoir déjà obtenu PE40. Quel brevet peut alors lui être délivré ?,"Le N2, grâce à la réunion de PE40 et PA20",Le N2 seulement après une formation N2 supplémentaire complète / Le N2 seulement après l’obtention de PA40 / Aucun brevet N2 : PE40 et PA20 restent deux qualifications séparées
n2-prerogatives-autonomie-dp-001,cards/n2/01-prerogatives.yaml,mcq,mcq,qcm_conserve,"Conditions fédérales, âge, certification et exercice distincts ; choix numériques ou qualifications voisines.","Pour une exploration PA20 organisée en France par un établissement, quelle organisation respecte le cadre de l’autonomie ?",Pas de guide dans la palanquée ; un DP présent sur le site fixe le cadre,Pas de guide ni de DP sur le site si tous les équipiers ont le N2 / Un guide conduit la palanquée ; les équipiers fixent seuls le cadre / Pas de guide ; le DP peut rester absent du site s’il est joignable
n2-prerogatives-pa20-effectif-001,cards/n2/01-prerogatives.yaml,mcq,mcq,qcm_conserve,"Conditions fédérales, âge, certification et exercice distincts ; choix numériques ou qualifications voisines.","Quelle plage d’effectifs est autorisée pour une palanquée d’exploration autonome PA20 en France, en comptant tous ses membres ?",De deux à trois plongeurs,De un à deux plongeurs / De trois à quatre plongeurs / De deux à quatre plongeurs
n2-prerogatives-pa20-equipiers-001,cards/n2/01-prerogatives.yaml,mcq,mcq,qcm_conserve,"Conditions fédérales, âge, certification et exercice distincts ; choix numériques ou qualifications voisines.","Pour explorer ensemble jusqu’à 20 m en autonomie en France, quelles aptitudes chaque membre de la palanquée doit-il au minimum justifier ?",PA20,PE20 / PE40 / PA12
n2-prerogatives-aptitude-restrictive-001,cards/n2/01-prerogatives.yaml,mcq,mcq,qcm_conserve,"Conditions fédérales, âge, certification et exercice distincts ; choix numériques ou qualifications voisines.","En France, un PA20 et un plongeur ayant seulement PA12 plongent ensemble en autonomie. Le DP autorise cette palanquée. Quelle profondeur maximale leurs aptitudes permettent-elles pour le groupe ?","12 m, même si le PA20 assume l’assistance","20 m, si le PA20 assume l’assistance / 20 m, si le DP donne son accord explicite"
n2-prerogatives-age-pe40-001,cards/n2/01-prerogatives.yaml,mcq,mcq,qcm_conserve,"Conditions fédérales, âge, certification et exercice distincts ; choix numériques ou qualifications voisines.","Dans le cursus FFESSM, quel est l’âge minimal pour entrer en formation et obtenir la qualification PE40 ?",14 ans,12 ans / 15 ans / 16 ans
n2-prerogatives-age-certification-001,cards/n2/01-prerogatives.yaml,mcq,mcq,qcm_conserve,"Conditions fédérales, âge, certification et exercice distincts ; choix numériques ou qualifications voisines.","Dans le cursus FFESSM, quel est l’âge minimal de délivrance de PA20 ou du N2, une fois les compétences acquises ?",15 ans,14 ans / 16 ans / 18 ans
n2-prerogatives-quinze-ans-n2-001,cards/n2/01-prerogatives.yaml,mcq,mcq,qcm_conserve,"Conditions fédérales, âge, certification et exercice distincts ; choix numériques ou qualifications voisines.","Un plongeur FFESSM de 15 ans vient d’obtenir son N2. À partir de quel âge pourra-t-il exercer l’autonomie PA20 en France, si les autres conditions sont remplies ?",À partir de 16 ans,"Dès 15 ans, grâce à la délivrance du N2 / Dès 15 ans, avec un équipier majeur / Dès 15 ans, avec une autorisation parentale spécifique"
n2-prerogatives-mineur-autorisation-001,cards/n2/01-prerogatives.yaml,mcq,mcq,qcm_conserve,"Conditions fédérales, âge, certification et exercice distincts ; choix numériques ou qualifications voisines.","Pour un plongeur FFESSM de 16 ans, que doit viser l’autorisation du responsable légal nécessaire à une exploration PA20 ?",La pratique de la plongée en autonomie,Seulement l’inscription à la formation N2 / Seulement la délivrance du brevet N2 / Seulement la participation aux plongées encadrées
n2-prerogatives-mineur-information-001,cards/n2/01-prerogatives.yaml,mcq,mcq,qcm_conserve,"Conditions fédérales, âge, certification et exercice distincts ; choix numériques ou qualifications voisines.",Une palanquée PA20 FFESSM autorisée accueille un plongeur de 16 ans. Qui doit être informé de la présence d’un mineur ?,Les membres de la palanquée,Les membres des autres palanquées du même créneau / Le responsable légal du mineur uniquement
n2-prerogatives-pe40-moins-seize-paliers-001,cards/n2/01-prerogatives.yaml,mcq,mcq,qcm_conserve,"Conditions fédérales, âge, certification et exercice distincts ; choix numériques ou qualifications voisines.","Pour un PE40 FFESSM âgé de moins de 16 ans, une plongée d’exploration peut-elle être planifiée avec des paliers de décompression obligatoires ?",Non : la plongée doit être prévue sans palier de décompression obligatoire,Oui : des paliers obligatoires sont possibles avec une autorisation parentale spécifique / Oui : un seul palier obligatoire à 3 m est admis / Oui : les paliers obligatoires sont admis si leur durée totale ne dépasse pas trois minutes
n2-prerogatives-pe40-moins-seize-nombre-001,cards/n2/01-prerogatives.yaml,mcq,mcq,qcm_conserve,"Conditions fédérales, âge, certification et exercice distincts ; choix numériques ou qualifications voisines.","Dans le cursus FFESSM, combien de plongées par jour au maximum peut effectuer un PE40 âgé de moins de 16 ans ?",Deux plongées,Une plongée / Trois plongées / Quatre plongées
n2-prerogatives-pe40-moins-seize-intervalle-001,cards/n2/01-prerogatives.yaml,mcq,mcq,qcm_conserve,"Conditions fédérales, âge, certification et exercice distincts ; choix numériques ou qualifications voisines.","Dans le cursus FFESSM, quelle durée minimale doit séparer les deux plongées de la journée d’un PE40 âgé de moins de 16 ans ?",Trois heures,Une heure / Deux heures / Quatre heures
n2-prerogatives-pe40-moins-seize-seconde-001,cards/n2/01-prerogatives.yaml,mcq,mcq,qcm_conserve,"Conditions fédérales, âge, certification et exercice distincts ; choix numériques ou qualifications voisines.","Un PE40 FFESSM de 15 ans a atteint 32 m à sa première plongée de la journée. Quel plafond s’applique à sa seconde plongée, si toutes les autres conditions sont réunies ?",20 m,25 m / 30 m / 40 m
n2-prerogatives-documents-formation-001,cards/n2/01-prerogatives.yaml,mcq,mcq,qcm_conserve,"Conditions fédérales, âge, certification et exercice distincts ; choix numériques ou qualifications voisines.","Un candidat satisfait déjà aux conditions de niveau, d’expérience et d’âge pour la formation N2 FFESSM. Quelle paire de documents justifie son affiliation fédérale et l’absence de contre-indication médicale ?",Licence FFESSM valide + CACI conforme aux règles fédérales,Carte N1 + CACI conforme aux règles fédérales / Licence FFESSM valide + carnet de plongée / Carte N1 + carnet de plongée
n2-prerogatives-prerequis-niveau-001,cards/n2/01-prerogatives.yaml,mcq,mcq,qcm_conserve,"Conditions fédérales, âge, certification et exercice distincts ; choix numériques ou qualifications voisines.",Quel brevet ou certification doit-on avoir au minimum pour commencer une formation N2 FFESSM ?,Le N1 FFESSM ou une certification aux aptitudes jugées équivalentes,"Le N1 FFESSM exclusivement, sans équivalence acceptée / Une qualification PE40 est exigée avant toute entrée en formation N2 / Une qualification PA20 est exigée avant toute entrée en formation N2"
n2-prerogatives-experience-naturel-001,cards/n2/01-prerogatives.yaml,mcq,mcq,qcm_conserve,"Conditions fédérales, âge, certification et exercice distincts ; choix numériques ou qualifications voisines.","Combien de plongées attestées en milieu naturel sont demandées au minimum pour débuter une formation PA20, PE40 ou N2 FFESSM ?",Quatre,Deux / Six / Huit
n2-prerogatives-cmas-etoiles-001,cards/n2/01-prerogatives.yaml,mcq,mcq,qcm_conserve,"Conditions fédérales, âge, certification et exercice distincts ; choix numériques ou qualifications voisines.",À quelle certification CMAS le N2 FFESSM est-il associé dans le cursus fédéral ?,Plongeur deux étoiles,Plongeur une étoile / Plongeur trois étoiles / Moniteur deux étoiles
n2-prerogatives-etranger-regles-001,cards/n2/01-prerogatives.yaml,mcq,mcq,qcm_conserve,"Conditions fédérales, âge, certification et exercice distincts ; choix numériques ou qualifications voisines.","À l’étranger, une structure reconnaît la carte N2/CMAS d’un plongeur. Comment déterminer dans quelles conditions il pourra y plonger ?",Appliquer les conditions locales et celles de la structure d’accueil,Appliquer les prérogatives françaises du N2 dans toute structure qui reconnaît la carte / Appliquer les prérogatives CMAS comme règles communes à tous les pays
n2-organisation-palanquee-001,cards/n2/02-organisation.yaml,mcq,mcq,qcm_conserve,"Rôle, obligation minimale, matériel individuel/collectif et contexte réglementaire explicités.","En France, quels paramètres doivent caractériser la plongée effectuée en commun par les membres d’une palanquée ?","Durée, profondeur et trajet communs","Durée et trajet communs, profondeur choisie séparément / Profondeur et trajet communs, durée choisie séparément / Durée et profondeur communes, trajet choisi séparément"
n2-organisation-melanges-contraintes-001,cards/n2/02-organisation.yaml,mcq,mcq,qcm_conserve,"Rôle, obligation minimale, matériel individuel/collectif et contexte réglementaire explicités.","En France, une palanquée regroupe des plongeurs aux aptitudes différentes utilisant des mélanges différents. Quelles contraintes fixent les limites de tout le groupe ?",Les aptitudes les plus restrictives et le mélange le plus contraignant,Les aptitudes les plus restrictives ; chaque mélange limite seulement son utilisateur / Le mélange le plus contraignant ; chaque aptitude limite seulement son titulaire / Les aptitudes et le mélange du plongeur qui conduit le groupe
n2-organisation-dp-parametres-001,cards/n2/02-organisation.yaml,mcq,mcq,qcm_conserve,"Rôle, obligation minimale, matériel individuel/collectif et contexte réglementaire explicités.","Pour une plongée N2 organisée en France par un établissement, quelle fonction est chargée de fixer les paramètres prévus, notamment la profondeur et la durée ?",Le directeur de plongée (DP),"Le guide de palanquée, au seul titre de guide / Les plongeurs autonomes, indépendamment du DP / L’encadrant le plus qualifié présent, indépendamment de sa fonction"
n2-organisation-dp-secours-001,cards/n2/02-organisation.yaml,mcq,mcq,qcm_conserve,"Rôle, obligation minimale, matériel individuel/collectif et contexte réglementaire explicités.","Dans une plongée organisée en France par un établissement, quelle fonction porte la responsabilité technique de l’organisation de la sécurité et du déclenchement des secours ?",Le directeur de plongée (DP),"Le guide de palanquée, au seul titre de guide / Le chef de bord, au seul titre de responsable du bateau / L’encadrant le plus qualifié, indépendamment de sa fonction"
n2-organisation-fiche-securite-001,cards/n2/02-organisation.yaml,mcq,mcq,qcm_conserve,"Rôle, obligation minimale, matériel individuel/collectif et contexte réglementaire explicités.","Sur la fiche de sécurité établie par le DP, quels paramètres de plongée faut-il inscrire en plus des noms, aptitudes et rôles des plongeurs ?",Les paramètres prévus et ceux réellement réalisés,Les paramètres prévus uniquement / Les paramètres réellement réalisés uniquement
n2-organisation-guide-conduite-001,cards/n2/02-organisation.yaml,mcq,mcq,qcm_conserve,"Rôle, obligation minimale, matériel individuel/collectif et contexte réglementaire explicités.","Pendant une exploration PE40 en milieu naturel, comment le guide doit-il conduire la palanquée dans le cadre fixé par le DP ?","Adapter la conduite aux circonstances et aux aptitudes, dans les limites fixées par le DP","Adapter la conduite aux circonstances, dans les limites PE40 même au-delà de celles du DP / Respecter les paramètres du DP, en lui laissant seul l’adaptation aux aptitudes des équipiers"
n2-organisation-autonomie-collective-001,cards/n2/02-organisation.yaml,mcq,mcq,qcm_conserve,"Rôle, obligation minimale, matériel individuel/collectif et contexte réglementaire explicités.","Dans la formation PA20 FFESSM, quelle responsabilité collective s’ajoute à la maîtrise de sa propre plongée ?",Planifier en commun et être capable d’intervenir auprès d’un équipier en difficulté,"Planifier en commun, l’assistance restant une compétence propre au guide / Surveiller son matériel, le contrôle du matériel des équipiers relevant seulement du DP / Maîtriser sa remontée, l’assistance étant exigée seulement pour l’aptitude PE40"
n2-organisation-plan-secours-001,cards/n2/02-organisation.yaml,mcq,mcq,qcm_conserve,"Rôle, obligation minimale, matériel individuel/collectif et contexte réglementaire explicités.","Pour une plongée organisée en France, quelle proposition réunit les exigences de préparation et de diffusion du plan de secours ?","Un document écrit adapté au site, actualisé, connu du DP, des encadrants et des autonomes","Un document écrit adapté au site, actualisé, connu seulement du DP / Un document écrit standard, sans adaptation au site, connu de tous les plongeurs / Un document écrit adapté au site, sans actualisation nécessaire, connu des encadrants"
n2-organisation-vhf-001,cards/n2/02-organisation.yaml,mcq,mcq,qcm_conserve,"Rôle, obligation minimale, matériel individuel/collectif et contexte réglementaire explicités.","En France, un bateau support organise une plongée en mer et dispose d’un téléphone avec du réseau. Quelle exigence de communication reste applicable ?",Une radio VHF doit être disponible à bord,Le téléphone dispense de VHF tant que le réseau est disponible / La VHF n’est exigée que si le bateau s’éloigne de la côte / La VHF n’est exigée que si des paliers sont prévus
n2-organisation-eau-couverture-001,cards/n2/02-organisation.yaml,mcq,mcq,qcm_conserve,"Rôle, obligation minimale, matériel individuel/collectif et contexte réglementaire explicités.","Pour une plongée organisée en France par un établissement, quelle combinaison d’eau et de protection thermique doit être disponible avec le matériel de secours ?",De l’eau douce potable et une couverture isothermique,"De l’eau douce potable, la couverture isothermique étant facultative / Une couverture isothermique, l’eau potable étant facultative"
n2-organisation-oxygene-capacite-001,cards/n2/02-organisation.yaml,mcq,mcq,qcm_conserve,"Rôle, obligation minimale, matériel individuel/collectif et contexte réglementaire explicités.","Pour une plongée organisée en France, jusqu’à quel moment la réserve d’oxygène médical doit-elle permettre une prise en charge adaptée de la victime ?",Jusqu’à l’arrivée des secours médicaux,Jusqu’au retour du bateau au port / Jusqu’au début du transport vers le centre de soins
n2-organisation-fiche-evacuation-001,cards/n2/02-organisation.yaml,mcq,mcq,qcm_conserve,"Rôle, obligation minimale, matériel individuel/collectif et contexte réglementaire explicités.","Quel document réglementaire doit être disponible, en plus du plan de secours, pour transmettre les renseignements relatifs à une victime de plongée ?",La fiche d’évacuation,La fiche de sécurité de la palanquée / Le carnet de plongée de la victime / Le plan de secours du site
n2-organisation-bloc-secours-001,cards/n2/02-organisation.yaml,mcq,mcq,qcm_conserve,"Rôle, obligation minimale, matériel individuel/collectif et contexte réglementaire explicités.","Pour une plongée organisée à l’air en France, quelle configuration répond à l’exigence de bouteille de secours disponible sur le site ?",Un bloc d’air de secours avec son détendeur monté,"Un bloc d’air de secours sans détendeur, avec transfert prévu depuis un bloc personnel / Un bloc d’oxygène médical en remplacement du bloc d’air de secours / Un bloc d’air personnel supplémentaire sans détendeur monté"
n2-organisation-rappel-bateau-001,cards/n2/02-organisation.yaml,mcq,mcq,qcm_conserve,"Rôle, obligation minimale, matériel individuel/collectif et contexte réglementaire explicités.","Pour une plongée organisée en France, dans quel ensemble de situations un moyen de rappel des plongeurs depuis la surface est-il obligatoire ?",Une plongée en milieu naturel au départ d’une embarcation,"Une plongée en mer avec paliers, mais pas les autres plongées depuis une embarcation / Une plongée autonome depuis une embarcation, mais pas une plongée encadrée / Une plongée en mer depuis une embarcation, mais pas en lac depuis une embarcation"
n2-organisation-tables-assistance-001,cards/n2/02-organisation.yaml,mcq,mcq,qcm_conserve,"Rôle, obligation minimale, matériel individuel/collectif et contexte réglementaire explicités.","En milieu naturel en France, le jeu de tables collectif doit être disponible sur le lieu de mise à l’eau ou d’immersion dès que la profondeur prévue dépasse quel seuil ?",6 m,10 m / 20 m / 40 m
n2-organisation-gilet-surface-001,cards/n2/02-organisation.yaml,mcq,mcq,qcm_conserve,"Rôle, obligation minimale, matériel individuel/collectif et contexte réglementaire explicités.","En milieu naturel en France, quelle exigence minimale s’applique au système permettant à chaque plongeur en circuit ouvert de regagner la surface et de s’y maintenir ?",Un système individuel gonflable au gaz comprimé,Un système individuel gonflable uniquement à la bouche / Un système au gaz comprimé porté seulement par le guide / Un parachute gonflable commun à la palanquée
n2-organisation-gaz-equipier-001,cards/n2/02-organisation.yaml,mcq,mcq,qcm_conserve,"Rôle, obligation minimale, matériel individuel/collectif et contexte réglementaire explicités.","En milieu naturel en France, quelle est l’exigence minimale de fourniture de gaz à un équipier pour chaque plongeur autonome, et pour chaque plongeur encadré à plus de 20 m ?",Un dispositif fournissant du gaz à un équipier par un embout distinct,"Deux détendeurs complets sur deux sorties indépendantes pour chaque plongeur / Un embout unique que les deux plongeurs utilisent alternativement / Un équipement de gaz uniquement chez le guide, quand la palanquée est encadrée"
n2-organisation-parametres-personnels-001,cards/n2/02-organisation.yaml,mcq,mcq,qcm_conserve,"Rôle, obligation minimale, matériel individuel/collectif et contexte réglementaire explicités.","En milieu naturel en France, deux plongeurs PA20 partagent le même profil de plongée. Un seul équipement de contrôle, porté par l’un et consulté par les deux, suffit-il pour la profondeur, la durée et la remontée ?",Non : chacun doit disposer de ses équipements de contrôle personnels,Oui : un ordinateur commun suffit avec la même profondeur et la même durée / Oui : un ordinateur commun suffit si les plongées précédentes ont été identiques / Oui : un ordinateur commun suffit si les deux plongeurs restent sans palier obligatoire
n2-organisation-encadrant-detendeurs-001,cards/n2/02-organisation.yaml,mcq,mcq,qcm_conserve,"Rôle, obligation minimale, matériel individuel/collectif et contexte réglementaire explicités.","En milieu naturel en France, quelle est la configuration respiratoire minimale exigée pour la personne qui encadre la palanquée ?","Deux sorties indépendantes, chacune équipée d’un détendeur complet","Deux sorties indépendantes, avec un seul détendeur complet monté / Une sortie équipée d’un premier étage et de deux deuxièmes étages / Une sortie équipée d’un premier étage et de trois deuxièmes étages"
n2-organisation-parachute-palanquee-001,cards/n2/02-organisation.yaml,mcq,mcq,qcm_conserve,"Rôle, obligation minimale, matériel individuel/collectif et contexte réglementaire explicités.","En milieu naturel en France, quel est le minimum exigé pour la disponibilité d’un parachute de palier ?",Au moins un parachute par palanquée,Au moins un parachute par plongeur / Au moins un parachute pour toutes les palanquées du bateau
n2-documents-caci-validite-medecin-001,cards/n2/03-documents-environnement.yaml,mcq,mcq,qcm_conserve,"Documents, portée géographique et conditions d’usage distincts.","Pour un adulte pratiquant la plongée N2 FFESSM à l’air, hors cas médical particulier, quelle ancienneté maximale du CACI et quelle exigence de médecin s’appliquent ?",Moins d’un an ; médecin fédéral non obligatoire,Moins d’un an ; médecin fédéral obligatoire / Moins de deux ans ; médecin fédéral non obligatoire / Moins de trois ans ; médecin fédéral obligatoire
n2-documents-licence-affiliation-001,cards/n2/03-documents-environnement.yaml,mcq,mcq,qcm_conserve,"Documents, portée géographique et conditions d’usage distincts.","Que prouve la licence FFESSM de pratique d’un plongeur pour sa période de validité, par opposition à son brevet et à son CACI ?",Son affiliation fédérale pour la période de validité,Ses aptitudes d’exploration correspondant au niveau N2 / Son absence de contre-indication médicale pour la plongée / La validation par le DP des paramètres de sa prochaine plongée
n2-documents-assurance-rc-aia-001,cards/n2/03-documents-environnement.yaml,mcq,mcq,qcm_conserve,"Documents, portée géographique et conditions d’usage distincts.",Quelle répartition des risques distingue la responsabilité civile (RC) de la licence FFESSM et une assurance individuelle accident ?,RC : dommages causés à autrui ; individuelle accident : propres blessures selon le contrat,"RC : propres blessures ; individuelle accident : dommages causés à autrui / RC et individuelle accident : mêmes blessures personnelles, seuls les plafonds diffèrent"
n2-documents-zones-reglementees-001,cards/n2/03-documents-environnement.yaml,mcq,mcq,qcm_conserve,"Documents, portée géographique et conditions d’usage distincts.","Pour savoir si une plongée est autorisée dans une zone marine protégée, quelle réglementation faut-il vérifier ?",Les règles de plongée propres à cette zone protégée,Les seules prérogatives de profondeur du Code du sport / Les seules conditions générales du brevet détenu
n2-documents-prelevements-observation-001,cards/n2/03-documents-environnement.yaml,mcq,mcq,qcm_conserve,"Documents, portée géographique et conditions d’usage distincts.","Lors d’une plongée d’observation, quelle conduite adopter envers les organismes et les objets naturels, même s’ils semblent sans valeur ?","Les laisser à leur place, sans prélèvement ni déplacement",Prélever seulement les éléments morts ou détachés / Déplacer seulement les organismes gênant le parcours
n2-documents-decouverte-archeologique-001,cards/n2/03-documents-environnement.yaml,mcq,mcq,qcm_conserve,"Documents, portée géographique et conditions d’usage distincts.","En mer en France, un plongeur découvre un objet présentant un intérêt archéologique. Que doit-il en faire, et dans quel délai doit-il déclarer la découverte ?",Le laisser intact à sa place ; déclarer dans les 48 heures,Le laisser intact à sa place ; déclarer dans les sept jours / Le remonter pour l’identifier ; déclarer dans les 48 heures / Le déplacer pour le protéger du courant ; déclarer dans les sept jours
n2-documents-peche-scaphandre-001,cards/n2/03-documents-environnement.yaml,mcq,mcq,qcm_conserve,"Documents, portée géographique et conditions d’usage distincts.","En pêche sous-marine de loisir en mer en France, quelles règles s’appliquent à l’usage d’un scaphandre et à la présence d’un scaphandre avec un fusil sous-marin sur le même bateau ?",Usage pour pêcher interdit ; présence des deux à bord interdite sauf dérogation préfectorale,Usage pour pêcher interdit ; présence des deux à bord autorisée si les utilisateurs sont différents / Usage pour pêcher autorisé hors réserve ; présence des deux à bord interdite sauf dérogation préfectorale
n2-documents-pavillon-alpha-001,cards/n2/03-documents-environnement.yaml,mcq,mcq,qcm_conserve,"Documents, portée géographique et conditions d’usage distincts.",Quelles sont les couleurs du pavillon Alpha utilisé pour signaler la plongée depuis une embarcation en mer ?,Bleu et blanc,Rouge avec une diagonale blanche / Rouge avec une croix blanche / Jaune et bleu
n2-documents-distance-navires-locale-001,cards/n2/03-documents-environnement.yaml,mcq,mcq,qcm_corrige,"Opposer portée locale et prétendue règle uniforme, plutôt que des documents de brevet sans rapport.","Avant une plongée sur un site côtier français, dans quels textes vérifier les distances d’approche et limitations de vitesse imposées aux navires autour des plongeurs signalés ?","La réglementation maritime du site, notamment les arrêtés de la préfecture maritime","Une distance nationale unique de 100 m applicable à tous les sites / Le règlement FFESSM des bateaux supports, identique sur toutes les façades"
n2-documents-suivi-bloc-001,cards/n2/03-documents-environnement.yaml,mcq,mcq,qcm_conserve,"Documents, portée géographique et conditions d’usage distincts.",Une inspection visuelle à jour suffit-elle à remplacer la requalification d’un bloc de plongée arrivée à échéance ?,Non : l’inspection ne reporte pas la requalification exigible,Oui : elle reporte l’échéance jusqu’à l’inspection suivante / Oui : elle remplace la requalification si le bloc reste étanche
n2-documents-federation-role-001,cards/n2/03-documents-environnement.yaml,mcq,mcq,qcm_conserve,"Documents, portée géographique et conditions d’usage distincts.","Dans le réseau FFESSM, qui définit le cursus fédéral et qui organise localement les formations et les plongées ?",FFESSM : cursus ; clubs et SCA : activités locales,Clubs et SCA : cursus ; FFESSM : activités locales / CMAS : cursus fédéral français ; FFESSM : activités locales
n2-documents-cmas-role-001,cards/n2/03-documents-environnement.yaml,mcq,mcq,qcm_corrige,Alternatives de certification comparables ; retrait des autorisations de site hors sujet.,Une certification de plongée porte une référence CMAS. À quoi renvoie cette référence ?,À des standards internationaux de formation,À des prérogatives légales de profondeur uniformes entre pays / À des équivalences automatiques entre tous les cursus fédéraux
n2-pression-force-surface-001,cards/n2/04-pression.yaml,mcq,mcq,qcm_conserve,"Pression absolue/relative, unités, force/surface et atmosphère distinguées ; hypothèses numériques explicites.",Une force perpendiculaire F est répartie uniformément sur une surface S. Quelle relation donne la pression moyenne P ?,P = F / S,P = F × S / P = S / F
n2-pression-variation-force-surface-001,cards/n2/04-pression.yaml,basic,mcq,conversion_qcm,Conversion en QCM : alternatives issues d’erreurs de méthode ; réponse libre non nécessaire.,"On remplace une caisse par une autre deux fois plus lourde, dont la surface d’appui sur le sol est trois fois plus grande. Par quel facteur la pression moyenne sur le sol est-elle multipliée ?",× 2/3,× 3/2 / × 6
n2-pression-unites-001,cards/n2/04-pression.yaml,mcq,mcq,qcm_conserve,"Pression absolue/relative, unités, force/surface et atmosphère distinguées ; hypothèses numériques explicites.","Sur des instruments de plongée ou de météo, que mesurent les graduations bar, psi, hPa et mmHg ?",Des pressions dans différentes unités,Des masses volumiques dans différentes unités / Des forces dans différentes unités
n2-pression-masse-force-001,cards/n2/04-pression.yaml,mcq,mcq,qcm_conserve,"Pression absolue/relative, unités, force/surface et atmosphère distinguées ; hypothèses numériques explicites.","Dans la phrase « une masse de 1 kg exerce son poids sur une surface de 1 cm² », quelles sont respectivement les unités SI de la masse, du poids et de la pression ?",kg ; N ; Pa,kg ; kg ; Pa / N ; kg ; Pa / kg ; Pa ; N
n2-pression-atmosphere-origine-001,cards/n2/04-pression.yaml,mcq,mcq,qcm_conserve,"Pression absolue/relative, unités, force/surface et atmosphère distinguées ; hypothèses numériques explicites.","Pourquoi subit-on une pression atmosphérique à la surface, même lorsqu’il n’y a pas de vent ?",Le poids de la colonne d’air située au-dessus,La vitesse de déplacement des masses d’air / La vapeur d’eau présente dans l’air uniquement
n2-pression-altitude-001,cards/n2/04-pression.yaml,mcq,mcq,qcm_conserve,"Pression absolue/relative, unités, force/surface et atmosphère distinguées ; hypothèses numériques explicites.","À conditions météorologiques comparables, la pression atmosphérique réelle à la surface d’un lac de montagne est-elle plus faible, égale ou plus forte qu’au niveau de la mer ?",Plus faible,Plus forte / Égale
n2-pression-meteo-001,cards/n2/04-pression.yaml,mcq,mcq,qcm_conserve,"Pression absolue/relative, unités, force/surface et atmosphère distinguées ; hypothèses numériques explicites.","Au même endroit et à la même altitude, le passage d’un système dépressionnaire à un système anticyclonique fait-il varier la pression atmosphérique ? Dans quel sens ?","Oui, elle augmente","Oui, elle diminue / Non, elle reste constante à altitude identique"
n2-pression-hydrostatique-001,cards/n2/04-pression.yaml,mcq,mcq,qcm_conserve,"Pression absolue/relative, unités, force/surface et atmosphère distinguées ; hypothèses numériques explicites.","Dans une eau au repos, que représente la pression hydrostatique ajoutée à la pression atmosphérique ?",La pression due au poids de l’eau au-dessus,La pression totale de l’eau et de l’atmosphère / La différence entre pression du bloc et pression ambiante
n2-pression-absolue-six-metres-001,cards/n2/04-pression.yaml,basic,mcq,conversion_qcm,Conversion en QCM : alternatives issues d’erreurs de méthode ; réponse libre non nécessaire.,"À 6 m de profondeur, quelle est la pression absolue ambiante ? Prendre 1 bar de pression atmosphérique et une augmentation hydrostatique de 1 bar tous les 10 m.","1,6 bar absolu","0,6 bar absolu / 2,6 bars absolus"
n2-pression-meme-profondeur-001,cards/n2/04-pression.yaml,mcq,mcq,qcm_conserve,"Pression absolue/relative, unités, force/surface et atmosphère distinguées ; hypothèses numériques explicites.","Deux plongeurs sont à 10 m sous la même surface : l’un au-dessus d’un fond de 12 m, l’autre au-dessus d’un fond de 40 m. Dans la même eau au repos, de densité uniforme, comment leurs pressions ambiantes se comparent-elles ?",Elles sont égales,Elle est plus élevée au-dessus du fond de 40 m / Elle est plus élevée au-dessus du fond de 12 m
n2-pression-hydrostatique-calcul-001,cards/n2/04-pression.yaml,basic,mcq,conversion_qcm,Conversion en QCM : alternatives issues d’erreurs de méthode ; réponse libre non nécessaire.,"À 3 m, quelle pression est ajoutée par l’eau seule ? Utiliser le modèle de 1 bar tous les 10 m.","0,3 bar","1,3 bar / 3 bars"
n2-pression-profondeur-absolue-001,cards/n2/04-pression.yaml,basic,mcq,conversion_qcm,Conversion en QCM : alternatives issues d’erreurs de méthode ; réponse libre non nécessaire.,"À quelle profondeur la pression absolue vaut-elle 1,5 bar ? Prendre 1 bar à la surface et une augmentation de 1 bar tous les 10 m.",5 m,"15 m / 0,5 m"
n2-pression-profondeur-relative-001,cards/n2/04-pression.yaml,mcq,mcq,qcm_conserve,"Pression absolue/relative, unités, force/surface et atmosphère distinguées ; hypothèses numériques explicites.","Un capteur mesure 2 bars de pression relative à la surface, c’est-à-dire 2 bars ajoutés par l’eau. Quelle profondeur cela représente-t-il dans le modèle de 1 bar tous les 10 m ?",20 m,10 m / 30 m
n2-pression-double-atmosphere-001,cards/n2/04-pression.yaml,mcq,mcq,qcm_corrige,Deux anciens choix décrivaient la même erreur : demander la valeur correcte supprime cette ambiguïté.,"Sous l’eau, un capteur indique 3 bars de pression absolue. Un élève propose d’y ajouter 1 bar atmosphérique. Quelle pression ambiante faut-il finalement retenir ?",3 bars : la pression atmosphérique est déjà incluse,4 bars : il faut ajouter la pression atmosphérique / 2 bars : il faut retirer la pression atmosphérique
n2-pression-boyle-pressions-001,cards/n2/04-pression.yaml,mcq,mcq,qcm_conserve,"Pression absolue/relative, unités, force/surface et atmosphère distinguées ; hypothèses numériques explicites.","Pour appliquer P₁V₁ = P₂V₂ à un gaz passant de 10 à 20 m, quelles pressions utiliser ? La température et la quantité de gaz restent constantes ; prendre 1 bar à la surface et +1 bar par 10 m.",P₁ = 2 bars ; P₂ = 3 bars,P₁ = 1 bar ; P₂ = 2 bars / P₁ = 3 bars ; P₂ = 4 bars
n2-pression-rapports-001,cards/n2/04-pression.yaml,mcq,mcq,qcm_conserve,"Pression absolue/relative, unités, force/surface et atmosphère distinguées ; hypothèses numériques explicites.","Dans le modèle de 1 bar à la surface et +1 bar par 10 m, par quels facteurs la pression absolue est-elle multipliée lors des descentes 0 → 10 m, puis 10 → 20 m ?","×2, puis ×1,5","×2, puis ×2 / ×1,5, puis ×2 / ×2, puis ×3"
n2-pression-absolue-vingt-metres-001,cards/n2/04-pression.yaml,basic,mcq,conversion_qcm,Conversion en QCM : alternatives issues d’erreurs de méthode ; réponse libre non nécessaire.,Quelle est la pression absolue à 20 m de profondeur ? Utiliser le modèle simplifié : pression atmosphérique de 1 bar et augmentation hydrostatique de 1 bar tous les 10 m.,3 bars absolus,2 bars absolus / 4 bars absolus
n2-pression-absolue-trente-trois-metres-001,cards/n2/04-pression.yaml,basic,mcq,conversion_qcm,Conversion en QCM : alternatives issues d’erreurs de méthode ; réponse libre non nécessaire.,Quelle est la pression absolue à 33 m de profondeur ? Utiliser le modèle simplifié : pression atmosphérique de 1 bar et augmentation hydrostatique de 1 bar tous les 10 m.,"4,3 bars absolus","3,3 bars absolus / 5,3 bars absolus"
n2-pression-inverse-deux-huit-bars-001,cards/n2/04-pression.yaml,basic,mcq,conversion_qcm,Conversion en QCM : alternatives issues d’erreurs de méthode ; réponse libre non nécessaire.,"À quelle profondeur la pression absolue atteint-elle 2,8 bars ? Utiliser le modèle simplifié : pression atmosphérique de 1 bar et augmentation hydrostatique de 1 bar tous les 10 m.",18 m,28 m / 38 m
n2-pression-inverse-quatre-bars-001,cards/n2/04-pression.yaml,basic,mcq,conversion_qcm,Conversion en QCM : alternatives issues d’erreurs de méthode ; réponse libre non nécessaire.,À quelle profondeur la pression absolue atteint-elle 4 bars ? Utiliser le modèle simplifié : pression atmosphérique de 1 bar et augmentation hydrostatique de 1 bar tous les 10 m.,30 m,40 m / 50 m
n2-pression-hydrostatique-vingt-sept-metres-001,cards/n2/04-pression.yaml,basic,mcq,conversion_qcm,Conversion en QCM : alternatives issues d’erreurs de méthode ; réponse libre non nécessaire.,"À 27 m de profondeur, quelle est la pression hydrostatique due à l’eau seule ? Prendre une augmentation de 1 bar tous les 10 m.","2,7 bars","3,7 bars / 1,7 bar"
n2-pression-variation-remontee-001,cards/n2/04-pression.yaml,basic,mcq,conversion_qcm,Conversion en QCM : alternatives issues d’erreurs de méthode ; réponse libre non nécessaire.,Un plongeur remonte de 30 m à 12 m. De combien de bars la pression ambiante diminue-t-elle ? Utiliser le modèle simplifié : pression atmosphérique de 1 bar et augmentation hydrostatique de 1 bar tous les 10 m.,"1,8 bar","2,8 bars / 0,8 bar"
n2-pression-absolue-lac-001,cards/n2/04-pression.yaml,basic,mcq,conversion_qcm,Conversion en QCM : alternatives issues d’erreurs de méthode ; réponse libre non nécessaire.,"Dans un lac, la pression atmosphérique à la surface vaut 0,8 bar. Quelle est la pression absolue à 18 m ? Pour cet exercice, prendre une augmentation hydrostatique de 1 bar tous les 10 m.","2,6 bars absolus","2,8 bars absolus / 1,8 bar absolu"
n2-pression-inverse-lac-001,cards/n2/04-pression.yaml,basic,mcq,conversion_qcm,Conversion en QCM : alternatives issues d’erreurs de méthode ; réponse libre non nécessaire.,"Dans un lac où la pression atmosphérique vaut 0,8 bar, un capteur indique 2,3 bars de pression absolue. À quelle profondeur se trouve-t-il ? Pour cet exercice, prendre une augmentation hydrostatique de 1 bar tous les 10 m.",15 m,13 m / 23 m
n2-flottabilite-poids-reel-apparent-001,cards/n2/05-flottabilite.yaml,mcq,mcq,qcm_corrige,Remplacer une négation sur deux grandeurs par trois bilans physiques complets.,"Un bloc fermé paraît moins lourd lorsqu’on le tient immobile sous l’eau. Quelle proposition décrit correctement sa masse, son poids réel et son poids apparent ?",Masse et poids réel inchangés ; poids apparent réduit par la poussée,Masse inchangée ; poids réel et poids apparent réduits / Masse et poids réel réduits ; poussée d’Archimède inchangée
n2-flottabilite-archimede-001,cards/n2/05-flottabilite.yaml,mcq,mcq,qcm_conserve,"Masse, volume, poussée et poids apparent distingués ; signes et configuration donnés.",Un objet entièrement immergé dans une eau au repos déplace 4 L d’eau. De quoi dépend la valeur de la poussée d’Archimède qu’il reçoit ?,Du poids des 4 L d’eau déplacée,Du poids de l’objet immergé / Du poids de l’eau située au-dessus de l’objet
n2-flottabilite-relation-poids-apparent-001,cards/n2/05-flottabilite.yaml,mcq,mcq,qcm_conserve,"Masse, volume, poussée et poids apparent distingués ; signes et configuration donnés.","En prenant le sens vers le bas comme positif, quelle relation donne le poids apparent d’un objet immergé à partir de son poids réel et de la poussée d’Archimède ?",Poids apparent = poids réel − poussée,Poids apparent = poids réel + poussée / Poids apparent = poussée − poids réel
n2-flottabilite-signe-001,cards/n2/05-flottabilite.yaml,mcq,mcq,qcm_conserve,"Masse, volume, poussée et poids apparent distingués ; signes et configuration donnés.","Un objet entièrement immergé est initialement immobile et libre de bouger. Son poids apparent, défini par poids réel moins poussée d’Archimède, vaut −10 N. Quelle est sa tendance initiale dans une eau au repos ?",Il commence à remonter : sa flottabilité est positive,Il commence à couler : sa flottabilité est négative / Il reste à cette profondeur : sa flottabilité est neutre
n2-flottabilite-calcul-cinq-kg-001,cards/n2/05-flottabilite.yaml,basic,mcq,conversion_qcm,Conversion en QCM : alternatives issues d’erreurs de méthode ; réponse libre non nécessaire.,Un objet a une masse de 5 kg et un volume extérieur de 3 L. Quel est son poids apparent ? Objet entièrement immergé en eau douce ; prendre 1 kg par litre d’eau et g = 10 N/kg. Le poids apparent est défini par poids réel moins poussée d’Archimède.,+20 N,−20 N / +80 N
n2-flottabilite-calcul-deux-kg-001,cards/n2/05-flottabilite.yaml,basic,mcq,conversion_qcm,Conversion en QCM : alternatives issues d’erreurs de méthode ; réponse libre non nécessaire.,Un objet a une masse de 2 kg et un volume extérieur de 3 L. Quel est son poids apparent ? Objet entièrement immergé en eau douce ; prendre 1 kg par litre d’eau et g = 10 N/kg. Le poids apparent est défini par poids réel moins poussée d’Archimède.,−10 N,+10 N / +50 N
n2-flottabilite-calcul-neutre-001,cards/n2/05-flottabilite.yaml,basic,mcq,conversion_qcm,Conversion en QCM : alternatives issues d’erreurs de méthode ; réponse libre non nécessaire.,Un objet a une masse de 3 kg et un volume extérieur de 3 L. Quel est son poids apparent ? Objet entièrement immergé en eau douce ; prendre 1 kg par litre d’eau et g = 10 N/kg. Le poids apparent est défini par poids réel moins poussée d’Archimède.,0 N,+30 N / +60 N
n2-flottabilite-volume-portance-001,cards/n2/05-flottabilite.yaml,basic,mcq,conversion_qcm,Conversion en QCM : alternatives issues d’erreurs de méthode ; réponse libre non nécessaire.,Un objet de 8 kg et de volume extérieur 5 L est entièrement immergé en eau douce. Quel volume supplémentaire doit déplacer un flotteur fixé à l’objet pour rendre l’ensemble neutre ? Prendre 1 kg par litre d’eau ; négliger la masse du flotteur et du gaz qu’il contient.,3 L supplémentaires,5 L supplémentaires / 8 L supplémentaires
n2-flottabilite-lest-caisson-001,cards/n2/05-flottabilite.yaml,basic,mcq,conversion_qcm,Conversion en QCM : alternatives issues d’erreurs de méthode ; réponse libre non nécessaire.,"Un caisson étanche de masse 1,5 kg et de volume extérieur 3 L est entièrement immergé en eau douce. Quelle masse de lest faut-il ajouter pour rendre l’ensemble neutre ? Prendre 1 kg par litre d’eau et négliger le volume du lest ajouté.","1,5 kg","3 kg / 4,5 kg"
n2-flottabilite-volume-double-001,cards/n2/05-flottabilite.yaml,mcq,mcq,qcm_conserve,"Masse, volume, poussée et poids apparent distingués ; signes et configuration donnés.","Un objet entièrement immergé conserve la même masse, mais son volume extérieur double. Dans la même eau, que devient sa poussée d’Archimède ?",Elle double,Elle reste identique / Elle est divisée par deux
n2-flottabilite-neoprene-001,cards/n2/05-flottabilite.yaml,mcq,mcq,qcm_corrige,Comparer masse et volume dans les trois choix ; suppression du changement de densité de l’eau hors sujet.,"À la descente, pourquoi une combinaison humide en néoprène perd-elle de sa flottabilité ?",Le volume diminue alors que la masse change très peu,Le volume reste constant alors que la masse augmente / Le volume reste constant alors que la masse diminue
n2-flottabilite-gilet-001,cards/n2/05-flottabilite.yaml,mcq,mcq,qcm_conserve,"Masse, volume, poussée et poids apparent distingués ; signes et configuration donnés.","À profondeur constante, on transfère de l’air du bloc vers le gilet, sans rejet de gaz. Pourquoi cela augmente-t-il la flottabilité de l’ensemble plongeur-équipement ?","Son volume extérieur augmente, alors que sa masse totale reste pratiquement constante","Son volume extérieur reste constant, alors que sa masse totale diminue / Son volume extérieur et sa masse totale augmentent, car le gilet reçoit de l’air"
n2-flottabilite-poumon-ballast-001,cards/n2/05-flottabilite.yaml,mcq,mcq,qcm_conserve,"Masse, volume, poussée et poids apparent distingués ; signes et configuration donnés.","En plongée en scaphandre à circuit ouvert, que devient la flottabilité pendant une inspiration normale, sans action sur le gilet ?",Elle augmente avec le volume des poumons,Elle diminue avec le volume des poumons / Elle reste identique tant que le gilet ne change pas de volume
n2-flottabilite-respiration-001,cards/n2/05-flottabilite.yaml,mcq,mcq,qcm_corrige,"Retirer la respiration libre du recto, qui révélait directement le bon choix.","En scaphandre à circuit ouvert, comment utiliser le poumon-ballast pour ajuster sa flottabilité ?",Moduler son volume pulmonaire en poursuivant le cycle respiratoire,Bloquer après inspiration tant que le gilet reste entièrement purgé / Bloquer après expiration tant que la profondeur reste constante
n2-flottabilite-bloc-consomme-001,cards/n2/05-flottabilite.yaml,mcq,mcq,qcm_conserve,"Masse, volume, poussée et poids apparent distingués ; signes et configuration donnés.","Entre le début et la fin d’une plongée à circuit ouvert, le même bloc rigide contient moins d’air. À profondeur identique, quel changement explique qu’il soit moins lourd dans l’eau ?","Sa masse diminue, tandis que son volume extérieur reste pratiquement constant","Sa masse reste constante, tandis que son volume extérieur augmente / Sa masse et son volume extérieur diminuent dans la même proportion"
n2-flottabilite-combinaison-lest-001,cards/n2/05-flottabilite.yaml,mcq,mcq,qcm_conserve,"Masse, volume, poussée et poids apparent distingués ; signes et configuration donnés.","Un plongeur remplace sa combinaison humide par une autre, plus épaisse. Peut-il déterminer exactement son nouveau lestage à partir de la seule différence d’épaisseur ?",Non : réévaluer le lestage avec l’équipement complet,Oui : appliquer une correction fixe par millimètre ajouté / Oui : conserver le lestage si la taille est identique
n2-flottabilite-eau-douce-mer-001,cards/n2/05-flottabilite.yaml,mcq,mcq,qcm_conserve,"Masse, volume, poussée et poids apparent distingués ; signes et configuration donnés.","Un plongeur correctement lesté en eau douce garde le même équipement pour plonger en mer, dans une eau plus dense. Dans quel sens le besoin de lest évolue-t-il généralement ?",Il augmente,Il diminue / Il reste identique
n2-flottabilite-carnet-lestage-001,cards/n2/05-flottabilite.yaml,mcq,mcq,qcm_conserve,"Masse, volume, poussée et poids apparent distingués ; signes et configuration donnés.","Pour pouvoir réutiliser un réglage de lestage noté dans son carnet, quelles informations faut-il conserver en plus des kilogrammes de lest ?","Eau, équipement et conditions du contrôle, dont pression du bloc","Eau, profondeur maximale et durée totale de la plongée / Équipement, profondeur maximale et vitesse de remontée"
n2-flottabilite-parachute-traction-001,cards/n2/05-flottabilite.yaml,mcq,mcq,qcm_corrige,Même situation et même force dans tous les choix ; retrait des effets inventés sur la soupape et le gaz.,Un dévidoir accroché au plongeur se bloque pendant le lancement du parachute. Quel risque motive la consigne de le garder décroché de soi ?,La traction du parachute peut provoquer une remontée incontrôlée,La traction du parachute peut provoquer une descente incontrôlée / La traction est absorbée par le gilet et modifie surtout l’équilibre horizontal
n2-flottabilite-perte-lest-001,cards/n2/05-flottabilite.yaml,mcq,mcq,qcm_conserve,"Masse, volume, poussée et poids apparent distingués ; signes et configuration donnés.",Un plongeur stabilisé perd accidentellement une poche de plombs. Pourquoi risque-t-il de partir vers la surface ?,La perte de poids dépasse la perte de poussée,La perte de poids est compensée par la perte de poussée / La perte de plomb augmente le volume d’eau déplacé
n2-flottabilite-surlestage-001,cards/n2/05-flottabilite.yaml,mcq,mcq,qcm_corrige,"Confusions poids compensé, traînée et pression ; retrait de la moyenne pression hors sujet.","Pourquoi porter trop de lest peut-il augmenter l’effort et la consommation d’air, même lorsque le plongeur compense avec son gilet ?",Plus de gaz dans le gilet peut dégrader la position et accroître la traînée,"Une fois neutre, le plongeur doit encore porter sous l’eau tout le poids du lest ajouté / À profondeur égale, le lest supplémentaire augmente la pression du gaz respiré"
n2-flottabilite-palier-bloc-allege-001,cards/n2/05-flottabilite.yaml,mcq,mcq,qcm_conserve,"Masse, volume, poussée et poids apparent distingués ; signes et configuration donnés.","Un plongeur était correctement stabilisé en début de plongée. En fin de plongée, il doit palmer pour rester immergé à faible profondeur, avec un gilet entièrement purgé, une combinaison humide et une respiration normale. Pourquoi un lestage vérifié seulement avec le bloc plein peut-il expliquer cette difficulté ?",Le bloc a perdu la masse du gaz consommé,Le bloc reçoit moins de poussée à mesure que son gaz diminue / Le gaz consommé a réduit le volume extérieur du bloc
n2-flottabilite-volume-neutre-001,cards/n2/05-flottabilite.yaml,basic,mcq,conversion_qcm,Conversion en QCM : alternatives issues d’erreurs de méthode ; réponse libre non nécessaire.,Un objet rigide de masse 6 kg est entièrement immergé dans de l’eau de masse volumique 1 kg/L. Quel volume extérieur doit-il avoir pour être de flottabilité neutre ?,6 L,"0,6 L / 60 L"
n2-flottabilite-volume-lest-001,cards/n2/05-flottabilite.yaml,basic,mcq,conversion_qcm,Conversion en QCM : alternatives issues d’erreurs de méthode ; réponse libre non nécessaire.,"Un caisson de 1,5 kg et 3 L reçoit un lest dont le volume extérieur est de 0,1 L. Quelle masse doit avoir ce lest pour rendre l’ensemble neutre, entièrement immergé dans de l’eau à 1 kg/L ?","1,6 kg","1,5 kg / 1,4 kg"
n2-flottabilite-calcul-eau-salee-001,cards/n2/05-flottabilite.yaml,basic,mcq,conversion_qcm,Conversion en QCM : alternatives issues d’erreurs de méthode ; réponse libre non nécessaire.,"Un objet de 4 kg et 4 L est entièrement immergé dans une eau salée de masse volumique 1,025 kg/L. Quel est son poids apparent ? Prendre g = 10 N/kg et poids apparent = poids réel − poussée d’Archimède.",−1 N,0 N / +1 N
n2-gaz-loi-boyle-001,cards/n2/06-gaz-autonomie.yaml,mcq,mcq,qcm_conserve,"Quantité de gaz, volume, pression, débit et réserve distingués ; erreurs de phases et d’unités comme leurres.","Une quantité fixe de gaz parfait reste à température constante. Si sa pression absolue est multipliée par 3, que devient son volume ?",Il est divisé par 3,Il est multiplié par 3 / Il est divisé par 2
n2-gaz-conditions-001,cards/n2/06-gaz-autonomie.yaml,mcq,mcq,qcm_conserve,"Quantité de gaz, volume, pression, débit et réserve distingués ; erreurs de phases et d’unités comme leurres.","Pour utiliser P₁V₁ = P₂V₂ entre deux états d’un même gaz parfait, quelles grandeurs doivent rester constantes ?",La température et la quantité de gaz,La température et la pression / La quantité de gaz et le volume
n2-gaz-ballon-surface-vingt-001,cards/n2/06-gaz-autonomie.yaml,basic,mcq,conversion_qcm,Conversion en QCM : alternatives issues d’erreurs de méthode ; réponse libre non nécessaire.,Un ballon contient 12 L d’air à la surface. Quel volume occupe cet air à 20 m ? Le ballon est souple et fermé ; la température est constante et la tension de sa paroi négligeable. Prendre 1 bar à la surface et +1 bar tous les 10 m. Assimiler l’air à un gaz parfait.,4 L,6 L / 36 L
n2-gaz-ballon-surface-dix-001,cards/n2/06-gaz-autonomie.yaml,basic,mcq,conversion_qcm,Conversion en QCM : alternatives issues d’erreurs de méthode ; réponse libre non nécessaire.,Un ballon contient 6 L d’air à la surface. Quel volume occupe cet air à 10 m ? Le ballon est souple et fermé ; la température est constante et la tension de sa paroi négligeable. Prendre 1 bar à la surface et +1 bar tous les 10 m. Assimiler l’air à un gaz parfait.,3 L,6 L / 12 L
n2-gaz-ballon-surface-quarante-001,cards/n2/06-gaz-autonomie.yaml,basic,mcq,conversion_qcm,Conversion en QCM : alternatives issues d’erreurs de méthode ; réponse libre non nécessaire.,Un ballon contient 10 L d’air à la surface. Quel volume occupe cet air à 40 m ? Le ballon est souple et fermé ; la température est constante et la tension de sa paroi négligeable. Prendre 1 bar à la surface et +1 bar tous les 10 m. Assimiler l’air à un gaz parfait.,2 L,"2,5 L / 50 L"
n2-gaz-ballon-remontee-001,cards/n2/06-gaz-autonomie.yaml,basic,mcq,conversion_qcm,Conversion en QCM : alternatives issues d’erreurs de méthode ; réponse libre non nécessaire.,Un ballon contient 2 L d’air à 20 m. Quel volume occuperait cet air à la surface ? Supposer une enveloppe assez extensible pour ne pas limiter l’expansion. Le ballon est souple et fermé ; la température est constante et la tension de sa paroi négligeable. Prendre 1 bar à la surface et +1 bar tous les 10 m. Assimiler l’air à un gaz parfait.,6 L,4 L / 2/3 L
n2-gaz-ballon-entre-profondeurs-001,cards/n2/06-gaz-autonomie.yaml,basic,mcq,conversion_qcm,Conversion en QCM : alternatives issues d’erreurs de méthode ; réponse libre non nécessaire.,Un ballon contient 4 L d’air à 10 m. Quel sera son volume à 30 m ? Le ballon est souple et fermé ; la température est constante et la tension de sa paroi négligeable. Prendre 1 bar à la surface et +1 bar tous les 10 m. Assimiler l’air à un gaz parfait.,2 L,4/3 L / 8 L
n2-gaz-expansion-comparaison-001,cards/n2/06-gaz-autonomie.yaml,mcq,mcq,qcm_conserve,"Quantité de gaz, volume, pression, débit et réserve distingués ; erreurs de phases et d’unités comme leurres.","Deux ballons souples fermés contiennent chacun 2 L à leur profondeur de départ. L’un remonte de 10 m à la surface ; l’autre de 20 m à 10 m. Quels volumes atteignent-ils, respectivement ? Température constante, parois sans effet mécanique et assez extensibles. Prendre 1 bar à la surface et +1 bar tous les 10 m. Assimiler l’air à un gaz parfait.",4 L et 3 L,4 L et 4 L / 3 L et 4 L
n2-gaz-bloc-rigide-001,cards/n2/06-gaz-autonomie.yaml,mcq,mcq,qcm_conserve,"Quantité de gaz, volume, pression, débit et réserve distingués ; erreurs de phases et d’unités comme leurres.","Un bloc fermé de volume intérieur 12 L est descendu de la surface à 20 m, sans fuite et à température constante. Son volume intérieur devient-il 4 L comme celui d’un ballon souple ?",Non : le volume reste pratiquement de 12 L,Oui : le gaz et le bloc se compriment jusqu’à 4 L / Non : le bloc garde 12 L mais le gaz n’en occupe plus que 4
n2-gaz-gilet-descente-001,cards/n2/06-gaz-autonomie.yaml,mcq,mcq,qcm_conserve,"Quantité de gaz, volume, pression, débit et réserve distingués ; erreurs de phases et d’unités comme leurres.","Un plongeur stabilisé descend de quelques mètres et devient plus négatif sans avoir modifié le gaz de son gilet. Quel ajustement du gilet permet de retrouver la stabilisation, et pourquoi procéder progressivement ?",Ajouter de petites quantités de gaz et contrôler l’effet,Ajouter en une fois le volume qui compensait à la surface / Purger par petites quantités pour rétablir la poussée
n2-gaz-gilet-remontee-001,cards/n2/06-gaz-autonomie.yaml,mcq,mcq,qcm_corrige,"Opposer expansion progressive et hypothèses erronées, sans alimentation spontanée fictive.",Un plongeur commence une remontée avec du gaz dans son gilet. Pourquoi peut-il devoir purger plusieurs fois pendant cette remontée ?,Le gaz restant se dilate encore après une première purge,Une première purge remet le gaz à la pression de surface pour tout le trajet / Le gaz restant conserve son volume après la purge mais la poussée augmente
n2-gaz-masque-descente-001,cards/n2/06-gaz-autonomie.yaml,mcq,mcq,qcm_conserve,"Quantité de gaz, volume, pression, débit et réserve distingués ; erreurs de phases et d’unités comme leurres.","À la descente, comment remettre l’intérieur du masque à la pression ambiante pour éviter son placage sur le visage ?",Expirer doucement par le nez dans le masque,"Expirer plus fortement par la bouche dans le détendeur / Souffler nez pincé, sans envoyer d’air dans le masque"
n2-gaz-oreille-descente-001,cards/n2/06-gaz-autonomie.yaml,mcq,mcq,qcm_conserve,"Quantité de gaz, volume, pression, débit et réserve distingués ; erreurs de phases et d’unités comme leurres.",Pourquoi faut-il équilibrer les oreilles régulièrement et sans forcer pendant la descente ?,Égaliser la pression des deux côtés du tympan,Augmenter la pression dans le conduit auditif externe / Maintenir l’oreille moyenne à la pression de surface
n2-gaz-detendeur-pression-001,cards/n2/06-gaz-autonomie.yaml,mcq,mcq,qcm_conserve,"Quantité de gaz, volume, pression, débit et réserve distingués ; erreurs de phases et d’unités comme leurres.","À 20 m, à quelle pression absolue le deuxième étage d’un détendeur délivre-t-il approximativement l’air respiré ? Prendre 1 bar à la surface et +1 bar tous les 10 m.",3 bars,1 bar / 2 bars
n2-gaz-debit-vingt-001,cards/n2/06-gaz-autonomie.yaml,basic,mcq,conversion_qcm,Conversion en QCM : alternatives issues d’erreurs de méthode ; réponse libre non nécessaire.,"À 20 m, un plongeur ventile 20 L d’air par minute mesurés à la pression ambiante. À quel débit d’air ramené à 1 bar cela correspond-il ? Prendre 1 bar à la surface et +1 bar tous les 10 m. Température supposée constante.",60 L/min à 1 bar,40 L/min à 1 bar / 20/3 L/min à 1 bar
n2-gaz-debit-trente-001,cards/n2/06-gaz-autonomie.yaml,basic,mcq,conversion_qcm,Conversion en QCM : alternatives issues d’erreurs de méthode ; réponse libre non nécessaire.,"À 30 m, un plongeur ventile 18 L/min mesurés à la pression ambiante. Quel est le débit correspondant ramené à 1 bar ? Prendre 1 bar à la surface et +1 bar tous les 10 m. Température supposée constante.",72 L/min à 1 bar,"54 L/min à 1 bar / 4,5 L/min à 1 bar"
n2-gaz-stock-nominal-001,cards/n2/06-gaz-autonomie.yaml,basic,mcq,conversion_qcm,Conversion en QCM : alternatives issues d’erreurs de méthode ; réponse libre non nécessaire.,Un bloc de volume intérieur 12 L affiche 200 bars au manomètre. Quel stock nominal d’air ramené à 1 bar obtient-on avec l’approximation de cours volume intérieur × pression manométrique ?,2 400 L à 1 bar,1 800 L à 1 bar / 600 L à 1 bar
n2-gaz-stock-quinze-001,cards/n2/06-gaz-autonomie.yaml,basic,mcq,conversion_qcm,Conversion en QCM : alternatives issues d’erreurs de méthode ; réponse libre non nécessaire.,Un bloc de volume intérieur 15 L affiche 180 bars au manomètre. Quel stock nominal ramené à 1 bar donne l’approximation de cours volume intérieur × pression manométrique ?,2 700 L à 1 bar,1 950 L à 1 bar / 750 L à 1 bar
n2-gaz-duree-stock-donne-001,cards/n2/06-gaz-autonomie.yaml,basic,mcq,conversion_qcm,Conversion en QCM : alternatives issues d’erreurs de méthode ; réponse libre non nécessaire.,Une phase théorique se déroule uniquement à 10 m. On lui alloue 1 200 L d’air ramenés à 1 bar. Le débit respiratoire de référence est de 20 L/min à 1 bar et la ventilation reste identique à cette profondeur. Combien de minutes couvre ce stock pour cette seule phase ? Prendre 1 bar à la surface et +1 bar tous les 10 m.,30 min,60 min / 120 min
n2-gaz-rapport-autonomie-001,cards/n2/06-gaz-autonomie.yaml,mcq,mcq,qcm_conserve,"Quantité de gaz, volume, pression, débit et réserve distingués ; erreurs de phases et d’unités comme leurres.","Un même stock d’air alimente un plongeur dont le volume ventilé par minute reste identique. Dans un modèle à profondeur constante, quelle fraction de la durée obtenue à la surface obtient-on à 40 m ? Prendre 1 bar à la surface et +1 bar tous les 10 m. Gaz parfait et température constante.",Un cinquième,Un quart / La moitié
n2-gaz-duree-fond-planification-001,cards/n2/06-gaz-autonomie.yaml,mcq,mcq,qcm_corrige,Erreurs de planification et d’unités directement liées au calcul ; retrait du bloc qui change de volume.,Un calcul divise tout le stock nominal du bloc par la consommation à la profondeur du fond. Pourquoi le résultat ne donne-t-il pas directement le temps disponible pour explorer ?,"Il alloue à l’exploration le gaz qui doit aussi servir au retour, à la remontée et aux imprévus","Il suffit d’en retrancher le temps des paliers, sans recalculer le gaz nécessaire à leurs profondeurs / Il suffit d’en retrancher la réserve en bars comme s’il s’agissait de minutes"
n2-gaz-debit-variable-001,cards/n2/06-gaz-autonomie.yaml,mcq,mcq,qcm_corrige,"Comparer débit de référence, profondeur et débit en bars ; suppression de la baisse avec le stress trop facile.",On utilise une consommation mesurée au calme pour prévoir une plongée froide avec du courant. Quelle limite de cette estimation doit-on prendre en compte ?,"Le débit respiratoire de référence peut augmenter avec l’effort, le froid ou le stress","Seul le facteur de profondeur change le débit ramené à 1 bar, pas les conditions de plongée / La consommation en bars par minute reste transposable, même si le volume du bloc change"
n2-gaz-chute-pression-001,cards/n2/06-gaz-autonomie.yaml,basic,mcq,conversion_qcm,Conversion en QCM : alternatives issues d’erreurs de méthode ; réponse libre non nécessaire.,"Sur une phase de 10 min à 20 m, un bloc de 12 L passe de 180 à 130 bars. Quelle consommation de référence, ramenée à une pression ambiante de 1 bar, cela représente-t-il ? Prendre 3 bars absolus à 20 m ; gaz parfait, température constante, tout l’air perdu ayant été respiré.",20 L/min à 1 bar,60 L/min à 1 bar / 180 L/min à 1 bar
n2-gaz-comparaison-equipiers-001,cards/n2/06-gaz-autonomie.yaml,basic,mcq,conversion_qcm,Conversion en QCM : alternatives issues d’erreurs de méthode ; réponse libre non nécessaire.,"Pour une même phase théorique à 20 m, A a un bloc de 12 L à 150 bars et un débit de référence de 20 L/min à 1 bar ; B, un bloc de 15 L à 150 bars et un débit de 30 L/min. Chacun doit conserver 60 bars à la fin de cette phase. Qui atteint ce seuil le premier ? Gaz parfait à température constante ; prendre 3 bars absolus à 20 m.",B après 15 min ; A après 18 min,"A après 18 min ; B après 22,5 min / A et B après 18 min"
n2-gaz-stock-utilisable-001,cards/n2/06-gaz-autonomie.yaml,basic,mcq,conversion_qcm,Conversion en QCM : alternatives issues d’erreurs de méthode ; réponse libre non nécessaire.,Un bloc de 12 L affiche 200 bars. Un exercice impose de conserver 70 bars. Quel volume d’air peut-on prélever avant d’atteindre ce seuil ? Modèle de gaz parfait à température constante ; volumes d’air exprimés à 1 bar.,1 560 L à 1 bar,2 400 L à 1 bar / 840 L à 1 bar
n2-gaz-duree-avec-seuil-001,cards/n2/06-gaz-autonomie.yaml,basic,mcq,conversion_qcm,Conversion en QCM : alternatives issues d’erreurs de méthode ; réponse libre non nécessaire.,Un bloc de 12 L à 200 bars alimente une phase théorique uniquement à 20 m. Il doit rester au moins 70 bars à la fin. Le débit respiratoire de référence est 20 L/min à 1 bar. Quelle durée couvre le gaz alloué à cette phase ? Prendre 1 bar à la surface et +1 bar tous les 10 m. Modèle de gaz parfait à température constante ; volumes d’air exprimés à 1 bar.,26 min,40 min / 78 min
n2-gaz-pression-initiale-001,cards/n2/06-gaz-autonomie.yaml,basic,mcq,conversion_qcm,Conversion en QCM : alternatives issues d’erreurs de méthode ; réponse libre non nécessaire.,Une phase théorique de 15 min à 20 m doit se terminer avec au moins 60 bars dans un bloc de 12 L. Le débit respiratoire de référence vaut 20 L/min à 1 bar. Quelle pression manométrique initiale minimale faut-il pour cette seule phase ? Prendre 1 bar à la surface et +1 bar tous les 10 m. Modèle de gaz parfait à température constante ; volumes d’air exprimés à 1 bar.,135 bars,75 bars / 85 bars
n2-gaz-deux-phases-001,cards/n2/06-gaz-autonomie.yaml,basic,mcq,conversion_qcm,Conversion en QCM : alternatives issues d’erreurs de méthode ; réponse libre non nécessaire.,"Un exercice comporte deux phases : 8 min à 20 m, puis 6 min à 10 m, avec un débit respiratoire de référence de 20 L/min à 1 bar. Quel volume d’air faut-il pour ces deux phases seules, hors transitions et réserve ? Prendre 1 bar à la surface et +1 bar tous les 10 m. Modèle de gaz parfait à température constante ; volumes d’air exprimés à 1 bar.",720 L à 1 bar,840 L à 1 bar / 560 L à 1 bar
n2-gaz-reserve-volumes-001,cards/n2/06-gaz-autonomie.yaml,basic,mcq,conversion_qcm,Conversion en QCM : alternatives issues d’erreurs de méthode ; réponse libre non nécessaire.,Une baisse de pression de 50 bars dans un bloc de 12 L fournit-elle le même volume d’air qu’une baisse de 50 bars dans un bloc de 15 L ? Calculer les deux volumes. Modèle de gaz parfait à température constante ; volumes d’air exprimés à 1 bar.,"12 L : 600 L ; 15 L : 750 L, à 1 bar","12 L : 750 L ; 15 L : 600 L, à 1 bar / 12 L : 600 L ; 15 L : 600 L, à 1 bar"
n2-gaz-deux-equipiers-001,cards/n2/06-gaz-autonomie.yaml,basic,mcq,conversion_qcm,Conversion en QCM : alternatives issues d’erreurs de méthode ; réponse libre non nécessaire.,"Deux équipiers respirent sur le même stock pendant une phase théorique de 3 min à 20 m. Leurs débits de référence sont 30 et 40 L/min à 1 bar. Le stock alloué est de 600 L à 1 bar. Suffit-il pour cette phase seule ? Prendre 3 bars absolus, gaz parfait et température constante.",Non : besoin de 630 L à 1 bar,Oui : besoin de 420 L à 1 bar / Oui : besoin de 360 L à 1 bar
n2-gaz-effort-recalcul-001,cards/n2/06-gaz-autonomie.yaml,basic,mcq,conversion_qcm,Conversion en QCM : alternatives issues d’erreurs de méthode ; réponse libre non nécessaire.,"Une phase théorique de 10 min à 20 m était calculée avec un débit de référence de 20 L/min à 1 bar. On porte cette hypothèse à 30 L/min. Quel volume supplémentaire faut-il pour cette phase ? Prendre 3 bars absolus ; gaz parfait à température constante, volumes ramenés à 1 bar.",300 L supplémentaires,900 L supplémentaires / 100 L supplémentaires
n2-gaz-boyle-profondeur-inverse-001,cards/n2/06-gaz-autonomie.yaml,basic,mcq,conversion_qcm,Conversion en QCM : alternatives issues d’erreurs de méthode ; réponse libre non nécessaire.,"Un ballon souple fermé contient 3 L à 10 m, puis 2 L à une profondeur inconnue. Quelle est cette profondeur ? Gaz parfait, quantité et température constantes, paroi sans effet mécanique ; prendre 1 bar en surface et +1 bar tous les 10 m.",20 m,30 m / 5 m
n2-gaz-consommation-remontee-001,cards/n2/06-gaz-autonomie.yaml,basic,mcq,conversion_qcm,Conversion en QCM : alternatives issues d’erreurs de méthode ; réponse libre non nécessaire.,"Un exercice comporte seulement une remontée régulière de 20 m à la surface en 2 min, sans arrêt. Le débit respiratoire de référence reste 20 L/min à 1 bar. Quel volume de gaz ramené à 1 bar est consommé sur ce trajet ? Gaz parfait, température constante, 1 bar en surface et +1 bar/10 m ; profondeur décroissant linéairement avec le temps.",80 L à 1 bar,120 L à 1 bar / 40 L à 1 bar
n2-barotraumatismes-mecanisme-001,cards/n2/07-barotraumatismes.yaml,mcq,mcq,qcm_conserve,"Mécanisme, cavité concernée et conduite selon le bilan distingués ; absence de diagnostic certain sur un signe.",Qu’est-ce qui provoque une lésion barotraumatique dans une cavité contenant du gaz ?,Une différence de pression entre cavité gazeuse et environnement,"Une pression ambiante élevée, même avec la cavité équilibrée / Une diminution de la quantité d’azote dissous dans les tissus"
n2-barotraumatismes-placage-masque-001,cards/n2/07-barotraumatismes.yaml,mcq,mcq,qcm_conserve,"Mécanisme, cavité concernée et conduite selon le bilan distingués ; absence de diagnostic certain sur un signe.","À la descente, le masque se plaque douloureusement sur le visage malgré une sangle correctement réglée. Quel déséquilibre explique cet effet ventouse ?",La pression dans le masque est devenue inférieure à la pression de l’eau,"La pression dans le masque est devenue supérieure à la pression de l’eau / Les pressions sont égales, mais le gaz a augmenté de volume"
n2-barotraumatismes-sinus-communication-001,cards/n2/07-barotraumatismes.yaml,mcq,mcq,qcm_conserve,"Mécanisme, cavité concernée et conduite selon le bilan distingués ; absence de diagnostic certain sur un signe.",Par quelle voie l’air des sinus paranasaux communique-t-il avec l’air des fosses nasales pour suivre les variations de pression ?,Par de petits orifices reliant chaque sinus aux fosses nasales,Par les trompes d’Eustache reliant les sinus à l’oreille moyenne / Par un passage direct entre les sinus et le conduit auditif externe
n2-barotraumatismes-sinus-alerte-001,cards/n2/07-barotraumatismes.yaml,mcq,mcq,qcm_conserve,"Mécanisme, cavité concernée et conduite selon le bilan distingués ; absence de diagnostic certain sur un signe.",Quels signes peuvent faire suspecter un barotraumatisme des sinus pendant ou après une plongée ?,"Douleur faciale au front ou aux pommettes, parfois sang au nez",Marbrures du tronc et démangeaisons apparues après la sortie / Douleur profonde de l’épaule avec faiblesse d’un bras
n2-barotraumatismes-sinus-descente-001,cards/n2/07-barotraumatismes.yaml,mcq,mcq,qcm_corrige,"La question demande désormais les actions proposées, sans préjuger un oui/non.",Une douleur localisée aux sinus apparaît pendant la descente et ne s’efface pas spontanément. Quelle conduite adopter ?,Arrêter la descente et terminer la plongée de façon contrôlée,Maintenir la profondeur et forcer plusieurs équilibrages / Descendre plus lentement en attendant que la douleur cesse
n2-barotraumatismes-sinus-remontee-001,cards/n2/07-barotraumatismes.yaml,mcq,mcq,qcm_corrige,Distracteur anatomique lié au cours plutôt qu’une propriété mécanique incohérente du sinus.,Une descente sans douleur exclut-elle un barotraumatisme des sinus pendant la remontée ?,Non : un orifice peut s’obstruer et empêcher l’évacuation du gaz,Oui : l’équilibrage à la descente suffit à maintenir les pressions égales à la remontée / Oui : les trompes d’Eustache assurent l’évacuation du gaz des sinus à la remontée
n2-barotraumatismes-trompe-eustache-001,cards/n2/07-barotraumatismes.yaml,mcq,mcq,qcm_conserve,"Mécanisme, cavité concernée et conduite selon le bilan distingués ; absence de diagnostic certain sur un signe.","Lors de l’équilibrage, par quel conduit l’air atteint-il l’oreille moyenne depuis l’arrière du nez ?",La trompe d’Eustache,Le conduit auditif externe / Les canaux semi-circulaires de l’oreille interne
n2-barotraumatismes-rhume-equilibrage-001,cards/n2/07-barotraumatismes.yaml,mcq,mcq,qcm_corrige,Trois interprétations anatomiques du même constat ; suppression du détendeur hors sujet.,Pourquoi être capable de respirer par le nez malgré un rhume ne garantit-il pas que les oreilles et les sinus s’équilibreront correctement ?,Les fosses nasales peuvent rester ouvertes malgré des trompes ou des ostia obstrués,Les fosses nasales ouvertes garantissent une communication libre vers les oreilles et les sinus / Le passage d’air par le nez compense les cavités même si leurs petits conduits restent fermés
n2-barotraumatismes-position-descente-001,cards/n2/07-barotraumatismes.yaml,mcq,mcq,qcm_conserve,"Mécanisme, cavité concernée et conduite selon le bilan distingués ; absence de diagnostic certain sur un signe.",Pourquoi une descente lente tête en haut facilite-t-elle généralement l’équilibrage des oreilles par rapport à une descente tête en bas ?,L’air rejoint plus facilement l’oreille moyenne via les trompes,Le tympan subit moins de pression extérieure à profondeur égale / La tête en haut évite d’avoir à ouvrir les trompes d’Eustache
n2-barotraumatismes-vertige-alternobarique-001,cards/n2/07-barotraumatismes.yaml,mcq,mcq,qcm_conserve,"Mécanisme, cavité concernée et conduite selon le bilan distingués ; absence de diagnostic certain sur un signe.",Quel déséquilibre définit le vertige alternobarique en plongée ?,Une différence de pression entre les deux oreilles moyennes,Une différence de température entre les deux oreilles / Une différence de pression entre les sinus frontaux et maxillaires
n2-barotraumatismes-bouchons-oreilles-001,cards/n2/07-barotraumatismes.yaml,mcq,mcq,qcm_conserve,"Mécanisme, cavité concernée et conduite selon le bilan distingués ; absence de diagnostic certain sur un signe.",Pourquoi des bouchons étanches dans les oreilles peuvent-ils provoquer un barotraumatisme malgré un bon équilibrage de l’oreille moyenne ?,Ils isolent une poche de gaz dans le conduit auditif externe,Ils isolent une poche de gaz dans l’oreille moyenne / Ils empêchent l’oreille moyenne d’être alimentée par les trompes
n2-barotraumatismes-dents-gaz-001,cards/n2/07-barotraumatismes.yaml,mcq,mcq,qcm_corrige,Même poche gazeuse et mêmes variables dans les choix ; retrait du froid sans rapport.,Comment une obturation dentaire défectueuse peut-elle provoquer une douleur liée à la pression pendant une plongée ?,Une poche de gaz mal ventilée crée un déséquilibre de pression dans la dent,Une poche de gaz piégée garde le même volume et reste équilibrée à toute profondeur / Une baisse de pression ambiante comprime la poche de gaz et l’obturation
n2-barotraumatismes-douleur-dentaire-suivi-001,cards/n2/07-barotraumatismes.yaml,mcq,mcq,qcm_conserve,"Mécanisme, cavité concernée et conduite selon le bilan distingués ; absence de diagnostic certain sur un signe.","Après une douleur dentaire aiguë apparue à la remontée, pourquoi faut-il faire contrôler la dent avant de replonger, même si la douleur a cessé en surface ?",La dent ou l’obturation peut rester endommagée,La disparition de douleur confirme que la poche de gaz est éliminée / La pression de surface empêche le défaut de se reproduire
n2-barotraumatismes-gaz-digestifs-001,cards/n2/07-barotraumatismes.yaml,mcq,mcq,qcm_corrige,"Opposer volume, pression et quantité au lieu d’une augmentation fictive de masse.","À la remontée, pourquoi du gaz avalé ou déjà présent dans le tube digestif peut-il provoquer une distension douloureuse ?",Le gaz piégé tend à se dilater quand la pression baisse,Le gaz piégé tend à se comprimer quand la pression baisse / Le gaz piégé conserve son volume lorsque sa quantité reste constante
n2-barotraumatismes-surpression-mecanisme-001,cards/n2/07-barotraumatismes.yaml,mcq,mcq,qcm_conserve,"Mécanisme, cavité concernée et conduite selon le bilan distingués ; absence de diagnostic certain sur un signe.",Quel mécanisme peut provoquer une surpression pulmonaire chez un plongeur remontant après avoir respiré de l’air comprimé ?,Du gaz piégé se dilate et peut léser les alvéoles pulmonaires,Des bulles se forment à partir de l’azote dissous dans les tissus / La pression extérieure comprime progressivement les poumons
n2-barotraumatismes-faible-profondeur-001,cards/n2/07-barotraumatismes.yaml,mcq,mcq,qcm_conserve,"Mécanisme, cavité concernée et conduite selon le bilan distingués ; absence de diagnostic certain sur un signe.","Une surpression pulmonaire est-elle possible après une remontée de quelques mètres seulement en scaphandre, par exemple depuis le fond d’une piscine ?",Oui : du gaz piégé peut se dilater fortement près de la surface,Non : il faut au moins 2 bars de pression hydrostatique / Non : la faible durée en piscine empêche ce mécanisme
n2-barotraumatismes-signes-respiratoires-001,cards/n2/07-barotraumatismes.yaml,mcq,mcq,qcm_corrige,"Comparer des urgences plausibles et le rôle des paliers, au lieu d’opposer gravité et simple irritation.","Après une plongée avec paliers respectés, une douleur thoracique et une difficulté respiratoire apparaissent, parfois avec du sang dans les crachats. Quelle interprétation justifie une alerte urgente ?","Une lésion pulmonaire, notamment barotraumatique ou liée à un OPI, reste possible",Les paliers respectés excluent le barotraumatisme pulmonaire mais pas l’OPI / Les paliers respectés excluent l’OPI mais pas le barotraumatisme pulmonaire
n2-barotraumatismes-signes-neurologiques-001,cards/n2/07-barotraumatismes.yaml,mcq,mcq,qcm_conserve,"Mécanisme, cavité concernée et conduite selon le bilan distingués ; absence de diagnostic certain sur un signe.","Juste après la sortie de l’eau, un plongeur devient confus et perd la force d’un bras. Il ne se plaint pas de douleur thoracique. Peut-on écarter une complication grave de surpression pulmonaire ?",Non : une embolie gazeuse peut produire des signes neurologiques isolés,Oui : une embolie d’origine pulmonaire impose une douleur thoracique / Oui : une faiblesse isolée traduit seulement une fatigue musculaire
n2-barotraumatismes-alerte-oxygene-001,cards/n2/07-barotraumatismes.yaml,mcq,mcq,qcm_conserve,"Mécanisme, cavité concernée et conduite selon le bilan distingués ; absence de diagnostic certain sur un signe.","À la surface, un plongeur conscient qui respire présente des signes faisant suspecter un barotraumatisme pulmonaire. Quelles actions prioritaires faut-il engager ?","Alerte immédiate et oxygène adapté, avec surveillance","Observation d’abord, puis alerte si les signes persistent / Réimmersion assistée d’abord, puis oxygène à la sortie"
n2-barotraumatismes-amelioration-symptomes-001,cards/n2/07-barotraumatismes.yaml,mcq,mcq,qcm_conserve,"Mécanisme, cavité concernée et conduite selon le bilan distingués ; absence de diagnostic certain sur un signe.","Après une suspicion d’accident pulmonaire ou neurologique de plongée, les symptômes diminuent sous oxygène. Peut-on annuler l’évaluation médicale urgente ?",Non : poursuivre l’oxygène et maintenir l’évaluation urgente,Oui : suspendre la prise en charge dès disparition des signes / Oui : remplacer l’évaluation par une surveillance de la palanquée
n2-barotraumatismes-victime-non-respirante-001,cards/n2/07-barotraumatismes.yaml,mcq,mcq,qcm_corrige,Comparer les conduites selon le bilan vital ; faux choix issus de la confusion PLS/arrêt cardiaque.,Une victime d’accident de plongée est inconsciente et ne respire pas normalement. Quels gestes doivent être engagés en priorité ?,Réanimation cardio-respiratoire et alerte des secours,"Position latérale de sécurité, oxygène au masque et alerte / Oxygène au masque seul et alerte, avant de réévaluer la respiration"
n2-essoufflement-profondeur-001,cards/n2/08-essoufflement.yaml,mcq,mcq,qcm_corrige,Même objet respiratoire ; retrait de la pression du bloc délivrée directement aux poumons.,"À ventilation comparable, pourquoi respirer devient-il plus exigeant lorsque la profondeur augmente ?",La densité du gaz augmente et accroît les résistances à la ventilation,"Le débit ventilé est multiplié par la pression absolue, même à effort comparable / La densité du gaz diminue et réduit l’efficacité de chaque inspiration"
n2-essoufflement-co2-001,cards/n2/08-essoufflement.yaml,mcq,mcq,qcm_corrige,Débit total/alvéolaire et fréquence : trois propositions de physiologie comparables.,Pourquoi une respiration très rapide et superficielle peut-elle entretenir l’essoufflement au lieu de l’arrêter ?,Le débit alvéolaire peut rester insuffisant malgré un débit ventilé élevé,La fréquence respiratoire suffit à mesurer l’élimination alvéolaire du CO₂ / Le débit total ventilé et le débit utile aux alvéoles sont équivalents
n2-essoufflement-effort-001,cards/n2/08-essoufflement.yaml,mcq,mcq,qcm_corrige,Comparer production et élimination du CO₂ ; suppression des effets fictifs sur le gaz du bloc.,Un plongeur peu entraîné accélère fortement son palmage pour suivre une palanquée. Pourquoi cela favorise-t-il l’essoufflement ?,La production de CO₂ augmente et peut dépasser les capacités d’élimination,"La fréquence respiratoire augmente et garantit alors l’élimination du CO₂ / L’effort modifie surtout la quantité d’azote dissous, sans augmenter le CO₂ produit"
n2-essoufflement-air-pollue-001,cards/n2/08-essoufflement.yaml,mcq,mcq,qcm_corrige,"Même hypothèse de contamination, comparée à deux faux critères d’exclusion crédibles.",Plusieurs plongeurs dont les blocs ont été gonflés au même endroit présentent un malaise ou une gêne respiratoire. Quelle hypothèse supplémentaire faut-il transmettre aux secours ?,"Une contamination du gaz doit être envisagée, même sans odeur inhabituelle",Une contamination du gaz doit être envisagée seulement si son odeur est inhabituelle / Une contamination du gaz peut être écartée si la pression de gonflage était normale
n2-essoufflement-signes-001,cards/n2/08-essoufflement.yaml,mcq,mcq,qcm_conserve,"Effort, CO₂, ventilation alvéolaire, contamination et assistance distingués.",Quels signes peuvent annoncer un essoufflement en immersion avant une perte de contrôle ?,"Respiration haletante, manque d’air et récupération difficile",Douleur faciale et saignement nasal lors de la descente / Marbrures cutanées et douleur articulaire après la sortie
n2-essoufflement-panique-001,cards/n2/08-essoufflement.yaml,mcq,mcq,qcm_corrige,Erreurs de gestion de l’essoufflement à la place d’effets inventés sur le bloc et la densité.,Un plongeur essoufflé ressent une envie de retirer son détendeur et de remonter précipitamment. Pourquoi doit-il conserver une source de gaz et demander de l’aide ?,Retrait et fuite peuvent associer inhalation d’eau et remontée incontrôlée,Le retrait du détendeur laisse expirer le CO₂ et dispense d’une assistance / La fuite vers moins profond permet d’ignorer les contraintes de vitesse et de paliers
n2-essoufflement-premiers-signes-001,cards/n2/08-essoufflement.yaml,mcq,mcq,qcm_conserve,"Effort, CO₂, ventilation alvéolaire, contamination et assistance distingués.","En immersion, un plongeur présente un essoufflement pendant un palmage soutenu. Quelles premières actions engager avec la palanquée ?","Stopper l’effort, signaler et organiser une sortie assistée",Maintenir le palmage et ralentir volontairement sa respiration / S’écarter de la palanquée pour rejoindre directement la surface
n2-essoufflement-assistance-001,cards/n2/08-essoufflement.yaml,mcq,mcq,qcm_conserve,"Effort, CO₂, ventilation alvéolaire, contamination et assistance distingués.",Pourquoi une remontée assistée pour un plongeur essoufflé doit-elle rester contrôlée ?,Réduire l’effort en respectant vitesse et obligations de remontée,Remonter à la vitesse MN90 indépendamment de l’ordinateur / Viser la disparition de l’essoufflement avant de surveiller la vitesse
n2-essoufflement-courant-001,cards/n2/08-essoufflement.yaml,mcq,mcq,qcm_conserve,"Effort, CO₂, ventilation alvéolaire, contamination et assistance distingués.",La palanquée rencontre un courant contre lequel elle doit palmer fortement pour maintenir le trajet. Que faut-il remettre en cause avant l’épuisement ?,Adapter le trajet ou interrompre la plongée avec la palanquée,Conserver le trajet en utilisant le gaz jusqu’à la réserve habituelle / Accélérer le palmage pour réduire le temps passé dans le courant
n2-froid-bilan-thermique-001,cards/n2/09-froid.yaml,mcq,mcq,qcm_corrige,Trois raisonnements sur le bilan thermique ; suppression de la production de chaleur annulée et de toute protection inefficace.,Pourquoi peut-on se refroidir même en bougeant pendant une plongée ?,Les pertes de chaleur peuvent rester supérieures à la chaleur produite par l’effort,Produire plus de chaleur par l’effort suffit à rendre positif le bilan thermique / La protection thermique rend les pertes indépendantes de la durée d’immersion
n2-froid-signes-001,cards/n2/09-froid.yaml,mcq,mcq,qcm_conserve,"Bilan thermique, gravité, protection et état de conscience précisés.","En eau froide, un plongeur frissonne et n’arrive plus à manipuler ses attaches ou le dévidoir du parachute. Que doit faire la palanquée ?",Aider le plongeur et terminer ensemble de façon contrôlée,Poursuivre plus haut dans l’eau jusqu’à disparition des frissons / Poursuivre en supprimant les manipulations difficiles
n2-froid-fin-frissons-001,cards/n2/09-froid.yaml,mcq,mcq,qcm_corrige,Même constat clinique ; précision du diagnostic non certain et de la signification des frissons.,Un plongeur toujours très froid devient confus et cesse de frissonner. Pourquoi cela ne prouve-t-il pas qu’il se réchauffe ?,La confusion avec disparition des frissons peut indiquer une aggravation de l’hypothermie,La disparition des frissons indique un réchauffement malgré la confusion persistante / La confusion permet d’attribuer l’arrêt des frissons à la seule narcose
n2-froid-protection-001,cards/n2/09-froid.yaml,mcq,mcq,qcm_conserve,"Bilan thermique, gravité, protection et état de conscience précisés.","Pourquoi choisir une protection thermique en fonction de la température et de la durée prévues, plutôt que de la seule épaisseur écrite sur la combinaison ?","L’ajustement, l’état et les protections des extrémités comptent aussi",L’épaisseur nominale détermine à elle seule la protection / La profondeur maximale détermine à elle seule la protection
n2-froid-fatigue-001,cards/n2/09-froid.yaml,mcq,mcq,qcm_corrige,Mécanismes de compensation plausibles plutôt qu’un effet inverse fantaisiste de la fatigue.,Pourquoi partir fatigué ou avec des apports alimentaires insuffisants réduit-il la marge face au froid ?,Le manque d’énergie peut limiter la production de chaleur et les réactions,Les frissons suffisent à compenser le manque d’énergie tant qu’ils sont présents / Le repos avant immersion compense des apports insuffisants quelle que soit la durée
n2-froid-interactions-001,cards/n2/09-froid.yaml,mcq,mcq,qcm_corrige,Choix de longueur comparable sur les mêmes fonctions ; retrait de la narcose supprimée.,Pourquoi le froid peut-il compliquer une plongée profonde au-delà du seul inconfort ?,Les besoins ventilatoires peuvent augmenter et les gestes et le jugement se dégrader,"Les gestes se dégradent, mais le froid laisse les besoins ventilatoires inchangés / La ventilation augmente, mais le froid protège le jugement des effets de la profondeur"
n2-froid-sortie-001,cards/n2/09-froid.yaml,mcq,mcq,qcm_conserve,"Bilan thermique, gravité, protection et état de conscience précisés.","À la sortie d’eau, quelles mesures limitent les pertes de chaleur d’un plongeur refroidi qui reste conscient ?","Abri du vent, isolation et changement au sec sans nouvelle exposition",Retrait immédiat des vêtements mouillés avant toute mise à l’abri / Marche rapide en combinaison mouillée pour se réchauffer
n2-froid-rechauffement-001,cards/n2/09-froid.yaml,mcq,mcq,qcm_corrige,Trois conduites de réchauffement plausibles ; explication du risque cardiaque conservée.,"Après sa sortie de l’eau, un plongeur hypothermique reste confus. Quelle prise en charge engager en attendant les secours ?",L’isoler du froid et le manipuler doucement en déclenchant l’alerte,L’isoler du froid et frictionner vigoureusement ses membres en déclenchant l’alerte / L’isoler du froid et le faire marcher pour produire de la chaleur en déclenchant l’alerte
n2-froid-boisson-001,cards/n2/09-froid.yaml,mcq,mcq,qcm_conserve,"Bilan thermique, gravité, protection et état de conscience précisés.",Dans quelles conditions peut-on proposer une boisson tiède non alcoolisée à un plongeur légèrement refroidi ?,"Conscience complète et déglutition normale, sans vomissements","Conscience même fluctuante, si la boisson reste tiède / Frissons présents, même avec difficulté à avaler"
n2-narcose-air-001,cards/n2/10-narcose.yaml,mcq,mcq,qcm_corrige,Ne plus exclure la composition 80/20 directement dans le recto.,Quelle composition approximative de l’air sec faut-il distinguer du modèle simplifié utilisé dans certains exercices ?,"L’air sec est proche de 78 % N₂, 21 % O₂ et 1 % d’autres gaz","L’air sec est proche de 80 % N₂ et 20 % O₂ sans autres gaz / L’air sec est proche de 75 % N₂, 24 % O₂ et 1 % d’autres gaz"
n2-narcose-dalton-001,cards/n2/10-narcose.yaml,mcq,mcq,qcm_conserve,"Fraction/pression partielle, effets sous pression et signes persistants en surface distingués.","Dans un mélange gazeux idéal, comment calcule-t-on la pression partielle d’un gaz ?",Fraction du gaz × pression absolue totale,Fraction du gaz × pression hydrostatique seule / Pression absolue totale divisée par la fraction du gaz
n2-narcose-oxygene-trente-001,cards/n2/10-narcose.yaml,basic,mcq,conversion_qcm,Conversion en QCM : alternatives issues d’erreurs de méthode ; réponse libre non nécessaire.,"Dans le modèle d’air à 20 % d’oxygène, quelle est la pression partielle d’O₂ à 30 m ? Prendre 1 bar à la surface et +1 bar par 10 m.","0,8 bar","0,6 bar / 4 bars"
n2-narcose-azote-quarante-001,cards/n2/10-narcose.yaml,basic,mcq,conversion_qcm,Conversion en QCM : alternatives issues d’erreurs de méthode ; réponse libre non nécessaire.,"Dans le modèle d’air à 80 % d’azote, quelle est la pression partielle d’azote à 40 m ? Prendre 1 bar à la surface et +1 bar par 10 m.",4 bars,"3,2 bars / 5 bars"
n2-narcose-partielle-vingt-001,cards/n2/10-narcose.yaml,basic,mcq,conversion_qcm,Conversion en QCM : alternatives issues d’erreurs de méthode ; réponse libre non nécessaire.,Un mélange idéal contient 21 % d’oxygène. Quelle est sa pression partielle d’oxygène à une pression totale de 3 bars absolus ?,"0,63 bar","0,60 bar / 0,42 bar"
n2-narcose-fraction-pression-001,cards/n2/10-narcose.yaml,mcq,mcq,qcm_conserve,"Fraction/pression partielle, effets sous pression et signes persistants en surface distingués.","À composition d’air inchangée, pourquoi la pression partielle d’azote augmente-t-elle à la descente ?",La pression totale augmente alors que la fraction reste constante,La fraction d’azote augmente alors que la pression totale reste constante / La pression partielle suit la profondeur sans la pression atmosphérique
n2-narcose-effets-001,cards/n2/10-narcose.yaml,mcq,mcq,qcm_corrige,"Opposer pression partielle, fraction et charge résiduelle sans faux effet d’élimination accélérée.",Pourquoi la narcose à l’air s’accentue-t-elle généralement avec la profondeur ?,L’effet des gaz narcotiques est lié à leur pression partielle accrue,"L’effet dépend de leur fraction dans l’air, qui augmente à la descente / L’effet dépend surtout du gaz dissous accumulé, même après retour à 1 bar"
n2-narcose-variabilite-001,cards/n2/10-narcose.yaml,mcq,mcq,qcm_conserve,"Fraction/pression partielle, effets sous pression et signes persistants en surface distingués.",Un plongeur n’a jamais ressenti de narcose à 30 m. Peut-il considérer cette profondeur comme un seuil garanti sans effet pour ses prochaines plongées ?,Non : sensibilité et circonstances varient,Oui : une première plongée sans effet établit un seuil personnel / Oui : l’entraînement supprime la narcose à cette profondeur
n2-narcose-capacites-001,cards/n2/10-narcose.yaml,mcq,mcq,qcm_corrige,"Trois interprétations cognitives, sans pression partielle arbitrairement réduite.",Pourquoi une euphorie inhabituelle en profondeur peut-elle être aussi inquiétante qu’une angoisse ?,L’euphorie peut coexister avec une altération du jugement et de l’attention,L’euphorie améliore le jugement alors que l’angoisse le dégrade / L’euphorie épargne la mémoire alors que l’angoisse la dégrade
n2-narcose-conditions-001,cards/n2/10-narcose.yaml,mcq,mcq,qcm_conserve,"Fraction/pression partielle, effets sous pression et signes persistants en surface distingués.","Pourquoi fatigue, anxiété et manque de pratique récente doivent-ils inciter à choisir une plongée moins exigeante ?",L’état du jour peut réduire les capacités de gestion en profondeur,L’expérience antérieure compense automatiquement la fatigue / Le manque de pratique réduit la sensibilité aux gaz narcotiques
n2-narcose-medicaments-001,cards/n2/10-narcose.yaml,mcq,mcq,qcm_corrige,Question et réponses demandent la même démarche ; comparaison de méthodes d’évaluation.,Un plongeur prend un médicament provoquant somnolence ou ralentissement. Quelle démarche permet d’évaluer sa compatibilité avec une plongée profonde ?,Un avis médical tenant compte du traitement et de la plongée prévue,Un essai à faible profondeur qui suffit à valider la plongée profonde / Un changement d’horaire de prise qui suffit à valider la plongée profonde
n2-narcose-reaction-001,cards/n2/10-narcose.yaml,mcq,mcq,qcm_conserve,"Fraction/pression partielle, effets sous pression et signes persistants en surface distingués.","Lorsqu’une narcose est suspectée en immersion, quel changement de profondeur aide généralement à réduire ses effets ?",Remonter ensemble vers moins profond de façon contrôlée,Rester à la même profondeur jusqu’à accoutumance / Descendre ensemble jusqu’à stabilisation des sensations
n2-narcose-equipier-001,cards/n2/10-narcose.yaml,mcq,mcq,qcm_corrige,"La question demandait une cause, les choix donnaient des actions : demande désormais la conduite.","En profondeur, un équipier répond lentement aux signes et répète une manipulation inutile. Quelle conduite adopter face à cette altération inhabituelle ?",Assister l’équipier et organiser une remontée vers moins profond,Attendre qu’il termine la manipulation avant de réagir / Laisser l’équipier remonter seul pour simplifier ses tâches
n2-narcose-apres-sortie-001,cards/n2/10-narcose.yaml,mcq,mcq,qcm_corrige,"Interroger la distinction narcose/gaz dissous et la persistance, plutôt que reconnaître une alerte générique.",Pourquoi une confusion ou une faiblesse persistante après la sortie de l’eau ne doit-elle pas être simplement attribuée à une narcose vécue au fond ?,La narcose diminue normalement quand la pression baisse ; des signes persistants exigent une évaluation,La narcose disparaît seulement après élimination du gaz dissous ; attendre cette désaturation suffit / La narcose ressentie au fond explique les signes en surface ; les paliers respectés excluent une autre urgence
n2-add-henry-001,cards/n2/11-add.yaml,mcq,mcq,qcm_conserve,"Équilibre/cinétique, gaz dissous/bulles, modèle/mesure et bilan clinique distingués.","À température constante, quel effet a une augmentation de la pression partielle d’un gaz sur sa quantité dissoute à l’équilibre dans un liquide ?",Elle augmente proportionnellement à la pression partielle,"Elle augmente proportionnellement à la pression totale, quel que soit le mélange / Elle dépend du temps mais pas de la pression partielle à l’équilibre"
n2-add-bouteille-001,cards/n2/11-add.yaml,mcq,mcq,qcm_conserve,"Équilibre/cinétique, gaz dissous/bulles, modèle/mesure et bilan clinique distingués.",Pourquoi des bulles apparaissent-elles à l’ouverture d’une bouteille d’eau gazeuse ?,La baisse de pression rend le liquide sursaturé,L’ouverture augmente la quantité de gaz dissous à l’équilibre / La baisse de pression augmente la solubilité du gaz
n2-add-profondeur-001,cards/n2/11-add.yaml,mcq,mcq,qcm_corrige,"Trois modèles de charge à départ comparable, sans accélération d’élimination hors situation.","À durée et mélange respiré comparables, pourquoi une plongée plus profonde tend-elle à augmenter la charge en azote ?","La pression partielle d’azote augmente, favorisant son entrée dans les tissus","La fraction d’azote dans l’air augmente, favorisant son entrée dans les tissus / À mélange identique, la pression partielle reste constante et seule la durée compte"
n2-add-duree-001,cards/n2/11-add.yaml,mcq,mcq,qcm_conserve,"Équilibre/cinétique, gaz dissous/bulles, modèle/mesure et bilan clinique distingués.","À profondeur constante, pourquoi prolonger une plongée peut-il augmenter les obligations de désaturation ?",Des tissus continuent à se charger avant leur nouvel équilibre,La charge est fixée dès que la profondeur ne change plus / La saturation dépend de la profondeur maximale uniquement
n2-add-tissus-001,cards/n2/11-add.yaml,mcq,mcq,qcm_conserve,"Équilibre/cinétique, gaz dissous/bulles, modèle/mesure et bilan clinique distingués.",Pourquoi tous les tissus ne se chargent-ils pas en azote à la même vitesse ?,"Circulation, diffusion et solubilité diffèrent selon les tissus",La pression ambiante est différente dans chaque organe / Tous les tissus se chargent à la même vitesse mais pas en même quantité
n2-add-apres-sortie-001,cards/n2/11-add.yaml,mcq,mcq,qcm_corrige,Choix parallèles distinguant équilibre et vitesse des échanges.,Pourquoi sortir de l’eau ne signifie-t-il pas que tout l’azote supplémentaire a été éliminé ?,"Le retour à 1 bar change l’équilibre visé, mais les tissus l’atteignent progressivement",Le retour à 1 bar change l’équilibre et les tissus l’atteignent immédiatement / Le retour à 1 bar n’affecte pas les échanges tant qu’une autre plongée ne commence pas
n2-add-poumons-001,cards/n2/11-add.yaml,mcq,mcq,qcm_conserve,"Équilibre/cinétique, gaz dissous/bulles, modèle/mesure et bilan clinique distingués.",Par quel trajet l’azote dissous dans les tissus est-il éliminé pendant la désaturation ?,Tissus → sang → poumons → air expiré,Tissus → sang → reins → urine / Tissus → bulles obligatoires → poumons → air expiré
n2-add-bulles-001,cards/n2/11-add.yaml,mcq,mcq,qcm_corrige,"Mécanismes de dégazage comparables, sans consommation au fond hors sujet.",Pourquoi une diminution trop rapide de pression favorise-t-elle un accident de désaturation ?,Un excès de sursaturation peut favoriser des bulles et des lésions,La baisse de pression comprime le gaz dissous et les tissus qui le contiennent / Les bulles sont une étape nécessaire d’élimination que la remontée rapide rend plus efficace
n2-add-froid-effort-001,cards/n2/11-add.yaml,mcq,mcq,qcm_corrige,Trois interprétations des échanges ; suppression de la composition du bloc hors sujet.,Pourquoi la température et l’effort doivent-ils être pris en compte dans le risque de désaturation ?,"Ils modifient la circulation, avec un effet différent selon la phase de plongée",Ils influent sur le confort mais pas sur les échanges d’azote à profil identique / Ils facilitent autant l’élimination à la remontée que la prise d’azote au fond
n2-add-modele-001,cards/n2/11-add.yaml,mcq,mcq,qcm_corrige,Distinction modèle/mesure physiologique plutôt que des fonctions manifestement manquantes.,Un plongeur a respecté les indications de son ordinateur. Pourquoi un accident de désaturation reste-t-il possible ?,Il modélise la charge sans mesurer directement l’azote ou les bulles des tissus,Il mesure directement la charge des tissus mais peut manquer les symptômes tardifs / Il adapte automatiquement sa charge calculée à la fatigue et à la température corporelle
n2-add-retard-001,cards/n2/11-add.yaml,mcq,mcq,qcm_conserve,"Équilibre/cinétique, gaz dissous/bulles, modèle/mesure et bilan clinique distingués.",Pourquoi l’absence de symptôme immédiat au retour au bateau n’écarte-t-elle pas un accident de désaturation ?,Les signes peuvent apparaître après un délai en surface,Le retour à la pression atmosphérique exclut une origine de désaturation / Les signes doivent commencer au dernier palier pour évoquer un ADD
n2-add-peau-001,cards/n2/11-add.yaml,mcq,mcq,qcm_conserve,"Équilibre/cinétique, gaz dissous/bulles, modèle/mesure et bilan clinique distingués.","Après une plongée, des démangeaisons s’accompagnent de marbrures inhabituelles sur le tronc. Pourquoi faut-il les signaler rapidement ?",Un ADD cutané est possible et nécessite une évaluation,Une localisation cutanée exclut une atteinte liée à la désaturation / Des marbrures seules prouvent une allergie à la combinaison
n2-add-oreille-interne-001,cards/n2/11-add.yaml,mcq,mcq,qcm_conserve,"Équilibre/cinétique, gaz dissous/bulles, modèle/mesure et bilan clinique distingués.","Un vertige persiste après la sortie de l’eau, avec baisse d’audition. Pourquoi ne faut-il pas conclure à un simple problème d’équilibrage ?",Désaturation et barotraumatisme de l’oreille interne sont possibles,La baisse d’audition prouve une atteinte limitée à l’oreille moyenne / Le retour en surface exclut une atteinte vestibulaire de désaturation
n2-add-fatigue-001,cards/n2/11-add.yaml,mcq,mcq,qcm_conserve,"Équilibre/cinétique, gaz dissous/bulles, modèle/mesure et bilan clinique distingués.","Après une plongée, un équipier devient anormalement épuisé et se comporte différemment d’habitude. Pourquoi faut-il le signaler au responsable ?",Ces changements peuvent accompagner un accident de plongée,L’absence de douleur permet d’écarter un accident de plongée / L’absence de paralysie permet d’attendre la prochaine plongée
n2-add-oxygene-001,cards/n2/11-add.yaml,mcq,mcq,qcm_corrige,Trois mécanismes physiologiques ; retrait de l’annulation de prise en charge hors question.,"En cas de suspicion d’accident de désaturation, pourquoi administrer de l’oxygène en surface ?",Améliorer l’oxygénation et favoriser l’élimination du gaz inerte,Comprimer les bulles grâce à une pression respirée plus élevée / Compenser le CO₂ accumulé au fond sans modifier les échanges de gaz inerte
n2-add-position-001,cards/n2/11-add.yaml,mcq,mcq,qcm_conserve,"Équilibre/cinétique, gaz dissous/bulles, modèle/mesure et bilan clinique distingués.","Une victime consciente et qui respire présente un malaise après plongée. Quelle position lui proposer, notamment si elle est gênée pour respirer ?","Position confortable choisie, souvent assise si gêne respiratoire","Position allongée jambes surélevées, même si gêne respiratoire / Position latérale systématique pour toute victime consciente"
n2-add-eau-001,cards/n2/11-add.yaml,mcq,mcq,qcm_corrige,Limiter précisément les exclusions respiratoires et digestives ; la mention de tout trouble digestif était trop large.,Quelles conditions faut-il réunir avant de proposer de l’eau à une victime d’accident de plongée ?,"Consciente, coopérative, déglutition sûre, sans gêne respiratoire ni nausées ou vomissements","Consciente, coopérative, déglutition sûre, y compris avec gêne respiratoire / Consciente, coopérative, déglutition sûre, y compris avec nausées ou vomissements"
n2-add-transmission-001,cards/n2/11-add.yaml,mcq,mcq,qcm_conserve,"Équilibre/cinétique, gaz dissous/bulles, modèle/mesure et bilan clinique distingués.",Quelles informations conserver pour les secours lorsqu’un symptôme apparaît après une plongée ?,"Profils, chronologie des signes et gestes déjà réalisés","Profondeur maximale et brevet, sans historique des plongées / Dernier palier et pression du bloc, sans chronologie des signes"
n2-add-equipiers-001,cards/n2/11-add.yaml,mcq,mcq,qcm_conserve,"Équilibre/cinétique, gaz dissous/bulles, modèle/mesure et bilan clinique distingués.",Pourquoi surveiller également les autres membres de la palanquée lorsqu’un accident de désaturation est suspecté ?,Ils partagent une partie du profil mais peuvent réagir différemment,Le premier accident prouve que tous ont la même atteinte / L’absence de signes chez eux exclut un problème du profil commun
n2-add-evacuation-001,cards/n2/11-add.yaml,mcq,mcq,qcm_corrige,Choix d’évacuation réalistes et parallèles ; retrait de la formulation de contournement trop évidente.,Pourquoi faut-il organiser l’évacuation d’un accidenté avec les secours plutôt que partir spontanément vers le premier caisson trouvé ?,La régulation médicale choisit le transport et une structure adaptée et disponible,"Le caisson géographiquement le plus proche est prioritaire même si sa disponibilité reste inconnue / L’équipe sur place choisit le caisson et le trajet, les secours étant informés après le départ"
n2-add-remontee-001,cards/n2/11-add.yaml,mcq,mcq,qcm_conserve,"Équilibre/cinétique, gaz dissous/bulles, modèle/mesure et bilan clinique distingués.",Pourquoi respecter à la fois les paliers et la vitesse de remontée prévue par son moyen de désaturation ?,Vitesse et paliers font tous deux partie du profil de décompression,Les paliers compensent une vitesse excessive entre les arrêts / Une remontée lente dispense des paliers annoncés au fond
n2-add-effort-surface-001,cards/n2/11-add.yaml,mcq,mcq,qcm_corrige,Même effet physiologique à comparer ; suppression de la compression mécanique des tissus par le portage.,Pourquoi éviter de porter seul des charges lourdes juste après une plongée ?,L’effort intense peut accroître le risque lié aux bulles pendant la désaturation,L’effort intense accélère l’élimination sans autre effet sur le risque de désaturation / L’effort intense ne modifie le risque que s’il est réalisé avant la sortie de l’eau
n2-add-apnee-001,cards/n2/11-add.yaml,mcq,mcq,qcm_conserve,"Équilibre/cinétique, gaz dissous/bulles, modèle/mesure et bilan clinique distingués.",Pourquoi éviter d’enchaîner une séance d’apnée profonde après une plongée bouteille ?,L’apnée ajoute des variations de pression à une charge résiduelle,L’apnée accélère l’élimination de l’azote sans nouvelle contrainte / L’absence de détendeur supprime le risque de désaturation
n2-add-yoyo-001,cards/n2/11-add.yaml,mcq,mcq,qcm_corrige,Profils et modèle de table comparés ; remplacer les absolus faciles par une confusion modèle/physiologie.,Pourquoi les remontées et redescendes répétées ne doivent-elles pas être considérées comme équivalentes à une plongée stable à la même profondeur maximale ?,L’ordre des variations de pression influe sur la charge et l’élimination des gaz,Une même lecture de table prouve que les échanges physiologiques des deux profils sont identiques / La redescente rétablit automatiquement l’état des tissus précédant chaque remontée
n2-add-avion-001,cards/n2/11-add.yaml,mcq,mcq,qcm_conserve,"Équilibre/cinétique, gaz dissous/bulles, modèle/mesure et bilan clinique distingués.",Un plongeur sans symptôme a fait plusieurs plongées sans palier dans la journée. Quel intervalle minimal de surface recommande DAN avant un vol dont la pression en cabine correspond à une altitude de 610 à 2 438 m ?,Au moins 18 h,Au moins 12 h / Au moins 24 h
n2-add-articulation-001,cards/n2/11-add.yaml,mcq,mcq,qcm_conserve,"Équilibre/cinétique, gaz dissous/bulles, modèle/mesure et bilan clinique distingués.",Une douleur profonde inhabituelle à l’épaule apparaît après une plongée. Le plongeur la met sur le compte du portage du bloc. Quelle décision prendre ?,Signaler la douleur et demander une évaluation rapidement,Attendre une douleur thoracique pour demander une évaluation / Écarter l’ADD si la douleur suit un effort de portage
n2-tables-profil-carre-001,cards/n2/12-tables.yaml,mcq,mcq,qcm_conserve,"Conventions MN90, arrondis, durée fictive, intervalle et DTR précisés.","Dans la lecture classique des MN90, pourquoi retient-on la profondeur maximale plutôt que la profondeur moyenne ?",La table attribue toute la durée retenue à la profondeur maximale,La table attribue la durée à la moyenne des profondeurs extrêmes / La table attribue seulement le séjour au fond à la profondeur maximale
n2-tables-duree-001,cards/n2/12-tables.yaml,mcq,mcq,qcm_conserve,"Conventions MN90, arrondis, durée fictive, intervalle et DTR précisés.","Dans une plongée simple MN90 à remontée normale, entre quels instants compte-t-on la durée utilisée pour entrer dans la table ?",Du départ de la surface au début de la remontée,De l’arrivée au fond au début de la remontée / Du départ de la surface à la fin du dernier palier
n2-tables-arrondis-001,cards/n2/12-tables.yaml,mcq,mcq,qcm_conserve,"Conventions MN90, arrondis, durée fictive, intervalle et DTR précisés.","Exercice MN90 : la profondeur maximale est 19 m et la durée avant remontée 31 min 10 s. La table comporte 18 et 20 m, puis 30 et 35 min à 20 m. Quelle ligne retenir ?",20 m et 35 min,20 m et 30 min / 18 m et 35 min
n2-tables-domaine-001,cards/n2/12-tables.yaml,mcq,mcq,qcm_corrige,Ne pas donner la condition de gaz correcte dans le recto.,Pour quelles conditions de gaz et d’effort les tables MN90 ont-elles été établies ?,Air et effort physique modéré,Air et effort physique intense / Tout mélange suroxygéné et effort modéré
n2-tables-deux-plongees-001,cards/n2/12-tables.yaml,mcq,mcq,qcm_conserve,"Conventions MN90, arrondis, durée fictive, intervalle et DTR précisés.",La limite de deux plongées par 24 heures des tables MN90 devient-elle automatiquement une limite identique pour tout ordinateur ?,Non : consulter les limites du modèle d’ordinateur utilisé,Oui : cette limite des MN90 s’applique à tous les algorithmes / Non : l’usage d’un ordinateur supprime la prise en compte des successives
n2-tables-sans-palier-001,cards/n2/12-tables.yaml,mcq,mcq,qcm_corrige,"Distinguer absence de palier, contrainte de vitesse et caractère facultatif du confort.",Que signifie une durée située dans la zone sans palier obligatoire d’une table ?,"Remontée sans palier obligatoire, en respectant la vitesse prévue par la table","Remontée sans palier obligatoire, avec une vitesse laissée au choix du plongeur / Remontée avec un palier de confort obligatoire, même sans palier de décompression indiqué"
n2-tables-dtr-001,cards/n2/12-tables.yaml,mcq,mcq,qcm_conserve,"Conventions MN90, arrondis, durée fictive, intervalle et DTR précisés.","Que comprend la durée totale de remontée, ou DTR, d’un exercice de tables MN90 ?",Trajets de remontée et durées des paliers,"Durée du fond et durées des paliers / Descente, fond et remontée complète"
n2-tables-gps-001,cards/n2/12-tables.yaml,mcq,mcq,qcm_conserve,"Conventions MN90, arrondis, durée fictive, intervalle et DTR précisés.","À quoi sert le groupe de plongée successive, ou GPS, donné par une lettre à la sortie d’une plongée MN90 ?",Tenir compte du gaz résiduel pour la plongée suivante,Donner directement la durée du dernier palier / Donner directement la durée maximale de la seconde plongée
n2-tables-vitesses-001,cards/n2/12-tables.yaml,mcq,mcq,qcm_conserve,"Conventions MN90, arrondis, durée fictive, intervalle et DTR précisés.","Dans les MN90 au niveau de la mer, quelles vitesses distingue-t-on pour remonter du fond puis entre les paliers ?","15 à 17 m/min jusqu’au premier palier, puis 6 m/min","6 m/min jusqu’au premier palier, puis 15 à 17 m/min / 15 à 17 m/min jusqu’au premier palier et entre les paliers"
n2-tables-ordinateur-001,cards/n2/12-tables.yaml,mcq,mcq,qcm_conserve,"Conventions MN90, arrondis, durée fictive, intervalle et DTR précisés.",Un ordinateur impose une vitesse de remontée inférieure à celle des MN90. Quelle référence suivre pendant cette plongée conduite à l’ordinateur ?,La limite de l’ordinateur utilisé pendant la plongée,La limite MN90 dès que le plongeur a déjà appris les tables / La moyenne entre les deux limites de vitesse
n2-tables-intervalles-001,cards/n2/12-tables.yaml,mcq,mcq,qcm_conserve,"Conventions MN90, arrondis, durée fictive, intervalle et DTR précisés.","Dans les exercices MN90, à quelles catégories appartiennent deux plongées séparées par exactement 15 min de surface, puis par exactement 12 h ?",15 min : successive ; 12 h : isolée,15 min : consécutive ; 12 h : successive / 15 min : successive ; 12 h : successive
n2-tables-majoration-001,cards/n2/12-tables.yaml,mcq,mcq,qcm_conserve,"Conventions MN90, arrondis, durée fictive, intervalle et DTR précisés.","Dans une plongée successive MN90, que représente la majoration ajoutée au temps de la deuxième plongée ?",Un temps fictif représentant l’azote résiduel,Un temps réel supplémentaire à passer au fond / Un temps d’attente à ajouter à l’intervalle de surface
n2-tables-temps-fictif-001,cards/n2/12-tables.yaml,mcq,mcq,qcm_conserve,"Conventions MN90, arrondis, durée fictive, intervalle et DTR précisés.","Exercice de successive : majoration 13 min, durée réelle de la deuxième plongée 22 min. Quelle durée sert à lire ses paliers ?",35 min,22 min / 9 min
n2-tables-variables-001,cards/n2/12-tables.yaml,mcq,mcq,qcm_conserve,"Conventions MN90, arrondis, durée fictive, intervalle et DTR précisés.",Quelles trois données faut-il connaître pour déterminer la majoration MN90 d’une deuxième plongée ?,"GPS initial, intervalle de surface, profondeur de la seconde","GPS initial, durée réelle de la seconde, profondeur de la seconde / Profondeur de la première, intervalle de surface, durée de la seconde"
n2-tables-remontee-lente-001,cards/n2/12-tables.yaml,mcq,mcq,qcm_conserve,"Conventions MN90, arrondis, durée fictive, intervalle et DTR précisés.","Exercice MN90 : 20 min jusqu’au départ du fond, puis 4 min de remontée lente jusqu’au premier palier. Quelle durée retenir avant les arrondis de lecture ?",24 min,20 min / 16 min
n2-tables-courbe-001,cards/n2/12-tables.yaml,mcq,mcq,qcm_conserve,"Conventions MN90, arrondis, durée fictive, intervalle et DTR précisés.",Extrait MN90 à 20 m : 40 min sans palier ; 45 min avec 1 min à 3 m. Une plongée simple dure 41 min avant une remontée normale. Faut-il lire une ligne avec palier ?,Oui : lire 45 min et 1 min à 3 m,Non : lire 40 min et aucun palier / Oui : interpoler à 41 min et 12 s à 3 m
n2-tables-calcul-dtr-001,cards/n2/12-tables.yaml,mcq,mcq,qcm_conserve,"Conventions MN90, arrondis, durée fictive, intervalle et DTR précisés.","Exercice MN90 : départ de 30 m, un seul palier de 9 min à 3 m. Employer 15 m/min jusqu’au palier, puis 6 m/min à la surface, et arrondir la somme à la minute supérieure. Quelle DTR ?",12 min,11 min / 13 min
n2-tables-successive-001,cards/n2/12-tables.yaml,mcq,mcq,qcm_conserve,"Conventions MN90, arrondis, durée fictive, intervalle et DTR précisés.","Exercice MN90 : GPS H, intervalle de surface 2 h, deuxième plongée prévue à 20 m pendant 20 min. Extraits : H/2 h → azote résiduel 0,98 ; tableau II, 0,99/20 m → majoration 22 min ; à 20 m, 40 min → sans palier, 45 min → 1 min à 3 m. Quels paliers lire pour la seconde ?",1 min à 3 m,Aucun palier obligatoire / 22 min à 3 m
n2-tables-intervalle-arrondi-001,cards/n2/12-tables.yaml,mcq,mcq,qcm_conserve,"Conventions MN90, arrondis, durée fictive, intervalle et DTR précisés.","Exercice MN90 : GPS H, intervalle réel 2 h 10. Tableau I : H/2 h = 0,98 ; H/2 h 30 = 0,95. Quel intervalle tabulé retenir pour lire l’azote résiduel ?","2 h, soit 0,98","2 h 30, soit 0,95 / 2 h 10, par interpolation entre 0,98 et 0,95"
n2-tables-successive-duree-maximale-001,cards/n2/12-tables.yaml,mcq,mcq,qcm_conserve,"Conventions MN90, arrondis, durée fictive, intervalle et DTR précisés.","Exercice MN90 : à 20 m, la dernière ligne sans palier obligatoire est 40 min. Pour une deuxième plongée à 20 m, la majoration calculée vaut 22 min. Quelle durée réelle maximale avant remontée reste dans cette ligne sans palier ?",18 min,22 min / 40 min
n2-tables-dtr-plusieurs-paliers-001,cards/n2/12-tables.yaml,mcq,mcq,qcm_conserve,"Conventions MN90, arrondis, durée fictive, intervalle et DTR précisés.","Exercice MN90 de calcul de trajet : départ du fond à 28 m, arrêts imposés par l’énoncé de 1 min à 6 m puis 4 min à 3 m. Employer 15 m/min jusqu’au premier arrêt, puis 6 m/min entre les arrêts et jusqu’à la surface. Arrondir la somme à la minute supérieure. Quelle durée totale de remontée ?",8 min,7 min / 9 min
n2-ordinateurs-profil-001,cards/n2/13-ordinateurs.yaml,mcq,mcq,qcm_conserve,"Appareil nommé si nécessaire, affichages et contraintes de gaz/plafond/paliers distingués.",Pourquoi un ordinateur peut-il donner une décompression différente d’une table pour une plongée qui remonte progressivement le long d’un tombant ?,Il intègre les profondeurs successives et le temps à chacune,Il applique toute la durée à la profondeur maximale / Il applique toute la durée à la dernière profondeur mesurée
n2-ordinateurs-affichages-001,cards/n2/13-ordinateurs.yaml,mcq,mcq,qcm_conserve,"Appareil nommé si nécessaire, affichages et contraintes de gaz/plafond/paliers distingués.",Un écran affiche temps de plongée 24 min et temps restant sans palier 6 min à la profondeur actuelle. Que représentent ces deux valeurs ?,24 min écoulées ; 6 min estimées avant palier à cette profondeur,24 min écoulées ; 6 min de remontée jusqu’à la surface / 24 min d’autonomie gaz ; 6 min estimées avant palier
n2-ordinateurs-alarme-vitesse-001,cards/n2/13-ordinateurs.yaml,mcq,mcq,qcm_conserve,"Appareil nommé si nécessaire, affichages et contraintes de gaz/plafond/paliers distingués.","Sur un Suunto Zoop Novo, une alarme sonore s’accompagne du message SLOW. Que signale-t-elle et quelle action attend-elle ?",Remontée au-delà de 10 m/min : ralentir,Remontée au-delà de 15 m/min : ralentir / Plafond franchi pendant 3 min : redescendre
n2-ordinateurs-gaz-001,cards/n2/13-ordinateurs.yaml,mcq,mcq,qcm_conserve,"Appareil nommé si nécessaire, affichages et contraintes de gaz/plafond/paliers distingués.","Pourquoi vérifier le gaz sélectionné sur l’ordinateur avant de plonger, même si la profondeur affichée paraît correcte ?",Le gaz réglé influe sur désaturation et exposition à l’oxygène,Le gaz réglé influe uniquement sur l’exposition à l’oxygène / Le gaz réglé influe uniquement sur les calculs de désaturation
n2-ordinateurs-salinite-001,cards/n2/13-ordinateurs.yaml,mcq,mcq,qcm_conserve,"Appareil nommé si nécessaire, affichages et contraintes de gaz/plafond/paliers distingués.","Sur un appareil offrant un réglage de salinité, à quoi sert ce réglage dans l’affichage de profondeur ?",Convertir pression mesurée en profondeur selon la densité de l’eau,Appliquer un décalage fixe de profondeur quelle que soit la pression / Corriger l’altitude de référence avant de convertir la pression
n2-ordinateurs-historique-001,cards/n2/13-ordinateurs.yaml,mcq,mcq,qcm_conserve,"Appareil nommé si nécessaire, affichages et contraintes de gaz/plafond/paliers distingués.","Entre deux plongées rapprochées, pourquoi remplacer son ordinateur par celui d’un équipier peut-il fausser la décompression affichée ?",Il utilise l’historique et la charge calculée de l’équipier,Le changement remet automatiquement la charge calculée à zéro / La même profondeur maximale assure la même charge calculée
n2-ordinateurs-controle-001,cards/n2/13-ordinateurs.yaml,mcq,mcq,qcm_corrige,Liste comparable en longueur ; contexte de calcul et contrôles fonctionnels explicités.,"Avant immersion, quel ensemble de contrôles couvre le fonctionnement et les paramètres utilisés par l’ordinateur pour la plongée prévue ?","Écran, énergie, mode, gaz, réglages personnels ou d’altitude et historique","Écran, énergie, journal, profondeur maximale passée et heure locale / Écran, énergie, pression du bloc, journal et intervalle conseillé par un équipier"
n2-ordinateurs-collectif-001,cards/n2/13-ordinateurs.yaml,mcq,mcq,qcm_conserve,"Appareil nommé si nécessaire, affichages et contraintes de gaz/plafond/paliers distingués.","Votre ordinateur n’indique plus de palier obligatoire, mais celui de votre équipier en impose encore un. Comment organiser la fin de plongée, avec du gaz suffisant ?",Terminer ensemble les obligations des deux appareils,Remonter ensemble dès que le premier appareil libère son plongeur / Suivre ensemble celui qui a indiqué le moins de paliers au fond
n2-ordinateurs-differences-001,cards/n2/13-ordinateurs.yaml,mcq,mcq,qcm_corrige,Comparer les conditions du calcul sans panne ou ventilation présentées comme diagnostic certain.,Deux plongeurs restent côte à côte pendant une plongée mais leurs ordinateurs annoncent des paliers différents. Quelles différences peuvent l’expliquer ?,"Le profil actuel peut être voisin malgré des modèles, réglages ou historiques différents","Un profil actuel voisin suffit à imposer des paliers identiques, quel que soit l’historique / Un profil actuel voisin suffit à imposer des paliers identiques, quels que soient les réglages"
n2-ordinateurs-dtr-augmente-001,cards/n2/13-ordinateurs.yaml,mcq,mcq,qcm_conserve,"Appareil nommé si nécessaire, affichages et contraintes de gaz/plafond/paliers distingués.","Pendant l’exploration, la durée totale de remontée affichée augmente. Quelle conséquence pour la décision de rester au fond ?",Prévoir davantage de temps et de gaz pour sortir,Prolonger le fond car le temps sans palier augmente aussi / Conserver le budget de gaz si la profondeur maximale ne change pas
n2-ordinateurs-ndl-air-001,cards/n2/13-ordinateurs.yaml,mcq,mcq,qcm_corrige,Trois stratégies de fin d’exploration ; remplacement de la moyenne artificielle des durées.,"Un ordinateur annonce 12 min sans palier, mais la réserve de gaz convenue sera atteinte dans 4 min à la consommation actuelle. Quelle contrainte commande la décision de fin d’exploration ?",La contrainte de gaz impose d’anticiper la fin d’exploration,Le temps sans palier permet de poursuivre jusqu’aux 12 min annoncées / Il faut attendre que le temps sans palier égale le temps avant réserve
n2-ordinateurs-sonde-001,cards/n2/13-ordinateurs.yaml,mcq,mcq,qcm_conserve,"Appareil nommé si nécessaire, affichages et contraintes de gaz/plafond/paliers distingués.",Pourquoi un ordinateur sans liaison de pression avec le bloc ne peut-il pas connaître directement le gaz encore disponible ?,Il ne mesure pas la pression restante du bloc,Il déduit la pression restante de la profondeur mesurée / Il déduit la pression restante du temps sans palier
n2-ordinateurs-verrouillage-001,cards/n2/13-ordinateurs.yaml,mcq,mcq,qcm_conserve,"Appareil nommé si nécessaire, affichages et contraintes de gaz/plafond/paliers distingués.",Un Suunto Zoop Novo reste plus de 3 min au-dessus de son plafond de décompression et affiche ER. Quelle information de décompression devient indisponible et pour quelle durée annoncée par le manuel ?,Calcul de décompression indisponible pendant 48 h après sortie,Profondeur et durée indisponibles pendant 48 h après sortie / Calcul de décompression indisponible pendant 24 h après sortie
n2-ordinateurs-manuel-001,cards/n2/13-ordinateurs.yaml,mcq,mcq,qcm_corrige,Trois méthodes de gestion de remontée ; suppression des fonctions de journal sans rapport.,Vous empruntez pour la première fois un modèle d’ordinateur différent. Quelles informations de son manuel devez-vous maîtriser pour gérer la remontée ?,"Interpréter temps sans palier, plafond, paliers, limites de vitesse et alarmes du modèle","Interpréter profondeur et durée, puis appliquer les vitesses et alarmes du modèle précédent / Interpréter profondeur et durée, puis appliquer les procédures et vitesses des tables MN90"
n2-ordinateurs-lisibilite-001,cards/n2/13-ordinateurs.yaml,mcq,mcq,qcm_conserve,"Appareil nommé si nécessaire, affichages et contraintes de gaz/plafond/paliers distingués.",Pourquoi tester la lecture de l’écran avec son masque et sa correction visuelle avant de choisir un ordinateur ?,Vérifier la lecture rapide des paramètres et alarmes en situation,Vérifier uniquement la lisibilité de la profondeur maximale / Vérifier uniquement la lisibilité à la surface en plein jour
n2-ordinateurs-modes-001,cards/n2/13-ordinateurs.yaml,mcq,mcq,qcm_corrige,"Tester la fonction requise, sans donner le nom nitrox dans la question ni proposer la salinité.",Vous voulez utiliser plus tard un mélange contenant plus de 21 % d’oxygène avec calcul de décompression. Quelle fonction de l’ordinateur faut-il vérifier ?,Un mode nitrox permettant de renseigner la fraction d’oxygène dans sa plage acceptée,Un mode profondimètre permettant d’afficher profondeur et durée sans décompression / Un mode air permettant d’augmenter le conservatisme sans renseigner le mélange
n2-ordinateurs-gf-principe-001,cards/n2/13-ordinateurs.yaml,mcq,mcq,qcm_conserve,"Appareil nommé si nécessaire, affichages et contraintes de gaz/plafond/paliers distingués.","Dans un modèle Bühlmann à gradient factors, que représente le pourcentage d’un GF par rapport à la pression ambiante et à la limite du modèle ?",Une fraction du gradient de sursaturation autorisé,La probabilité personnelle d’un accident en pourcentage / Une fraction de la M-value mesurée depuis zéro pression
n2-ordinateurs-gf-air-ffessm-001,cards/n2/13-ordinateurs.yaml,mcq,mcq,qcm_conserve,"Appareil nommé si nécessaire, affichages et contraintes de gaz/plafond/paliers distingués.","Pour une planification PA20 FFESSM à l’air avec un ordinateur réglable par gradient factors, quelle relation et quelle plage de valeurs sont indiquées pour GF bas et GF haut ?","GF bas = GF haut, entre 85 et 90 %","GF bas = 30 %, GF haut entre 85 et 90 % / GF bas entre 85 et 90 %, GF haut = 100 %"
n2-ordinateurs-plafond-lecture-001,cards/n2/13-ordinateurs.yaml,mcq,mcq,qcm_conserve,"Appareil nommé si nécessaire, affichages et contraintes de gaz/plafond/paliers distingués.","Pendant une décompression, un Suunto Zoop Novo affiche CEILING 6 m. Le plongeur est à 7 m. Rejoindre 5 m respecterait-il ce plafond ?",Non : à 5 m il serait au-dessus du plafond de 6 m,Oui : 5 m est plus proche de la surface que le plafond / Oui : le plafond fixe une durée et non une profondeur limite
n2-ordinateurs-plafonds-differents-001,cards/n2/13-ordinateurs.yaml,mcq,mcq,qcm_conserve,"Appareil nommé si nécessaire, affichages et contraintes de gaz/plafond/paliers distingués.","Deux équipiers utilisent des ordinateurs avec un plafond de décompression à ne pas franchir. A indique 6 m, B indique 3 m. Ils sont ensemble à 7 m, avec du gaz suffisant. Peuvent-ils rejoindre ensemble 3 m à cet instant ?",Non : A impose encore de rester à 6 m ou plus profond,"Oui : les deux plafonds peuvent être moyennés à 4,5 m / Oui : B autorise 3 m, donc la palanquée peut y aller ensemble"
n2-remontees-anormales-references-001,cards/n2/14-remontees-anormales.yaml,mcq,mcq,qcm_corrige,Trois interprétations du rapport entre textes ; retrait du nitrox exclu d’emblée par le recto.,Pourquoi distinguer les anciennes procédures MN90 et les préconisations fédérales de remontée anormale à l’air avec ordinateur adoptées en 2024 ?,Les rattrapages à l’ordinateur du texte 2024 diffèrent des anciennes recettes MN90,"Les rattrapages du texte 2024 reprennent les recettes MN90 en changeant seulement leur nom / Le texte 2024 change l’alerte, mais laisse les rattrapages MN90 comme procédure à l’ordinateur"
n2-remontees-anormales-seuil-001,cards/n2/14-remontees-anormales.yaml,mcq,mcq,qcm_conserve,"Champ du texte 2024, critères et faisabilité du rattrapage précisés ; signes d’accident exclus des réimmersions.","En plongée à l’air avec ordinateur, quels critères définissent la remontée trop rapide dans les préconisations fédérales de 2024 ?","Plus de 15 m/min entre 30 m et la surface, sur au moins 10 m","Plus de 10 m/min entre 30 m et la surface, sur au moins 10 m / Plus de 15 m/min entre 30 m et la surface, sur au moins 3 m"
n2-remontees-anormales-rattrapage-001,cards/n2/14-remontees-anormales.yaml,basic,mcq,conversion_qcm,Conversion en QCM : alternatives issues d’erreurs de méthode ; réponse libre non nécessaire.,"Après une remontée trop rapide répondant aux critères fédéraux de 2024, à l’air avec ordinateur, quel rattrapage prévoit le texte si le plongeur n’a aucun signe d’accident et que la réimmersion est réalisable avec assistance et gaz suffisants pour rejoindre la mi-profondeur en moins de 3 min ?","Au moins mi-profondeur 5 min, puis au moins 1 min à 6 m et 5 min à 3 m","Mi-profondeur 12 min, puis les paliers recalculés par une table / Au moins mi-profondeur 5 min, puis au moins 5 min à 6 m et 1 min à 3 m"
n2-remontees-anormales-impossible-001,cards/n2/14-remontees-anormales.yaml,mcq,mcq,qcm_conserve,"Champ du texte 2024, critères et faisabilité du rattrapage précisés ; signes d’accident exclus des réimmersions.","Après une remontée trop rapide répondant aux critères fédéraux de 2024, à l’air avec ordinateur, que prévoit le texte lorsque la réimmersion est impossible ?",Oxygène en surface et évacuation coordonnée avec les secours,"Observation seule pendant 3 h, sans autre mesure si aucun signe / Nouvelle tentative de réimmersion après 5 min de repos"
n2-remontees-anormales-yoyos-001,cards/n2/14-remontees-anormales.yaml,mcq,mcq,qcm_conserve,"Champ du texte 2024, critères et faisabilité du rattrapage précisés ; signes d’accident exclus des réimmersions.",Quel profil appelle-t-on « multi-yoyos » lors d’exercices de remontée assistée ?,Des cycles répétés de remontée puis redescente,Des plongées successives séparées d’un court intervalle en surface / Une remontée continue interrompue par plusieurs paliers
n2-remontees-anormales-six-metres-001,cards/n2/14-remontees-anormales.yaml,mcq,mcq,qcm_conserve,"Champ du texte 2024, critères et faisabilité du rattrapage précisés ; signes d’accident exclus des réimmersions.","Pour des exercices comportant plusieurs remontées, quelle limite de proximité de la surface les préconisations fédérales de 2024 demandent-elles de respecter dans la mesure du possible ?",Rester à 6 m ou plus profond autant que possible,Rester à 3 m ou plus profond autant que possible / Remonter en surface à chaque exercice autant que possible
n2-remontees-anormales-confort-001,cards/n2/14-remontees-anormales.yaml,mcq,mcq,qcm_corrige,Trois critères de palier comparables ; suppression de la quantité de gaz comme seul critère.,Pourquoi un palier de décompression obligatoire manqué et un simple palier de confort interrompu ne déclenchent-ils pas automatiquement la même procédure ?,"La procédure vise une obligation de décompression, pas un simple arrêt facultatif","La procédure vise toute interruption d’un arrêt prévu, même sans obligation de décompression / La procédure vise seulement les arrêts profonds, car les arrêts à 3 m relèvent du confort"
n2-remontees-anormales-interruption-001,cards/n2/14-remontees-anormales.yaml,basic,mcq,conversion_qcm,Conversion en QCM : alternatives issues d’erreurs de méthode ; réponse libre non nécessaire.,Un palier obligatoire est interrompu lors d’une plongée à l’air avec ordinateur. Le plongeur est sans signe d’accident ; le gaz et l’assistance permettent de regagner le palier en moins de 3 min. Quelle reprise prévoit la recommandation fédérale de 2024 ?,Reprendre le palier et ajouter 3 min à 3 m,Recommencer tous les paliers depuis leur début et ajouter 3 min à 3 m / Reprendre le palier et ajouter 3 min à 6 m
n2-remontees-anormales-observation-001,cards/n2/14-remontees-anormales.yaml,mcq,mcq,qcm_corrige,Lever la lecture observation sans avis médical : intégrer le complément explicite du RIFAP 2026 p.32 sans étendre l’observation aux victimes symptomatiques.,"En mer, jusqu’à 3 min de palier obligatoire ont été manquées à l’air avec ordinateur. Sans signe d’accident et sans réimmersion possible, quel suivi associe le texte de 2024 et l’avis médical demandé par le RIFAP 2026 ?","Avis médical via le CROSS, observation 3 h et pas de nouvelle plongée pendant 24 h","Observation 3 h et pas de nouvelle plongée pendant 24 h ; avis médical seulement si un signe apparaît / Avis médical via le CROSS, observation 1 h et pas de nouvelle plongée pendant 12 h"
n2-remontees-anormales-symptomes-001,cards/n2/14-remontees-anormales.yaml,mcq,mcq,qcm_conserve,"Champ du texte 2024, critères et faisabilité du rattrapage précisés ; signes d’accident exclus des réimmersions.","Après un palier obligatoire manqué, le plongeur présente une faiblesse ou des fourmillements. Faut-il le réimmerger pour finir ses paliers ?","Non : secours, oxygène adapté et surveillance en surface",Oui : terminer les paliers si moins de 3 min ont été manquées / Oui : redescendre si l’équipier assure une assistance
n2-gonflage-blocs-compresseur-001,cards/n2/15-gonflage-blocs.yaml,mcq,mcq,qcm_conserve,"Pression de service/épreuve, contrôle, configuration et suivi du bloc distingués.",Pourquoi une station de gonflage aspire-t-elle l’air loin de sources de fumées ou d’échappement ?,Les contaminants aspirés peuvent passer dans le gaz des blocs,La compression détruit les contaminants avant filtration / Les filtres garantissent la qualité malgré une prise d’air polluée
n2-gonflage-blocs-tampons-001,cards/n2/15-gonflage-blocs.yaml,mcq,mcq,qcm_conserve,"Pression de service/épreuve, contrôle, configuration et suivi du bloc distingués.",Quelle différence entre gonfler directement avec un compresseur et utiliser une batterie de bouteilles tampons ?,Compresseur : production de gaz comprimé ; tampons : transfert de gaz stocké,Compresseur : transfert de gaz stocké ; tampons : production de gaz comprimé / Compresseur et tampons produisent le gaz comprimé pendant le remplissage
n2-gonflage-blocs-pression-001,cards/n2/15-gonflage-blocs.yaml,mcq,mcq,qcm_corrige,Opposer pression de service et d’épreuve ; retrait d’une moyenne de pressions sans fondement.,Un bloc porte PS 230 bar et PT 345 bar. Quelle proposition interprète correctement sa limite admissible de gonflage ?,La limite est PS 230 bar ; PT désigne la pression d’épreuve,"La limite est PT 345 bar ; PS désigne la pression de gonflage habituelle / La limite est PS 230 bar, portée à PT 345 bar si l’inspection annuelle est à jour"
n2-gonflage-blocs-habilitation-001,cards/n2/15-gonflage-blocs.yaml,mcq,mcq,qcm_conserve,"Pression de service/épreuve, contrôle, configuration et suivi du bloc distingués.",Le brevet N2 suffit-il à autoriser l’utilisation autonome d’une station de gonflage du club ?,Non : compétence et autorisation propres à la station sont nécessaires,Oui : l’autonomie de plongée vaut autorisation de gonflage / Oui : si un autre N2 reste présent à la station
n2-gonflage-blocs-materiau-001,cards/n2/15-gonflage-blocs.yaml,mcq,mcq,qcm_conserve,"Pression de service/épreuve, contrôle, configuration et suivi du bloc distingués.",Le seul mot « aluminium » suffit-il à conclure qu’un bloc sera plus léger et moins négatif qu’un bloc acier ?,"Non : comparer masse, volume extérieur et gaz contenu",Oui : la nature du métal suffit à déterminer la flottabilité / Oui : comparer seulement les capacités intérieures des blocs
n2-gonflage-blocs-bi-001,cards/n2/15-gonflage-blocs.yaml,mcq,mcq,qcm_conserve,"Pression de service/épreuve, contrôle, configuration et suivi du bloc distingués.",Deux bouteilles réunies en bi-bloc garantissent-elles automatiquement deux réserves indépendantes ?,Non : leur robinetterie et leur liaison déterminent l’indépendance,Oui : deux bouteilles physiques donnent deux réserves indépendantes / Oui : deux manomètres suffisent à garantir l’indépendance
n2-gonflage-blocs-chaleur-chocs-001,cards/n2/15-gonflage-blocs.yaml,mcq,mcq,qcm_corrige,Même paire chaleur/choc dans tous les choix ; suppression d’une comparaison de températures incompréhensible.,Pourquoi éviter de laisser un bloc gonflé dans un véhicule surchauffé et de le faire tomber ?,La chaleur peut augmenter la pression ; un choc peut léser la bouteille ou son robinet,La chaleur peut augmenter la pression ; la tenue à l’épreuve garantit la résistance aux chocs / La chaleur ne change pas la pression si le robinet reste fermé ; les chocs restent dangereux
n2-gonflage-blocs-eau-001,cards/n2/15-gonflage-blocs.yaml,mcq,mcq,qcm_conserve,"Pression de service/épreuve, contrôle, configuration et suivi du bloc distingués.",Pourquoi un bloc vide ne doit-il pas rester robinet ouvert dans l’eau ou au fond d’un bateau mouillé ?,L’eau peut entrer et favoriser corrosion et contamination,L’ouverture maintient une surpression empêchant l’entrée d’eau / L’eau évacue les dépôts et protège le métal intérieur
n2-gonflage-blocs-vidange-001,cards/n2/15-gonflage-blocs.yaml,mcq,mcq,qcm_conserve,"Pression de service/épreuve, contrôle, configuration et suivi du bloc distingués.",Pourquoi ne faut-il pas vider brutalement un bloc en ouvrant grand son robinet à l’air libre ?,La détente rapide refroidit fortement le gaz et la robinetterie,La détente rapide chauffe la robinetterie jusqu’au risque de brûlure / La détente rapide stabilise la température du gaz restant
n2-gonflage-blocs-corrosion-001,cards/n2/15-gonflage-blocs.yaml,mcq,mcq,qcm_conserve,"Pression de service/épreuve, contrôle, configuration et suivi du bloc distingués.",Des éclats de peinture et de la rouille apparaissent sous le culot d’un bloc. Pourquoi ne suffit-il pas de recouvrir la zone de peinture ?,Contrôler le métal et la corrosion avant remise en état,Repeindre suffit si la pression du bloc ne baisse pas / Changer le culot suffit si la rouille reste extérieure
n2-gonflage-blocs-periodicites-001,cards/n2/15-gonflage-blocs.yaml,mcq,mcq,qcm_conserve,"Pression de service/épreuve, contrôle, configuration et suivi du bloc distingués.","En France, pour un bloc métallique de plongée suivi selon le cahier des charges donnant droit au régime de six ans, quelles échéances distinguer de la requalification ordinaire ?","6 ans au lieu de 2, avec inspections et traçabilité requises","6 ans au lieu de 2, sans inspection entre requalifications / 2 ans au lieu de 6, avec une inspection tous les 2 ans"
n2-gonflage-blocs-transport-001,cards/n2/15-gonflage-blocs.yaml,mcq,mcq,qcm_conserve,"Pression de service/épreuve, contrôle, configuration et suivi du bloc distingués.","Pour transporter personnellement un bloc d’air gonflé en voiture, quelle précaution matérielle est essentielle ?",Immobiliser le bloc et protéger sa robinetterie,"Le coucher sur la banquette, sans fixation si le trajet est court / Le poser verticalement dans le coffre, sans fixation si le bloc est plein"
n2-gonflage-blocs-date-depassee-001,cards/n2/15-gonflage-blocs.yaml,mcq,mcq,qcm_conserve,"Pression de service/épreuve, contrôle, configuration et suivi du bloc distingués.","La date de requalification d’un bloc a dépassé l’échéance de son régime de suivi, mais il garde sa pression sans fuite. Peut-on le faire gonfler pour une dernière plongée ?",Non : retirer du service jusqu’au contrôle et à la remise en service,Oui : l’absence de fuite valide une dernière utilisation / Oui : une inspection informelle reporte l’échéance
n2-detendeurs-pressions-001,cards/n2/16-detendeurs.yaml,basic,mcq,conversion_qcm,"QCM visuel : retirer les libellés de pression qui révélaient la réponse ; opposer deux réductions, régulation de débit seule et pression fixe de surface.","Sur ce schéma conceptuel d’un détendeur à deux étages, quelle réduction de pression réalise A, puis B ?

<svg xmlns=""http://www.w3.org/2000/svg"" viewBox=""0 0 640 180"" role=""img"" aria-label=""Bloc vers étage A, flexible vers étage B, puis bouche"" style=""width:100%;max-width:640px;height:auto""><rect width=""640"" height=""180"" fill=""#ffffff""/><defs><marker id=""fleche"" markerWidth=""8"" markerHeight=""8"" refX=""7"" refY=""4"" orient=""auto""><path d=""M0,0 L8,4 L0,8"" fill=""#2878a0""/></marker></defs><g fill=""#eaf5fa"" stroke=""#2878a0"" stroke-width=""2""><rect x=""10"" y=""55"" width=""110"" height=""70"" rx=""8""/><rect x=""190"" y=""55"" width=""110"" height=""70"" rx=""8""/><rect x=""370"" y=""55"" width=""110"" height=""70"" rx=""8""/><rect x=""545"" y=""55"" width=""85"" height=""70"" rx=""8""/></g><g stroke=""#2878a0"" stroke-width=""3"" marker-end=""url(#fleche)""><path d=""M120 90 H180""/><path d=""M300 90 H360""/><path d=""M480 90 H535""/></g><g fill=""#16394a"" text-anchor=""middle"" font-family=""sans-serif"" font-size=""18""><text x=""65"" y=""96"">Bloc</text><text x=""245"" y=""96"">Étage A</text><text x=""425"" y=""96"">Étage B</text><text x=""588"" y=""96"">Bouche</text><text x=""335"" y=""152"">Flexible</text></g></svg>",A réduit HP vers MP ; B réduit MP vers la pression ambiante,A réduit HP vers la pression ambiante ; B commande le débit sans nouvelle réduction / A réduit HP vers MP ; B réduit MP vers une pression fixe de 1 bar
n2-detendeurs-relative-absolue-001,cards/n2/16-detendeurs.yaml,mcq,mcq,qcm_conserve,"Étages, mécanismes, pressions, notice constructeur et diagnostic de défaut distingués.","Une pression intermédiaire est annoncée « 9,5 bar au-dessus de l’ambiante ». Pourquoi sa valeur absolue augmente-t-elle avec la profondeur ?","Pression ambiante + 9,5 bar de surpression","9,5 bar absolus, indépendamment de la profondeur / Pression du bloc − 9,5 bar de surpression"
n2-detendeurs-fixations-001,cards/n2/16-detendeurs.yaml,mcq,mcq,qcm_conserve,"Étages, mécanismes, pressions, notice constructeur et diagnostic de défaut distingués.",Quelle différence mécanique entre une fixation DIN et une fixation par étrier du premier étage ?,DIN : vissage dans le robinet ; étrier : serrage autour du robinet,DIN : serrage autour du robinet ; étrier : vissage dans le robinet / DIN et étrier : vissage dans le robinet avec filetage différent
n2-detendeurs-membrane-piston-001,cards/n2/16-detendeurs.yaml,mcq,mcq,qcm_corrige,Comparer mécanismes et étages ; supprimer les fixations DIN/étrier sans rapport avec la distinction.,"Dans un premier étage, quelle distinction entre un mécanisme à piston et un mécanisme à membrane ?",Piston : pièce mobile rigide ; membrane : pièce déformable transmettant une force,Piston : pièce déformable transmettant une force ; membrane : pièce mobile rigide / Piston : mécanisme de premier étage ; membrane : mécanisme réservé au second étage
n2-detendeurs-cycle-001,cards/n2/16-detendeurs.yaml,mcq,mcq,qcm_corrige,Trois séquences de commande comparables ; distinction pression intermédiaire/haute pression.,"Dans un modèle conceptuel de premier étage à membrane, comment la consommation d’air déclenche-t-elle puis arrête-t-elle l’arrivée de gaz depuis le bloc ?",La baisse de MP ouvre le passage HP → MP ; le rétablissement de MP le ferme,La hausse de MP ouvre le passage HP → MP ; la baisse de MP le ferme / La baisse de MP ouvre le passage HP → MP ; seule une baisse de HP le ferme
n2-detendeurs-inspiration-001,cards/n2/16-detendeurs.yaml,mcq,mcq,qcm_conserve,"Étages, mécanismes, pressions, notice constructeur et diagnostic de défaut distingués.",Comment l’inspiration commande-t-elle l’arrivée de gaz dans un second étage classique à membrane et levier ?,"Une légère dépression interne agit sur membrane, levier et clapet","Une légère surpression interne agit sur membrane, levier et clapet / La chute de haute pression du bloc agit directement sur le levier"
n2-detendeurs-purge-001,cards/n2/16-detendeurs.yaml,mcq,mcq,qcm_conserve,"Étages, mécanismes, pressions, notice constructeur et diagnostic de défaut distingués.",Comment le bouton de purge d’un second étage provoque-t-il un débit sans inspiration ?,Il commande mécaniquement l’ouverture du clapet via la membrane,Il augmente le réglage de moyenne pression du premier étage / Il ouvre le clapet d’expiration pour aspirer le gaz du flexible
n2-detendeurs-eau-second-etage-001,cards/n2/16-detendeurs.yaml,mcq,mcq,qcm_corrige,Choix sur le trajet de l’eau et l’ordre des actions ; suppression de la fermeture du bloc hors objectif.,Un second étage a été immergé hors de la bouche. Que faut-il faire avant d’inspirer à nouveau dedans ?,"Expirer ou purger pour chasser l’eau, puis reprendre la respiration avec précaution","Inspirer pour chasser l’eau, puis reprendre la respiration avec précaution / Reprendre la respiration, l’eau s’évacue spontanément par le flexible moyenne pression"
n2-detendeurs-rincage-001,cards/n2/16-detendeurs.yaml,mcq,mcq,qcm_corrige,Configurations comparées selon le manuel 2025 p.16–17 ; pas d’ajout d’une consigne de purge absente de cette section.,"Le manuel SCUBAPRO prévoit le rinçage d’un détendeur démonté du bloc, avec un second étage R195 ou G260 doté d’un dispositif anti-marquage. Quelle configuration demande-t-il ?",Entrée haute pression bouchonnée ; dispositif anti-marquage non engagé,Entrée haute pression bouchonnée ; dispositif anti-marquage engagé / Entrée haute pression ouverte ; dispositif anti-marquage non engagé
n2-detendeurs-compensation-001,cards/n2/16-detendeurs.yaml,mcq,mcq,qcm_conserve,"Étages, mécanismes, pressions, notice constructeur et diagnostic de défaut distingués.",Quel intérêt a la compensation d’un premier étage lorsque la pression du bloc diminue ?,Limiter l’effet de la haute pression sur la pression intermédiaire,Maintenir une pression absolue identique à toutes les profondeurs / Limiter les variations de pression ambiante au second étage
n2-detendeurs-eau-froide-001,cards/n2/16-detendeurs.yaml,mcq,mcq,qcm_corrige,"La demande devient un élément à vérifier, conforme aux réponses ; mécanisme, fixation et certification distingués.","Pour déterminer si un détendeur est adapté à une plongée en eau froide, quel élément faut-il vérifier au-delà du type piston ou membrane ?",La certification et les conditions d’usage de l’ensemble premier/second étage,La seule présence d’une membrane dans le premier étage / La seule présence d’une connexion DIN sur le premier étage
n2-detendeurs-soins-001,cards/n2/16-detendeurs.yaml,mcq,mcq,qcm_conserve,"Étages, mécanismes, pressions, notice constructeur et diagnostic de défaut distingués.","Pourquoi sécher et ranger son détendeur loin de la chaleur, du soleil direct et des contraintes sur les flexibles ?",Limiter le vieillissement des élastomères et les contraintes sur les tuyaux,Empêcher le gaz enfermé de modifier durablement le réglage de MP / Empêcher le sel résiduel de se dissoudre pendant le stockage
n2-detendeurs-revision-001,cards/n2/16-detendeurs.yaml,mcq,mcq,qcm_corrige,Question précise sur une notice identifiée ; suppression de la comparaison avec les requalifications du bloc.,"Pour les détendeurs concernés par le manuel SCUBAPRO de juillet 2025, quelle échéance de révision agréée est indiquée, avec un suivi plus rapproché en usage fréquent ?",Tous les 2 ans,Tous les ans / Tous les 5 ans
n2-detendeurs-debit-continu-001,cards/n2/16-detendeurs.yaml,mcq,mcq,qcm_corrige,Critères de diagnostic du même incident ; retrait de l’absence de consommation de gaz invraisemblable.,Un détendeur se met en débit continu hors de la bouche. Pourquoi ce constat ne permet-il pas de diagnostiquer à lui seul un givrage ?,Venturi ou défaut mécanique peuvent aussi provoquer un débit continu,"La température de l’eau suffit à distinguer Venturi, défaut mécanique et givrage / La position hors de la bouche exclut l’effet Venturi comme cause du débit continu"
n2-detendeurs-fuite-montage-001,cards/n2/16-detendeurs.yaml,mcq,mcq,qcm_corrige,Hypothèses de montage et de circuit ; suppression de la faible pression de gonflage comme diagnostic.,Des bulles sortent au raccord bloc–premier étage après montage. Pourquoi faut-il contrôler l’étanchéité et le montage plutôt que serrer toujours plus fort ?,Un joint ou un assemblage incorrect peut rester fuyard malgré le serrage,Un serrage supplémentaire corrige une hausse de MP en réduisant le passage HP / Un raccord qui fuit devient étanche dès que le second étage est mis en bouche
n2-detendeurs-inspiration-difficile-001,cards/n2/16-detendeurs.yaml,mcq,mcq,qcm_conserve,"Étages, mécanismes, pressions, notice constructeur et diagnostic de défaut distingués.","Avant de plonger, respirer sur le détendeur demande un effort inhabituel. Que faut-il contrôler avant de décider de s’immerger ?","Vérifier gaz, ouverture et fonctionnement ; renoncer si le défaut persiste",S’immerger pour vérifier si la pression ambiante corrige le défaut / Valider le détendeur si son débit à la purge paraît suffisant
n2-detendeurs-incident-immersion-001,cards/n2/16-detendeurs.yaml,mcq,mcq,qcm_conserve,"Étages, mécanismes, pressions, notice constructeur et diagnostic de défaut distingués.","En immersion, un débit continu persistant fait chuter rapidement la pression du bloc. Quelle priorité pour la palanquée ?",Assurer du gaz respirable et organiser une sortie contrôlée,Continuer en alternant respiration et fermeture du robinet / Isoler la palanquée puis identifier la panne avant de remonter
n2-detendeurs-bouche-001,cards/n2/16-detendeurs.yaml,mcq,mcq,qcm_conserve,"Étages, mécanismes, pressions, notice constructeur et diagnostic de défaut distingués.","À 20 m dans le modèle 1 bar en surface et +1 bar/10 m, un détendeur a une MP de 9,5 bar au-dessus de l’ambiante. Délivre-t-il 12,5 bar absolus dans la bouche ?","Non : 12,5 bar dans le flexible, environ 3 bar à la bouche","Oui : 12,5 bar sont délivrés dans le flexible et à la bouche / Non : 9,5 bar sont délivrés à la bouche à toute profondeur"
n2-detendeurs-mp-vingt-001,cards/n2/16-detendeurs.yaml,mcq,mcq,qcm_conserve,"Étages, mécanismes, pressions, notice constructeur et diagnostic de défaut distingués.","Modèle fictif : premier étage réglé à 9 bar au-dessus de l’ambiante, à 20 m. Prendre 1 bar en surface et +1 bar/10 m. Quelle est sa MP absolue ?",12 bar absolus,9 bar absolus / 11 bar absolus
n2-detendeurs-mp-quarante-001,cards/n2/16-detendeurs.yaml,mcq,mcq,qcm_conserve,"Étages, mécanismes, pressions, notice constructeur et diagnostic de défaut distingués.","Modèle fictif : à 40 m, la MP absolue vaut 14 bar. Prendre 1 bar en surface et +1 bar/10 m. Quelle est la MP relative à l’ambiante ?",9 bar au-dessus de l’ambiante,10 bar au-dessus de l’ambiante / 14 bar au-dessus de l’ambiante
n2-competences-transversales-communication-001,cards/n2/17-competences-transversales.yaml,mcq,mcq,qcm_corrige,Trois interprétations de la communication ; suppression du recalcul automatique de l’autre ordinateur.,Deux équipiers utilisent des ordinateurs différents. Pourquoi convenir avant immersion de la façon de communiquer profondeur et durée des paliers ?,"Un même nombre doit être compris comme profondeur, durée ou obligation selon le code convenu","Un même nombre se comprend selon le signe personnel de chacun, sans convention commune / Un même nombre de minutes peut être fixé au fond puis conservé même si les appareils le modifient"
n2-competences-transversales-retour-001,cards/n2/17-competences-transversales.yaml,mcq,mcq,qcm_conserve,"Communication, trajet, cap, perte de groupe et cadre d’autonomie distingués.","Pourquoi faut-il prévoir le parcours de retour et une solution de sortie alternative avant de descendre, plutôt qu’attendre le seuil de réserve pour décider ?",Le retour et les imprévus nécessitent encore temps et gaz,La réserve doit financer uniquement les paliers à 3 m / Le parcours de retour se décide après l’épuisement du temps sans palier
n2-competences-transversales-reperes-001,cards/n2/17-competences-transversales.yaml,mcq,mcq,qcm_corrige,"Comparer repère géométrique, cap et courant, sans profondeur de sortie donnée par un alignement.",Pourquoi choisir plusieurs repères fixes alignés plutôt que suivre seulement une impression de direction sous l’eau ?,Leur alignement aide à suivre une ligne et à détecter une dérive par rapport au fond,"Leur alignement indique le cap magnétique sans avoir besoin d’un instrument / Leur alignement garantit le même trajet au retour, même si le courant change"
n2-competences-transversales-cap-retour-001,cards/n2/17-competences-transversales.yaml,mcq,mcq,qcm_conserve,"Communication, trajet, cap, perte de groupe et cadre d’autonomie distingués.","Exercice d’orientation : trajet rectiligne à cap 70°, sans dérive ni obstacle. Quel cap réciproque permet de revenir sur la même ligne ?",250°,110° / 290°
n2-competences-transversales-cap-retour-ouest-001,cards/n2/17-competences-transversales.yaml,mcq,mcq,qcm_conserve,"Communication, trajet, cap, perte de groupe et cadre d’autonomie distingués.","Exercice d’orientation : aller rectiligne à cap 300°, sans dérive ni obstacle. Quel cap réciproque correspond au retour ?",120°,180° / 240°
n2-competences-transversales-separation-001,cards/n2/17-competences-transversales.yaml,mcq,mcq,qcm_conserve,"Communication, trajet, cap, perte de groupe et cadre d’autonomie distingués.",Pourquoi convenir d’une procédure de perte de palanquée avant immersion plutôt que prolonger chacun une recherche improvisée ?,Limiter la recherche et organiser un rendez-vous et une alerte cohérents,Prolonger la recherche jusqu’à la réserve avant de remonter / Prévoir que chacun termine seul la plongée selon son ordinateur
n2-competences-transversales-renoncer-001,cards/n2/17-competences-transversales.yaml,mcq,mcq,qcm_conserve,"Communication, trajet, cap, perte de groupe et cadre d’autonomie distingués.","Le directeur de plongée vous autorise une exploration conforme à vos aptitudes, mais vous vous sentez inhabituellement fatigué et gêné pour respirer. Quelle décision vous appartient encore ?",Signaler son état et renoncer à l’immersion,S’immerger puisque le DP a validé les aptitudes / Attendre les premiers paliers pour signaler la gêne
n2-competences-transversales-paliers-profonds-air-001,cards/n2/17-competences-transversales.yaml,mcq,mcq,qcm_conserve,"Communication, trajet, cap, perte de groupe et cadre d’autonomie distingués.","En planification PA20 FFESSM à l’air, faut-il programmer des paliers profonds supplémentaires ?",Non : planifier sans paliers profonds supplémentaires à l’air,Oui : ajouter des arrêts profonds quel que soit le profil / Oui : remplacer les paliers peu profonds par des arrêts profonds
n2-lecture-pannes-eau-bouche-001,cards/n2/18-lecture-pannes.yaml,mcq,mcq,qcm_corrige,Ne pas diagnostiquer une pièce unique à partir d’un symptôme ; liste de pièces de HP supprimée.,De l’eau entre dans la bouche à l’inspiration sur un second étage. Quelle interprétation est justifiée avant contrôle du matériel ?,"Plusieurs défauts d’étanchéité du second étage sont possibles, pas seulement la purge",L’arrivée d’eau suffit à désigner la purge comme unique pièce défectueuse / L’arrivée d’eau suffit à désigner la compensation du premier étage comme défectueuse
n2-lecture-pannes-chambre-humide-001,cards/n2/18-lecture-pannes.yaml,mcq,mcq,qcm_corrige,Suppression d’une soupape d’expiration fictive au premier étage ; comparaison fuite/fonctionnement normal.,"Dans un modèle de premier étage à piston dont la chambre humide est ouverte à l’eau, des bulles d’air sortent durablement par ses orifices. Que suggère ce passage de gaz ?",Une fuite de gaz vers la chambre humide est possible et doit être contrôlée,La chambre humide évacue normalement une partie du gaz respiratoire à chaque inspiration / Le passage de bulles durables est une purge normale de la chambre humide après immersion
n2-lecture-pannes-flexible-001,cards/n2/18-lecture-pannes.yaml,mcq,mcq,qcm_conserve,Symptôme et hypothèses de panne distingués ; pas de pièce diagnostiquée avec certitude.,Un flexible présente une fissure ou un renflement visible. Pourquoi ne faut-il pas l’utiliser jusqu’à l’apparition d’une fuite importante ?,Il peut se rompre ou perdre rapidement le gaz,Le flexible fissuré ne risque qu’une hausse de pression intermédiaire / L’absence de fuite actuelle confirme sa tenue mécanique
