id,fichier,question_relue,verdict_initial,ISOLATION_final,CREDIBILITY_final,LENGTH_final,WHY_final,SENSE_final,motif_ou_correction,nouvelle_critique,sha256_contenu_fr
n2-add-apnee-001,cards/n2/11-add.yaml,Pourquoi éviter d’enchaîner une séance d’apnée profonde après une plongée bouteille ?,ACCEPT,pass,pass,pass,pass,pass,"Dissolution, facteurs de risque, signes et secours distingués ; les délais DAN gardent leur contexte et les symptômes ne valent pas diagnostic.",not-needed,3a1024b5895866790282cdca5ed256e9b450f310d0c9c036804d6a97dc9b3f37
n2-add-apres-sortie-001,cards/n2/11-add.yaml,Pourquoi sortir de l’eau ne signifie-t-il pas que tout l’azote supplémentaire a été éliminé ?,ACCEPT,pass,pass,pass,pass,pass,"Dissolution, facteurs de risque, signes et secours distingués ; les délais DAN gardent leur contexte et les symptômes ne valent pas diagnostic.",not-needed,2c4281db88e4323f1f50391ae4a1b64464facdc55c12be8c1c0e503caff8ed39
n2-add-articulation-001,cards/n2/11-add.yaml,Une douleur profonde inhabituelle à l’épaule apparaît après une plongée. Le plongeur la met sur le compte du portage du bloc. Quelle décision prendre ?,ACCEPT,pass,pass,pass,pass,pass,"Dissolution, facteurs de risque, signes et secours distingués ; les délais DAN gardent leur contexte et les symptômes ne valent pas diagnostic.",not-needed,e03e9fe659f315709d775f68d963ce3344392a84ac6dd591a9fc51307274ee00
n2-add-avion-001,cards/n2/11-add.yaml,Un plongeur sans symptôme a fait plusieurs plongées sans palier dans la journée. Quel intervalle minimal de surface recommande DAN avant un vol dont la pression en cabine correspond à une altitude de 610 à 2 438 m ?,ACCEPT,pass,pass,pass,pass,pass,"Dissolution, facteurs de risque, signes et secours distingués ; les délais DAN gardent leur contexte et les symptômes ne valent pas diagnostic.",not-needed,17c43cbd8319a3ecbae50a61e4a5bdf62102c6dbd384679618265a157c315de0
n2-add-bouteille-001,cards/n2/11-add.yaml,Pourquoi des bulles apparaissent-elles à l’ouverture d’une bouteille d’eau gazeuse ?,ACCEPT,pass,pass,pass,pass,pass,"Dissolution, facteurs de risque, signes et secours distingués ; les délais DAN gardent leur contexte et les symptômes ne valent pas diagnostic.",not-needed,c630614c7c66155af039cce1700a01f10f3b249b997c4ead00bb5da467d85d22
n2-add-bulles-001,cards/n2/11-add.yaml,Pourquoi une diminution trop rapide de pression favorise-t-elle un accident de désaturation ?,ACCEPT,pass,pass,pass,pass,pass,"Dissolution, facteurs de risque, signes et secours distingués ; les délais DAN gardent leur contexte et les symptômes ne valent pas diagnostic.",not-needed,97f2302a82fb7fe0bc6f52b2a9a4e4a8fd7fe873c650a004a6eeaf10ed831f9c
n2-add-duree-001,cards/n2/11-add.yaml,"À profondeur constante, pourquoi prolonger une plongée peut-il augmenter les obligations de désaturation ?",ACCEPT,pass,pass,pass,pass,pass,"Dissolution, facteurs de risque, signes et secours distingués ; les délais DAN gardent leur contexte et les symptômes ne valent pas diagnostic.",not-needed,08ebb3c64e56b78aaaa5ba248ec04e2a3c3fdbba3b4b934c0dce0e1d33328864
n2-add-eau-001,cards/n2/11-add.yaml,Quelles conditions faut-il réunir avant de proposer de l’eau à une victime d’accident de plongée ?,ACCEPT,pass,pass,pass,pass,pass,"Dissolution, facteurs de risque, signes et secours distingués ; les délais DAN gardent leur contexte et les symptômes ne valent pas diagnostic.",not-needed,c574cf1b393e9ecb9349b3543253d5815805cd005030280c23c55d8c37c8a310
n2-add-effort-surface-001,cards/n2/11-add.yaml,Pourquoi éviter de porter seul des charges lourdes juste après une plongée ?,ACCEPT,pass,pass,pass,pass,pass,"Dissolution, facteurs de risque, signes et secours distingués ; les délais DAN gardent leur contexte et les symptômes ne valent pas diagnostic.",not-needed,45ce97873d3ae69d5135b56832ed61f4506dfa315fffb4beac379210b634d3d6
n2-add-equipiers-001,cards/n2/11-add.yaml,Pourquoi surveiller également les autres membres de la palanquée lorsqu’un accident de désaturation est suspecté ?,ACCEPT,pass,pass,pass,pass,pass,"Dissolution, facteurs de risque, signes et secours distingués ; les délais DAN gardent leur contexte et les symptômes ne valent pas diagnostic.",not-needed,5b3a855eecc9c18468b80f100d262f94efbd816657c54d9031d6c3534f02e077
n2-add-evacuation-001,cards/n2/11-add.yaml,Pourquoi faut-il organiser l’évacuation d’un accidenté avec les secours plutôt que partir spontanément vers le premier caisson trouvé ?,ACCEPT,pass,pass,pass,pass,pass,"Dissolution, facteurs de risque, signes et secours distingués ; les délais DAN gardent leur contexte et les symptômes ne valent pas diagnostic.",not-needed,9f07078616e1bb47a74fb455f96b4b981389448195a65c04909ad2567b935102
n2-add-fatigue-001,cards/n2/11-add.yaml,"Après une plongée, un équipier devient anormalement épuisé et se comporte différemment d’habitude. Pourquoi faut-il le signaler au responsable ?",ACCEPT,pass,pass,pass,pass,pass,"Dissolution, facteurs de risque, signes et secours distingués ; les délais DAN gardent leur contexte et les symptômes ne valent pas diagnostic.",not-needed,0e6cd7a03942f440d0cb6ab0d8024a9f6d548fb6cf873726b4d80ca972444c2f
n2-add-froid-effort-001,cards/n2/11-add.yaml,Pourquoi la température et l’effort doivent-ils être pris en compte dans le risque de désaturation ?,ACCEPT,pass,pass,pass,pass,pass,"Dissolution, facteurs de risque, signes et secours distingués ; les délais DAN gardent leur contexte et les symptômes ne valent pas diagnostic.",not-needed,e1fa69fc1badeeccabb89988a6dd27f3feeb0cdedf0b66d85af69d4d9649edfe
n2-add-henry-001,cards/n2/11-add.yaml,"À température constante, quel effet a une augmentation de la pression partielle d’un gaz sur sa quantité dissoute à l’équilibre dans un liquide ?",ACCEPT,pass,pass,pass,pass,pass,"Dissolution, facteurs de risque, signes et secours distingués ; les délais DAN gardent leur contexte et les symptômes ne valent pas diagnostic.",not-needed,f0974ffd8ad5dd2f60f394c270fc8243b12095ea22634a7b878652bf42c201ba
n2-add-modele-001,cards/n2/11-add.yaml,Un plongeur a respecté les indications de son ordinateur. Pourquoi un accident de désaturation reste-t-il possible ?,ACCEPT,pass,pass,pass,pass,pass,"Dissolution, facteurs de risque, signes et secours distingués ; les délais DAN gardent leur contexte et les symptômes ne valent pas diagnostic.",not-needed,38425d47763e9c17c914f4990b45f24a78df64d2bb58170cd25deffa74153dcc
n2-add-oreille-interne-001,cards/n2/11-add.yaml,"Un vertige persiste après la sortie de l’eau, avec baisse d’audition. Pourquoi ne faut-il pas conclure à un simple problème d’équilibrage ?",ACCEPT,pass,pass,pass,pass,pass,"Dissolution, facteurs de risque, signes et secours distingués ; les délais DAN gardent leur contexte et les symptômes ne valent pas diagnostic.",not-needed,b156aae817c1b3b02932ee0be67f9d5ba432a70c86ad029a176208fac2aad241
n2-add-oxygene-001,cards/n2/11-add.yaml,"En cas de suspicion d’accident de désaturation, pourquoi administrer de l’oxygène en surface ?",ACCEPT,pass,pass,pass,pass,pass,"Dissolution, facteurs de risque, signes et secours distingués ; les délais DAN gardent leur contexte et les symptômes ne valent pas diagnostic.",not-needed,575324a8782b0b26c57865afefe6ee46d4c61ccea341693d9be22dcc405a81d4
n2-add-peau-001,cards/n2/11-add.yaml,"Après une plongée, des démangeaisons s’accompagnent de marbrures inhabituelles sur le tronc. Pourquoi faut-il les signaler rapidement ?",ACCEPT,pass,pass,pass,pass,pass,"Dissolution, facteurs de risque, signes et secours distingués ; les délais DAN gardent leur contexte et les symptômes ne valent pas diagnostic.",not-needed,2d27fe37f90a861ea3a78658cb729133b4873a5ca239fc11fe028b24c06c6b82
n2-add-position-001,cards/n2/11-add.yaml,"Une victime consciente et qui respire présente un malaise après plongée. Quelle position lui proposer, notamment si elle est gênée pour respirer ?",ACCEPT,pass,pass,pass,pass,pass,"Dissolution, facteurs de risque, signes et secours distingués ; les délais DAN gardent leur contexte et les symptômes ne valent pas diagnostic.",not-needed,f1e68d99cb4b5ee986984a1d136c89ee1c3f77f9bbf32d1d6071bd35e5591965
n2-add-poumons-001,cards/n2/11-add.yaml,Par quel trajet l’azote dissous dans les tissus est-il éliminé pendant la désaturation ?,ACCEPT,pass,pass,pass,pass,pass,"Dissolution, facteurs de risque, signes et secours distingués ; les délais DAN gardent leur contexte et les symptômes ne valent pas diagnostic.",not-needed,9d3826f3180454d22ddb00bff061974f00ed97870fa094e9047480943c196f65
n2-add-profondeur-001,cards/n2/11-add.yaml,"À durée et mélange respiré comparables, pourquoi une plongée plus profonde tend-elle à augmenter la charge en azote ?",ACCEPT,pass,pass,pass,pass,pass,"Dissolution, facteurs de risque, signes et secours distingués ; les délais DAN gardent leur contexte et les symptômes ne valent pas diagnostic.",not-needed,ebd41628a58809009f3444140c969bbca12895ceeaa794ab16b7872b20e1c9cd
n2-add-remontee-001,cards/n2/11-add.yaml,Pourquoi respecter à la fois les paliers et la vitesse de remontée prévue par son moyen de désaturation ?,ACCEPT,pass,pass,pass,pass,pass,"Dissolution, facteurs de risque, signes et secours distingués ; les délais DAN gardent leur contexte et les symptômes ne valent pas diagnostic.",not-needed,09510b26727ac422f5a2cb52c6e9fb724c3b4069b820e82093abaf8639bf4cfa
n2-add-retard-001,cards/n2/11-add.yaml,Pourquoi l’absence de symptôme immédiat au retour au bateau n’écarte-t-elle pas un accident de désaturation ?,ACCEPT,pass,pass,pass,pass,pass,"Dissolution, facteurs de risque, signes et secours distingués ; les délais DAN gardent leur contexte et les symptômes ne valent pas diagnostic.",not-needed,15a6278e3a7e9db1715b084bb251a8665a4e1b5d72d128f8468b2f16bfe57d46
n2-add-tissus-001,cards/n2/11-add.yaml,Pourquoi tous les tissus ne se chargent-ils pas en azote à la même vitesse ?,ACCEPT,pass,pass,pass,pass,pass,"Dissolution, facteurs de risque, signes et secours distingués ; les délais DAN gardent leur contexte et les symptômes ne valent pas diagnostic.",not-needed,04b63833b50da5714755d0ec36b6e3e20f325359e803c528f490c9b7ddcfa84e
n2-add-transmission-001,cards/n2/11-add.yaml,"Lors d’un appel pour un symptôme survenu après une plongée, quel ensemble décrit le mieux la chronologie utile à l’évaluation médicale ?",REVISE,pass,pass,pass,pass,pass,CREDIBILITY : supprimer les omissions explicites qui trahissaient les deux leurres.,accepted-after-correction,5c74faa241c6de6e93b46b244478720d6a0ef2c67a1528e73d21361a044ed97d
n2-add-yoyo-001,cards/n2/11-add.yaml,Pourquoi les remontées et redescendes répétées ne doivent-elles pas être considérées comme équivalentes à une plongée stable à la même profondeur maximale ?,ACCEPT,pass,pass,pass,pass,pass,"Dissolution, facteurs de risque, signes et secours distingués ; les délais DAN gardent leur contexte et les symptômes ne valent pas diagnostic.",not-needed,ffa62e51041c107a995386a0063fd0b65eb7e119e730f2828b56be48b658b2d3
n2-barotraumatismes-alerte-oxygene-001,cards/n2/07-barotraumatismes.yaml,"À la surface, un plongeur conscient qui respire présente des signes faisant suspecter un barotraumatisme pulmonaire. Quelles actions prioritaires faut-il engager ?",ACCEPT,pass,pass,pass,pass,pass,"Mécanismes, cavités et signes distingués ; actions d’urgence explicites, sans diagnostic certain à partir des seuls signes.",not-needed,ede0d70404fa690a63d2e79d5cb4cc863f6e631fdc508ff6f7d072c8f1cdc8ac
n2-barotraumatismes-amelioration-symptomes-001,cards/n2/07-barotraumatismes.yaml,"Après une suspicion d’accident pulmonaire ou neurologique de plongée, les symptômes diminuent sous oxygène. Peut-on annuler l’évaluation médicale urgente ?",ACCEPT,pass,pass,pass,pass,pass,"Mécanismes, cavités et signes distingués ; actions d’urgence explicites, sans diagnostic certain à partir des seuls signes.",not-needed,5cd23ad2e6310f5decc6a1bd46af642f6bbbd10e64edec8140b2f1d6944b68eb
n2-barotraumatismes-bouchons-oreilles-001,cards/n2/07-barotraumatismes.yaml,Pourquoi des bouchons étanches dans les oreilles peuvent-ils provoquer un barotraumatisme malgré un bon équilibrage de l’oreille moyenne ?,ACCEPT,pass,pass,pass,pass,pass,"Mécanismes, cavités et signes distingués ; actions d’urgence explicites, sans diagnostic certain à partir des seuls signes.",not-needed,ed0f48c0c7cb0189fab36e9327d1cdddc005e3022bda270bbe5e6f1f783a5b46
n2-barotraumatismes-dents-gaz-001,cards/n2/07-barotraumatismes.yaml,Comment une obturation dentaire défectueuse peut-elle provoquer une douleur liée à la pression pendant une plongée ?,ACCEPT,pass,pass,pass,pass,pass,"Mécanismes, cavités et signes distingués ; actions d’urgence explicites, sans diagnostic certain à partir des seuls signes.",not-needed,c6ac17107bd266bfbb9819d14c0da3c0c80375641ff6754870db635cebc7821f
n2-barotraumatismes-douleur-dentaire-suivi-001,cards/n2/07-barotraumatismes.yaml,Une douleur dentaire aiguë apparue à la remontée a cessé en surface. Que permet de conclure cette disparition de la douleur ?,REVISE,pass,pass,pass,pass,pass,ISOLATION/CREDIBILITY : le recto imposait la conclusion et les leurres la niaient.,accepted-after-correction,0730fc76c779d8fbbefa2c7dfe042c2b766748bd7d4409994fc9c54abe35c6d6
n2-barotraumatismes-faible-profondeur-001,cards/n2/07-barotraumatismes.yaml,"Une surpression pulmonaire est-elle possible après une remontée de quelques mètres seulement en scaphandre, par exemple depuis le fond d’une piscine ?",ACCEPT,pass,pass,pass,pass,pass,"Mécanismes, cavités et signes distingués ; actions d’urgence explicites, sans diagnostic certain à partir des seuls signes.",not-needed,847e016b2b2a3116edf0fe8836ebc434e47477a521842b21a573f1a247831943
n2-barotraumatismes-gaz-digestifs-001,cards/n2/07-barotraumatismes.yaml,"À la remontée, pourquoi du gaz avalé ou déjà présent dans le tube digestif peut-il provoquer une distension douloureuse ?",ACCEPT,pass,pass,pass,pass,pass,"Mécanismes, cavités et signes distingués ; actions d’urgence explicites, sans diagnostic certain à partir des seuls signes.",not-needed,1ec919a536f9455fda9675b2995e7bdc46fba2914730a155af722aa174c97006
n2-barotraumatismes-mecanisme-001,cards/n2/07-barotraumatismes.yaml,Qu’est-ce qui provoque une lésion barotraumatique dans une cavité contenant du gaz ?,ACCEPT,pass,pass,pass,pass,pass,"Mécanismes, cavités et signes distingués ; actions d’urgence explicites, sans diagnostic certain à partir des seuls signes.",not-needed,c6c22e3971f2cf460d24d93386be4de58b3646427644acd8f36fc0b917f4e963
n2-barotraumatismes-placage-masque-001,cards/n2/07-barotraumatismes.yaml,"À la descente, le masque se plaque douloureusement sur le visage malgré une sangle correctement réglée. Quel déséquilibre explique cet effet ventouse ?",ACCEPT,pass,pass,pass,pass,pass,"Mécanismes, cavités et signes distingués ; actions d’urgence explicites, sans diagnostic certain à partir des seuls signes.",not-needed,fc707211c39cd3d4cba317981eac5ccbeac384e4557cbb3cf4c1bc027115f9b5
n2-barotraumatismes-position-descente-001,cards/n2/07-barotraumatismes.yaml,Pourquoi une descente lente tête en haut facilite-t-elle généralement l’équilibrage des oreilles par rapport à une descente tête en bas ?,ACCEPT,pass,pass,pass,pass,pass,"Mécanismes, cavités et signes distingués ; actions d’urgence explicites, sans diagnostic certain à partir des seuls signes.",not-needed,b0fb905b431bf21867b2f0b0105a1a25ec5f1e0fb3b4fbc466ddddb1b8c7fb31
n2-barotraumatismes-rhume-equilibrage-001,cards/n2/07-barotraumatismes.yaml,Un plongeur enrhumé peut encore respirer par le nez. Que peut-on en déduire sur la communication de l’air vers les oreilles moyennes et les sinus ?,REVISE,pass,pass,pass,pass,pass,ISOLATION : le recto réfutait déjà les deux leurres ; interroger directement la relation anatomique.,accepted-after-correction,67b802a1c1aa0b3d50aa64ae0c1a3a46c9c679f6c6c6f9e59de3666c9559c9f7
n2-barotraumatismes-signes-neurologiques-001,cards/n2/07-barotraumatismes.yaml,"Juste après la sortie de l’eau, un plongeur devient confus et perd la force d’un bras. Il ne se plaint pas de douleur thoracique. Peut-on écarter une complication grave de surpression pulmonaire ?",ACCEPT,pass,pass,pass,pass,pass,"Mécanismes, cavités et signes distingués ; actions d’urgence explicites, sans diagnostic certain à partir des seuls signes.",not-needed,48cee1213e6a2a6dd51de105dd835b372eed114145cf68942754ae0443e76f2e
n2-barotraumatismes-signes-respiratoires-001,cards/n2/07-barotraumatismes.yaml,"Après une plongée avec paliers respectés, une douleur thoracique et une difficulté respiratoire apparaissent, parfois avec du sang dans les crachats. Quelle interprétation justifie une alerte urgente ?",ACCEPT,pass,pass,pass,pass,pass,"Mécanismes, cavités et signes distingués ; actions d’urgence explicites, sans diagnostic certain à partir des seuls signes.",not-needed,2a4d3bc92b714f2bac65b988cf3f3681b32313f8ca38d6943d5e2d346258a67f
n2-barotraumatismes-sinus-alerte-001,cards/n2/07-barotraumatismes.yaml,Quels signes peuvent faire suspecter un barotraumatisme des sinus pendant ou après une plongée ?,ACCEPT,pass,pass,pass,pass,pass,"Mécanismes, cavités et signes distingués ; actions d’urgence explicites, sans diagnostic certain à partir des seuls signes.",not-needed,38dcb7c47ced4bbf5e646249e53ada7dd30babb866b92c890eaabeedc344bdfb
n2-barotraumatismes-sinus-communication-001,cards/n2/07-barotraumatismes.yaml,Par quelle voie l’air des sinus paranasaux communique-t-il avec l’air des fosses nasales pour suivre les variations de pression ?,ACCEPT,pass,pass,pass,pass,pass,"Mécanismes, cavités et signes distingués ; actions d’urgence explicites, sans diagnostic certain à partir des seuls signes.",not-needed,4a0ffea04d4c3eccb67da9b1c97c2cf0abbf3d70653779e4bbb45736b8cf56ee
n2-barotraumatismes-sinus-descente-001,cards/n2/07-barotraumatismes.yaml,Une douleur localisée aux sinus apparaît pendant la descente et ne s’efface pas spontanément. Quelle conduite adopter ?,REVISE,pass,pass,pass,pass,pass,SENSE/WHY : corrigé commençant par Non alors que le recto demande une action.,accepted-after-correction,0c0e1a9e29727e5c5871e7bfd5264f6b9d3194eed591a575d03d2f57cbbf41ce
n2-barotraumatismes-sinus-remontee-001,cards/n2/07-barotraumatismes.yaml,Une descente sans douleur exclut-elle un barotraumatisme des sinus pendant la remontée ?,ACCEPT,pass,pass,pass,pass,pass,"Mécanismes, cavités et signes distingués ; actions d’urgence explicites, sans diagnostic certain à partir des seuls signes.",not-needed,d319357c88cd36f6401cfe3aa0428a8c22b916348b4d3565d07e366bc255688e
n2-barotraumatismes-surpression-mecanisme-001,cards/n2/07-barotraumatismes.yaml,Quel mécanisme peut provoquer une surpression pulmonaire chez un plongeur remontant après avoir respiré de l’air comprimé ?,ACCEPT,pass,pass,pass,pass,pass,"Mécanismes, cavités et signes distingués ; actions d’urgence explicites, sans diagnostic certain à partir des seuls signes.",not-needed,a9992ac045ef87d616b4eb169384912a7b1d494b2d3006583d688898aa66bed3
n2-barotraumatismes-trompe-eustache-001,cards/n2/07-barotraumatismes.yaml,"Lors de l’équilibrage, par quel conduit l’air atteint-il l’oreille moyenne depuis l’arrière du nez ?",ACCEPT,pass,pass,pass,pass,pass,"Mécanismes, cavités et signes distingués ; actions d’urgence explicites, sans diagnostic certain à partir des seuls signes.",not-needed,7ad78e230d80914b359e353dd98d0478ac7d454291bc95a32493e1203f5c4a3f
n2-barotraumatismes-vertige-alternobarique-001,cards/n2/07-barotraumatismes.yaml,Quel déséquilibre définit le vertige alternobarique en plongée ?,ACCEPT,pass,pass,pass,pass,pass,"Mécanismes, cavités et signes distingués ; actions d’urgence explicites, sans diagnostic certain à partir des seuls signes.",not-needed,25b89aff266151a12819a55fb339ea9e5caa78e22e5ef3b8d772201bf1503b8b
n2-barotraumatismes-victime-non-respirante-001,cards/n2/07-barotraumatismes.yaml,Une victime d’accident de plongée est inconsciente et ne respire pas normalement. Quels gestes doivent être engagés en priorité ?,REVISE,pass,pass,pass,pass,pass,SENSE/WHY : retirer Non et expliquer la différence entre oxygénation et ventilation.,accepted-after-correction,a3b7db85fcd57409444aaf8f424ddffc26133ce4d232d37e95e318fdb85be09e
n2-competences-transversales-cap-retour-001,cards/n2/17-competences-transversales.yaml,"Exercice d’orientation : trajet rectiligne à cap 70°, sans dérive ni obstacle. Quel cap réciproque permet de revenir sur la même ligne ?",ACCEPT,pass,pass,pass,pass,pass,"Communication, orientation et décision de renoncer distinctes ; deux caps réciproques conservés pour pratiquer les deux cas de calcul.",not-needed,6c08b1c091162447220ec95a0871b5d1980b25806364d92aa84be3c861d3578d
n2-competences-transversales-cap-retour-ouest-001,cards/n2/17-competences-transversales.yaml,"Exercice d’orientation : aller rectiligne à cap 300°, sans dérive ni obstacle. Quel cap réciproque correspond au retour ?",ACCEPT,pass,pass,pass,pass,pass,"Communication, orientation et décision de renoncer distinctes ; deux caps réciproques conservés pour pratiquer les deux cas de calcul.",not-needed,13aacdcf0239608e5c532a12e8dc0e5dced9fc8b6f1663b4b0d185223be13ac6
n2-competences-transversales-communication-001,cards/n2/17-competences-transversales.yaml,Deux équipiers utilisent des ordinateurs différents. Pourquoi convenir avant immersion de la façon de communiquer profondeur et durée des paliers ?,ACCEPT,pass,pass,pass,pass,pass,"Communication, orientation et décision de renoncer distinctes ; deux caps réciproques conservés pour pratiquer les deux cas de calcul.",not-needed,65e73553d20f53a96d4b9e0e544622e2298c09e02ae421b84b1d603998fa13c8
n2-competences-transversales-paliers-profonds-air-001,cards/n2/17-competences-transversales.yaml,"En planification FFESSM à l’air, faut-il programmer des paliers profonds supplémentaires ?",ACCEPT,pass,pass,pass,pass,pass,"Communication, orientation et décision de renoncer distinctes ; deux caps réciproques conservés pour pratiquer les deux cas de calcul.",not-needed,e2f964d3446cbd86b9da4605047b33ec740ab209ff1a6aa0639489627b4c2b22
n2-competences-transversales-renoncer-001,cards/n2/17-competences-transversales.yaml,"Le directeur de plongée vous autorise une exploration conforme à vos aptitudes, mais vous vous sentez inhabituellement fatigué et gêné pour respirer. Quelle décision vous appartient encore ?",REVISE,pass,pass,pass,pass,pass,SENSE : harmoniser le vouvoiement avec le recto.,accepted-after-correction,26e5754b51fb10fbc45cddfd73dd042ca0f15a1e998b099033a107c8ccbc5f74
n2-competences-transversales-reperes-001,cards/n2/17-competences-transversales.yaml,Pourquoi choisir plusieurs repères fixes alignés plutôt que suivre seulement une impression de direction sous l’eau ?,ACCEPT,pass,pass,pass,pass,pass,"Communication, orientation et décision de renoncer distinctes ; deux caps réciproques conservés pour pratiquer les deux cas de calcul.",not-needed,25df5de9f795c8f334b5591ce036ca18ecf210840cbf77fdcf11dec7d9ad2dcf
n2-competences-transversales-retour-001,cards/n2/17-competences-transversales.yaml,"Pourquoi faut-il prévoir le parcours de retour et une solution de sortie alternative avant de descendre, plutôt qu’attendre le seuil de réserve pour décider ?",ACCEPT,pass,pass,pass,pass,pass,"Communication, orientation et décision de renoncer distinctes ; deux caps réciproques conservés pour pratiquer les deux cas de calcul.",not-needed,a273d66fe60393f06856d7c3c4bdeb376c632766165d7e115f2a39dd04d70c47
n2-competences-transversales-separation-001,cards/n2/17-competences-transversales.yaml,Pourquoi convenir d’une procédure de perte de palanquée avant immersion plutôt que prolonger chacun une recherche improvisée ?,ACCEPT,pass,pass,pass,pass,pass,"Communication, orientation et décision de renoncer distinctes ; deux caps réciproques conservés pour pratiquer les deux cas de calcul.",not-needed,98509e30f0de378d4209b9a46acda6df1d3fd82379f31765c168191612fb0f19
n2-detendeurs-bouche-001,cards/n2/16-detendeurs.yaml,"À 20 m dans le modèle 1 bar en surface et +1 bar/10 m, un détendeur a une MP de 9,5 bar au-dessus de l’ambiante. Délivre-t-il 12,5 bar absolus dans la bouche ?",ACCEPT,pass,pass,pass,pass,pass,Schéma sans légende donnant la clé ; mécanismes et calculs MP distincts ; consignes propres au fabricant conservées.,not-needed,82b073625251db717252f748692118b70a128498ae944fde2d4703842f18c5f0
n2-detendeurs-compensation-001,cards/n2/16-detendeurs.yaml,Quel intérêt a la compensation d’un premier étage lorsque la pression du bloc diminue ?,ACCEPT,pass,pass,pass,pass,pass,Schéma sans légende donnant la clé ; mécanismes et calculs MP distincts ; consignes propres au fabricant conservées.,not-needed,798e1ef3e233a7322333976b54da8574bf779af00a1139dfc51227f293ef8639
n2-detendeurs-cycle-001,cards/n2/16-detendeurs.yaml,"Dans un modèle conceptuel de premier étage à membrane, comment la consommation d’air déclenche-t-elle puis arrête-t-elle l’arrivée de gaz depuis le bloc ?",ACCEPT,pass,pass,pass,pass,pass,Schéma sans légende donnant la clé ; mécanismes et calculs MP distincts ; consignes propres au fabricant conservées.,not-needed,151ba717b7552e776e69032e1a3bf0a8511c79d31e9cf0915f8a303e6f4f60d1
n2-detendeurs-debit-continu-001,cards/n2/16-detendeurs.yaml,Un détendeur se met en débit continu hors de la bouche. Pourquoi ce constat ne permet-il pas de diagnostiquer à lui seul un givrage ?,ACCEPT,pass,pass,pass,pass,pass,Schéma sans légende donnant la clé ; mécanismes et calculs MP distincts ; consignes propres au fabricant conservées.,not-needed,170c612a2e3e9d8e97e33276340010531a029cb1520b109e458f3095cd049dc0
n2-detendeurs-eau-froide-001,cards/n2/16-detendeurs.yaml,Quel élément permet de vérifier qu’un détendeur est adapté à la température d’une plongée en eau froide ?,REVISE,pass,pass,pass,pass,pass,ISOLATION : le recto écartait déjà le leurre membrane.,accepted-after-correction,8a97361d6841c4ede253241b5cc1d0e370c2645684857a9d934710549f95aba8
n2-detendeurs-eau-second-etage-001,cards/n2/16-detendeurs.yaml,Un second étage a été immergé hors de la bouche. Que faut-il faire avant d’inspirer à nouveau dedans ?,ACCEPT,pass,pass,pass,pass,pass,Schéma sans légende donnant la clé ; mécanismes et calculs MP distincts ; consignes propres au fabricant conservées.,not-needed,224d85a5ba253ac1f4979f5d5ad1e504aa3afb394d9a7e37f32d3c132b4abf08
n2-detendeurs-fixations-001,cards/n2/16-detendeurs.yaml,Quelle différence mécanique entre une fixation DIN et une fixation par étrier du premier étage ?,ACCEPT,pass,pass,pass,pass,pass,Schéma sans légende donnant la clé ; mécanismes et calculs MP distincts ; consignes propres au fabricant conservées.,not-needed,a1dc14137b6b10cd5a7fd51f4b58df6fef7e3f040596441a6a0a695bc0d411c9
n2-detendeurs-fuite-montage-001,cards/n2/16-detendeurs.yaml,Des bulles sortent au raccord bloc–premier étage après montage. Pourquoi faut-il contrôler l’étanchéité et le montage plutôt que serrer toujours plus fort ?,ACCEPT,pass,pass,pass,pass,pass,Schéma sans légende donnant la clé ; mécanismes et calculs MP distincts ; consignes propres au fabricant conservées.,not-needed,6826b83374cd23b0e792f9d7fe364c6af251c349d0189201302d54a3b619381b
n2-detendeurs-incident-immersion-001,cards/n2/16-detendeurs.yaml,"En immersion, un débit continu persistant fait chuter rapidement la pression du bloc. Quelle priorité pour la palanquée ?",ACCEPT,pass,pass,pass,pass,pass,Schéma sans légende donnant la clé ; mécanismes et calculs MP distincts ; consignes propres au fabricant conservées.,not-needed,72106aba68439806773483fe82580f0420d737552de06efe587fa2414c386a83
n2-detendeurs-inspiration-001,cards/n2/16-detendeurs.yaml,Comment l’inspiration commande-t-elle l’arrivée de gaz dans un second étage classique à membrane et levier ?,ACCEPT,pass,pass,pass,pass,pass,Schéma sans légende donnant la clé ; mécanismes et calculs MP distincts ; consignes propres au fabricant conservées.,not-needed,afdf0e00674ec52f284cef7a89f6848d3679b9facc520fb6445136521f4467ff
n2-detendeurs-inspiration-difficile-001,cards/n2/16-detendeurs.yaml,"Avant de plonger, respirer sur le détendeur demande un effort inhabituel. Que faut-il contrôler avant de décider de s’immerger ?",ACCEPT,pass,pass,pass,pass,pass,Schéma sans légende donnant la clé ; mécanismes et calculs MP distincts ; consignes propres au fabricant conservées.,not-needed,021305c92b754042382c82b8b98afbf07cafcd224a5fac26dd7b70e6faba5b18
n2-detendeurs-membrane-piston-001,cards/n2/16-detendeurs.yaml,"Dans un premier étage, quelle distinction entre un mécanisme à piston et un mécanisme à membrane ?",ACCEPT,pass,pass,pass,pass,pass,Schéma sans légende donnant la clé ; mécanismes et calculs MP distincts ; consignes propres au fabricant conservées.,not-needed,4b4d8d8473bdce6bb61fee7bff79db25d85668cad30f060b288c65d582e605f4
n2-detendeurs-mp-quarante-001,cards/n2/16-detendeurs.yaml,"Modèle fictif : à 40 m, la MP absolue vaut 14 bar. Prendre 1 bar en surface et +1 bar/10 m. Quelle est la MP relative à l’ambiante ?",ACCEPT,pass,pass,pass,pass,pass,Schéma sans légende donnant la clé ; mécanismes et calculs MP distincts ; consignes propres au fabricant conservées.,not-needed,ee04a199214bc974d2ca9d82e99b34a0fffb02c374665cfe7e6275bd6ab79eb7
n2-detendeurs-mp-vingt-001,cards/n2/16-detendeurs.yaml,"Modèle fictif : premier étage réglé à 9 bar au-dessus de l’ambiante, à 20 m. Prendre 1 bar en surface et +1 bar/10 m. Quelle est sa MP absolue ?",ACCEPT,pass,pass,pass,pass,pass,Schéma sans légende donnant la clé ; mécanismes et calculs MP distincts ; consignes propres au fabricant conservées.,not-needed,dc9dd762709f2921c30368155c66816a42c6a9f2cc76bff020db700f9fe7cefd
n2-detendeurs-pressions-001,cards/n2/16-detendeurs.yaml,"Sur ce schéma conceptuel d’un détendeur à deux étages, quelle réduction de pression réalise A, puis B ?

<svg xmlns=""http://www.w3.org/2000/svg"" viewBox=""0 0 640 180"" role=""img"" aria-label=""Bloc vers étage A, flexible vers étage B, puis bouche"" style=""width:100%;max-width:640px;height:auto""><rect width=""640"" height=""180"" fill=""#ffffff""/><defs><marker id=""fleche"" markerWidth=""8"" markerHeight=""8"" refX=""7"" refY=""4"" orient=""auto""><path d=""M0,0 L8,4 L0,8"" fill=""#2878a0""/></marker></defs><g fill=""#eaf5fa"" stroke=""#2878a0"" stroke-width=""2""><rect x=""10"" y=""55"" width=""110"" height=""70"" rx=""8""/><rect x=""190"" y=""55"" width=""110"" height=""70"" rx=""8""/><rect x=""370"" y=""55"" width=""110"" height=""70"" rx=""8""/><rect x=""545"" y=""55"" width=""85"" height=""70"" rx=""8""/></g><g stroke=""#2878a0"" stroke-width=""3"" marker-end=""url(#fleche)""><path d=""M120 90 H180""/><path d=""M300 90 H360""/><path d=""M480 90 H535""/></g><g fill=""#16394a"" text-anchor=""middle"" font-family=""sans-serif"" font-size=""18""><text x=""65"" y=""96"">Bloc</text><text x=""245"" y=""96"">Étage A</text><text x=""425"" y=""96"">Étage B</text><text x=""588"" y=""96"">Bouche</text><text x=""335"" y=""152"">Flexible</text></g></svg>",ACCEPT,pass,pass,pass,pass,pass,Schéma sans légende donnant la clé ; mécanismes et calculs MP distincts ; consignes propres au fabricant conservées.,not-needed,88629e21b38f31660f82c9721c0452f6a447d6caa1d8759399f4e40696c8a719
n2-detendeurs-purge-001,cards/n2/16-detendeurs.yaml,Comment le bouton de purge d’un second étage provoque-t-il un débit sans inspiration ?,ACCEPT,pass,pass,pass,pass,pass,Schéma sans légende donnant la clé ; mécanismes et calculs MP distincts ; consignes propres au fabricant conservées.,not-needed,4fad32bab301e642a88975957d304ad2467c2259f36d022e1a89104eec278140
n2-detendeurs-relative-absolue-001,cards/n2/16-detendeurs.yaml,"Un premier étage maintient sa pression intermédiaire à 9,5 bar au-dessus de l’ambiante. Quelle expression donne cette pression intermédiaire en valeur absolue ?",REVISE,pass,pass,pass,pass,pass,SENSE : demander une expression plutôt qu’un pourquoi suivi de formules.,accepted-after-correction,c595cd92aec7bfba8027f15aa501ab0d4defe6eb31b57d5cd2ebce3fba33c01e
n2-detendeurs-revision-001,cards/n2/16-detendeurs.yaml,"Pour les détendeurs concernés par le manuel SCUBAPRO de juillet 2025, quelle échéance de révision agréée est indiquée, avec un suivi plus rapproché en usage fréquent ?",ACCEPT,pass,pass,pass,pass,pass,Schéma sans légende donnant la clé ; mécanismes et calculs MP distincts ; consignes propres au fabricant conservées.,not-needed,8f012a934396cf7ad4dd4b20d92d89ea3e945f975be28246623127e2ab9a092a
n2-detendeurs-rincage-001,cards/n2/16-detendeurs.yaml,"Le manuel SCUBAPRO prévoit le rinçage d’un détendeur démonté du bloc, avec un second étage R195 ou G260 doté d’un dispositif anti-marquage. Quelle configuration demande-t-il ?",ACCEPT,pass,pass,pass,pass,pass,Schéma sans légende donnant la clé ; mécanismes et calculs MP distincts ; consignes propres au fabricant conservées.,not-needed,d12f078345547e2c60e2db0e65612d6b0b05a7af8c175ce047505f48ecb96cbc
n2-detendeurs-soins-001,cards/n2/16-detendeurs.yaml,"Pourquoi sécher et ranger son détendeur loin de la chaleur, du soleil direct et des contraintes sur les flexibles ?",ACCEPT,pass,pass,pass,pass,pass,Schéma sans légende donnant la clé ; mécanismes et calculs MP distincts ; consignes propres au fabricant conservées.,not-needed,e08f6b7a9d18452c1386bd8a79315a9fa3c0f47eb4e1380537ba34a12b794fd1
n2-documents-assurance-rc-aia-001,cards/n2/03-documents-environnement.yaml,Quelle répartition des risques distingue la responsabilité civile (RC) de la licence FFESSM et une assurance individuelle accident ?,ACCEPT,pass,pass,pass,pass,pass,"Documents, assurances et cadres locaux distingués ; indices naturels des noms conservés seulement quand la connaissance testée reste précise.",not-needed,3d434f2a10106cb65b7aaffd4eb7d6feafe91ac667f0ef14db19c0f623646571
n2-documents-caci-validite-medecin-001,cards/n2/03-documents-environnement.yaml,"Pour un adulte pratiquant la plongée FFESSM à l’air, hors cas médical particulier, quelle ancienneté maximale du CACI et quelle exigence de médecin s’appliquent ?",ACCEPT,pass,pass,pass,pass,pass,"Documents, assurances et cadres locaux distingués ; indices naturels des noms conservés seulement quand la connaissance testée reste précise.",not-needed,976c73f9b6fa9e4604c2fca9c8a12254daa128f4ba7c37454478f1adca1ce730
n2-documents-cmas-role-001,cards/n2/03-documents-environnement.yaml,Une certification de plongée porte une référence CMAS. À quoi renvoie cette référence ?,ACCEPT,pass,pass,pass,pass,pass,"Documents, assurances et cadres locaux distingués ; indices naturels des noms conservés seulement quand la connaissance testée reste précise.",not-needed,171a66ea63769d018d53b32f6c300d88a2706ae895cc6486b09e1635e00f3cec
n2-documents-decouverte-archeologique-001,cards/n2/03-documents-environnement.yaml,"En mer en France, un plongeur découvre un objet présentant un intérêt archéologique. Que doit-il en faire, et dans quel délai doit-il déclarer la découverte ?",ACCEPT,pass,pass,pass,pass,pass,"Documents, assurances et cadres locaux distingués ; indices naturels des noms conservés seulement quand la connaissance testée reste précise.",not-needed,9f92e0f5f91213643fe305d6627f38ec3e6d8b4e2057ff81859a4707bfd7799c
n2-documents-distance-navires-locale-001,cards/n2/03-documents-environnement.yaml,"Avant une plongée sur un site côtier français, dans quels textes vérifier les distances d’approche et limitations de vitesse imposées aux navires autour des plongeurs signalés ?",REVISE,pass,pass,pass,pass,pass,"CREDIBILITY : comparer des textes à des textes, pas un texte à une distance.",accepted-after-correction,90ca42827ed0dd48bebc82eafff7914f7980dbd681465d1ed6847135dce8d98b
n2-documents-federation-role-001,cards/n2/03-documents-environnement.yaml,"Dans le réseau FFESSM, qui définit le cursus fédéral et qui organise localement les formations et les plongées ?",ACCEPT,pass,pass,pass,pass,pass,"Documents, assurances et cadres locaux distingués ; indices naturels des noms conservés seulement quand la connaissance testée reste précise.",not-needed,676df5a489ed0dd5b1c498334ac2fb85461acad32b22e2c35b8ee43642833f56
n2-documents-licence-affiliation-001,cards/n2/03-documents-environnement.yaml,"Que prouve la licence FFESSM de pratique d’un plongeur pour sa période de validité, par opposition à son brevet et à son CACI ?",ACCEPT,pass,pass,pass,pass,pass,"Documents, assurances et cadres locaux distingués ; indices naturels des noms conservés seulement quand la connaissance testée reste précise.",not-needed,2e4ba01c31ebc12f3db471ed69d5db415a108bc0d42725f334a61ebabaa1684e
n2-documents-pavillon-alpha-001,cards/n2/03-documents-environnement.yaml,Quelles sont les couleurs du pavillon Alpha utilisé pour signaler la plongée depuis une embarcation en mer ?,ACCEPT,pass,pass,pass,pass,pass,"Documents, assurances et cadres locaux distingués ; indices naturels des noms conservés seulement quand la connaissance testée reste précise.",not-needed,6058cda46c780db3c08ac9bdb72cb86f70ccacad46cd15e7977eeccf6bf705f6
n2-documents-peche-scaphandre-001,cards/n2/03-documents-environnement.yaml,"En pêche sous-marine de loisir en mer en France, quelles règles s’appliquent à l’usage d’un scaphandre et à la présence d’un scaphandre avec un fusil sous-marin sur le même bateau ?",ACCEPT,pass,pass,pass,pass,pass,"Documents, assurances et cadres locaux distingués ; indices naturels des noms conservés seulement quand la connaissance testée reste précise.",not-needed,fbe5fa937a81cb2582683b0c13ada3dba554f8f5a0683e3143488991ccf5d101
n2-documents-prelevements-observation-001,cards/n2/03-documents-environnement.yaml,"Lors d’une plongée d’observation, quelle conduite adopter envers les organismes et les objets naturels, même s’ils semblent sans valeur ?",REVISE,pass,pass,pass,pass,pass,WHY : retirer la reprise mot pour mot du choix au début du corrigé.,accepted-after-correction,219ad4dfaaafea849bf73ca713a0c9fd96b8b27c14afc85fe4652448f5a62dd5
n2-documents-suivi-bloc-001,cards/n2/03-documents-environnement.yaml,Une inspection visuelle à jour suffit-elle à remplacer la requalification d’un bloc de plongée arrivée à échéance ?,ACCEPT,pass,pass,pass,pass,pass,"Documents, assurances et cadres locaux distingués ; indices naturels des noms conservés seulement quand la connaissance testée reste précise.",not-needed,136ddba71d1bf756310683da3e4aceea82d45fa31a79c0f2c2c4618f2c7ce680
n2-documents-zones-reglementees-001,cards/n2/03-documents-environnement.yaml,"Pour savoir si une plongée est autorisée dans une zone marine protégée, quelle réglementation faut-il vérifier ?",ACCEPT,pass,pass,pass,pass,pass,"Documents, assurances et cadres locaux distingués ; indices naturels des noms conservés seulement quand la connaissance testée reste précise.",not-needed,4a2ae411ee1be10e646cd8b813ad6d8db0adfed406984a0f6d62505c37704dd5
n2-essoufflement-air-pollue-001,cards/n2/08-essoufflement.yaml,Plusieurs plongeurs dont les blocs ont été gonflés au même endroit présentent un malaise ou une gêne respiratoire. Quelle hypothèse supplémentaire faut-il transmettre aux secours ?,ACCEPT,pass,pass,pass,pass,pass,"Ventilation alvéolaire distinguée du débit total ; mécanismes, reconnaissance et assistance apportent des objectifs distincts.",not-needed,a4beadef1bef952e2362e3ea0b6432a1a6659720f293d0abdc65f1b999b933b8
n2-essoufflement-assistance-001,cards/n2/08-essoufflement.yaml,"Lors d’une remontée assistée pour essoufflement, comment associer la réduction de l’effort et la gestion de la remontée ?",REVISE,pass,pass,pass,pass,pass,SENSE : question de justification et choix d’actions ; recentrer sur la conduite.,accepted-after-correction,51ede0771523e1c5598f50c7095d5a43b93d7277cb9848ff1bf765131a0c7611
n2-essoufflement-co2-001,cards/n2/08-essoufflement.yaml,Pourquoi une respiration très rapide et superficielle peut-elle entretenir l’essoufflement au lieu de l’arrêter ?,ACCEPT,pass,pass,pass,pass,pass,"Ventilation alvéolaire distinguée du débit total ; mécanismes, reconnaissance et assistance apportent des objectifs distincts.",not-needed,bb98998f06510ae20c37644803f3efc2ad57a89fe94571d0ce1f6070be1d7ed5
n2-essoufflement-courant-001,cards/n2/08-essoufflement.yaml,La palanquée rencontre un courant contre lequel elle doit palmer fortement pour maintenir le trajet. Que faut-il remettre en cause avant l’épuisement ?,ACCEPT,pass,pass,pass,pass,pass,"Ventilation alvéolaire distinguée du débit total ; mécanismes, reconnaissance et assistance apportent des objectifs distincts.",not-needed,49e194ee67132e4f86313b08b7d67421c4e31b7b3d36ee7d80f8a5906e34e1fc
n2-essoufflement-effort-001,cards/n2/08-essoufflement.yaml,Un plongeur peu entraîné accélère fortement son palmage pour suivre une palanquée. Pourquoi cela favorise-t-il l’essoufflement ?,ACCEPT,pass,pass,pass,pass,pass,"Ventilation alvéolaire distinguée du débit total ; mécanismes, reconnaissance et assistance apportent des objectifs distincts.",not-needed,a4ed5f7069da48361ca8533c00b72e42edf992d4154863ccb4b79eda7347e50d
n2-essoufflement-panique-001,cards/n2/08-essoufflement.yaml,Un plongeur essoufflé ressent une envie de retirer son détendeur et de remonter précipitamment. Pourquoi doit-il conserver une source de gaz et demander de l’aide ?,ACCEPT,pass,pass,pass,pass,pass,"Ventilation alvéolaire distinguée du débit total ; mécanismes, reconnaissance et assistance apportent des objectifs distincts.",not-needed,525d6b8358cda349eead83d1c7f80ecb3f6ad12fd585eaf87127ac4b0601f0d4
n2-essoufflement-premiers-signes-001,cards/n2/08-essoufflement.yaml,"En immersion, un plongeur présente un essoufflement pendant un palmage soutenu. Quelles premières actions engager avec la palanquée ?",ACCEPT,pass,pass,pass,pass,pass,"Ventilation alvéolaire distinguée du débit total ; mécanismes, reconnaissance et assistance apportent des objectifs distincts.",not-needed,1b88285f4e7812707e5cf6df32f5f8fc9288aca9a02611c699941d7f1ead5aae
n2-essoufflement-profondeur-001,cards/n2/08-essoufflement.yaml,"À ventilation comparable, pourquoi respirer devient-il plus exigeant lorsque la profondeur augmente ?",ACCEPT,pass,pass,pass,pass,pass,"Ventilation alvéolaire distinguée du débit total ; mécanismes, reconnaissance et assistance apportent des objectifs distincts.",not-needed,edc07dcd8b042b1e2e4d61f9df245b3ad8aa581c88f95278039fcdf9dbe01d77
n2-essoufflement-signes-001,cards/n2/08-essoufflement.yaml,Quels signes peuvent annoncer un essoufflement en immersion avant une perte de contrôle ?,ACCEPT,pass,pass,pass,pass,pass,"Ventilation alvéolaire distinguée du débit total ; mécanismes, reconnaissance et assistance apportent des objectifs distincts.",not-needed,02ed673b57055955c0c0bc1c9af7402b016425c0ab7f33f6c03c409602dd5309
n2-flottabilite-archimede-001,cards/n2/05-flottabilite.yaml,Un objet entièrement immergé dans une eau au repos déplace 4 L d’eau. De quoi dépend la valeur de la poussée d’Archimède qu’il reçoit ?,ACCEPT,pass,pass,pass,pass,pass,Relations masse/volume/force explicites ; calculs de signes et de lest distincts. L’application au palier complète le mécanisme du bloc allégé sans changer de fait.,not-needed,d515c2b1e2634eccb9e0fe8b33d441344c7546e1fc1e3644968b9d39fb578b2d
n2-flottabilite-bloc-consomme-001,cards/n2/05-flottabilite.yaml,"Entre le début et la fin d’une plongée à circuit ouvert, le même bloc rigide contient moins d’air. À profondeur identique, quel changement explique qu’il soit moins lourd dans l’eau ?",ACCEPT,pass,pass,pass,pass,pass,Relations masse/volume/force explicites ; calculs de signes et de lest distincts. L’application au palier complète le mécanisme du bloc allégé sans changer de fait.,not-needed,c1b943b9f082a7d5207d93cbad06f290109d5dc1f8cef017f538f7e483ebe230
n2-flottabilite-calcul-cinq-kg-001,cards/n2/05-flottabilite.yaml,Un objet a une masse de 5 kg et un volume extérieur de 3 L. Quel est son poids apparent ? Objet entièrement immergé en eau douce ; prendre 1 kg par litre d’eau et g = 10 N/kg. Le poids apparent est défini par poids réel moins poussée d’Archimède.,ACCEPT,pass,pass,pass,pass,pass,Relations masse/volume/force explicites ; calculs de signes et de lest distincts. L’application au palier complète le mécanisme du bloc allégé sans changer de fait.,not-needed,deafd25a1ad1a954b054ca6eed1c4e32ffd0be09f413f6c771aac106400eaccc
n2-flottabilite-calcul-deux-kg-001,cards/n2/05-flottabilite.yaml,Un objet a une masse de 2 kg et un volume extérieur de 3 L. Quel est son poids apparent ? Objet entièrement immergé en eau douce ; prendre 1 kg par litre d’eau et g = 10 N/kg. Le poids apparent est défini par poids réel moins poussée d’Archimède.,ACCEPT,pass,pass,pass,pass,pass,Relations masse/volume/force explicites ; calculs de signes et de lest distincts. L’application au palier complète le mécanisme du bloc allégé sans changer de fait.,not-needed,9976d68e4df84dc8f23d784c950bb7307b1a3cb0b70ef6db011081c44c49ad98
n2-flottabilite-calcul-eau-salee-001,cards/n2/05-flottabilite.yaml,"Un objet de 4 kg et 4 L est entièrement immergé dans une eau salée de masse volumique 1,025 kg/L. Quel est son poids apparent ? Prendre g = 10 N/kg et poids apparent = poids réel − poussée d’Archimède.",ACCEPT,pass,pass,pass,pass,pass,Relations masse/volume/force explicites ; calculs de signes et de lest distincts. L’application au palier complète le mécanisme du bloc allégé sans changer de fait.,not-needed,6e251a24479733d6c1f87f47f1fe1477b88745274e8885ddb64aaec6b9020c74
n2-flottabilite-calcul-neutre-001,cards/n2/05-flottabilite.yaml,Un objet a une masse de 3 kg et un volume extérieur de 3 L. Quel est son poids apparent ? Objet entièrement immergé en eau douce ; prendre 1 kg par litre d’eau et g = 10 N/kg. Le poids apparent est défini par poids réel moins poussée d’Archimède.,ACCEPT,pass,pass,pass,pass,pass,Relations masse/volume/force explicites ; calculs de signes et de lest distincts. L’application au palier complète le mécanisme du bloc allégé sans changer de fait.,not-needed,07b19f344a4d1072a86172787ed0ffd2fb682e7c6523b2a6734003f21ba85bc6
n2-flottabilite-carnet-lestage-001,cards/n2/05-flottabilite.yaml,"Pour pouvoir réutiliser un réglage de lestage noté dans son carnet, quelles informations faut-il conserver en plus des kilogrammes de lest ?",ACCEPT,pass,pass,pass,pass,pass,Relations masse/volume/force explicites ; calculs de signes et de lest distincts. L’application au palier complète le mécanisme du bloc allégé sans changer de fait.,not-needed,36d02a465780cb63073a1b0a5c76fe121bd95a2b1163f90129645d32f8dfa049
n2-flottabilite-combinaison-lest-001,cards/n2/05-flottabilite.yaml,"Un plongeur remplace sa combinaison humide par une autre, plus épaisse. Peut-il déterminer exactement son nouveau lestage à partir de la seule différence d’épaisseur ?",ACCEPT,pass,pass,pass,pass,pass,Relations masse/volume/force explicites ; calculs de signes et de lest distincts. L’application au palier complète le mécanisme du bloc allégé sans changer de fait.,not-needed,ed930878bb73742c388572dcd6aa4085174a32f669f47f235975f1bc3565aa61
n2-flottabilite-eau-douce-mer-001,cards/n2/05-flottabilite.yaml,"Un plongeur correctement lesté en eau douce garde le même équipement pour plonger en mer, dans une eau plus dense. Dans quel sens le besoin de lest évolue-t-il généralement ?",ACCEPT,pass,pass,pass,pass,pass,Relations masse/volume/force explicites ; calculs de signes et de lest distincts. L’application au palier complète le mécanisme du bloc allégé sans changer de fait.,not-needed,d5e2e062d8c9cb5383135cc7fc360633940f9d26721664997338fe49af11ed0b
n2-flottabilite-gilet-001,cards/n2/05-flottabilite.yaml,"À profondeur constante, on transfère de l’air du bloc vers le gilet, sans rejet de gaz. Pourquoi cela augmente-t-il la flottabilité de l’ensemble plongeur-équipement ?",ACCEPT,pass,pass,pass,pass,pass,Relations masse/volume/force explicites ; calculs de signes et de lest distincts. L’application au palier complète le mécanisme du bloc allégé sans changer de fait.,not-needed,a9aef716bc3343058fcb7723c0e9a6ddc1fa360182db6eda17081fbc1aa42e9a
n2-flottabilite-lest-caisson-001,cards/n2/05-flottabilite.yaml,"Un caisson étanche de masse 1,5 kg et de volume extérieur 3 L est entièrement immergé en eau douce. Quelle masse de lest faut-il ajouter pour rendre l’ensemble neutre ? Prendre 1 kg par litre d’eau et négliger le volume du lest ajouté.",ACCEPT,pass,pass,pass,pass,pass,Relations masse/volume/force explicites ; calculs de signes et de lest distincts. L’application au palier complète le mécanisme du bloc allégé sans changer de fait.,not-needed,858fda60ebca148592128b187a430a13f83e2a8d881388ee5018ba731ae49286
n2-flottabilite-neoprene-001,cards/n2/05-flottabilite.yaml,"À la descente, pourquoi une combinaison humide en néoprène perd-elle de sa flottabilité ?",ACCEPT,pass,pass,pass,pass,pass,Relations masse/volume/force explicites ; calculs de signes et de lest distincts. L’application au palier complète le mécanisme du bloc allégé sans changer de fait.,not-needed,725e9d409847b77527d855eeea58e5aff34816b6ac6158f822ce035fd32d278b
n2-flottabilite-palier-bloc-allege-001,cards/n2/05-flottabilite.yaml,"Un plongeur était correctement stabilisé en début de plongée. En fin de plongée, il doit palmer pour rester immergé à faible profondeur, avec un gilet entièrement purgé, une combinaison humide et une respiration normale. Pourquoi un lestage vérifié seulement avec le bloc plein peut-il expliquer cette difficulté ?",ACCEPT,pass,pass,pass,pass,pass,Relations masse/volume/force explicites ; calculs de signes et de lest distincts. L’application au palier complète le mécanisme du bloc allégé sans changer de fait.,not-needed,bcc047eaabfa4c963518d7d4aca5755e8b505902df8660a8b9a3704f5d32db25
n2-flottabilite-parachute-traction-001,cards/n2/05-flottabilite.yaml,Un dévidoir accroché au plongeur se bloque pendant le lancement du parachute. Quel risque motive la consigne de le garder décroché de soi ?,ACCEPT,pass,pass,pass,pass,pass,Relations masse/volume/force explicites ; calculs de signes et de lest distincts. L’application au palier complète le mécanisme du bloc allégé sans changer de fait.,not-needed,b364c7344d6cdeedf0c942738654f04155cd195ccdd7e6627fbbf41a834fc3da
n2-flottabilite-perte-lest-001,cards/n2/05-flottabilite.yaml,Un plongeur stabilisé perd accidentellement une poche de plombs. Pourquoi risque-t-il de partir vers la surface ?,ACCEPT,pass,pass,pass,pass,pass,Relations masse/volume/force explicites ; calculs de signes et de lest distincts. L’application au palier complète le mécanisme du bloc allégé sans changer de fait.,not-needed,314106ddedb4c46ea59facf2043e511dce97936e13fb4c1d03f2722c4c6f60c6
n2-flottabilite-poids-reel-apparent-001,cards/n2/05-flottabilite.yaml,"Un bloc fermé paraît moins lourd lorsqu’on le tient immobile sous l’eau. Quelle proposition décrit correctement sa masse, son poids réel et son poids apparent ?",REVISE,pass,pass,pass,pass,pass,"WHY/SENSE : « Non » répondait à un ancien oui/non, pas à la question actuelle.",accepted-after-correction,8649737b27b65c84ade35cb88982a3a9ee5c89664c8f116da843dbea916272c6
n2-flottabilite-poumon-ballast-001,cards/n2/05-flottabilite.yaml,"En plongée en scaphandre à circuit ouvert, que devient la flottabilité pendant une inspiration normale, sans action sur le gilet ?",ACCEPT,pass,pass,pass,pass,pass,Relations masse/volume/force explicites ; calculs de signes et de lest distincts. L’application au palier complète le mécanisme du bloc allégé sans changer de fait.,not-needed,bd3d86685b5981fa58bd5bcbae02442ab2d7031e5542ac70f058fd07af3281fd
n2-flottabilite-relation-poids-apparent-001,cards/n2/05-flottabilite.yaml,"En prenant le sens vers le bas comme positif, quelle relation donne le poids apparent d’un objet immergé à partir de son poids réel et de la poussée d’Archimède ?",ACCEPT,pass,pass,pass,pass,pass,Relations masse/volume/force explicites ; calculs de signes et de lest distincts. L’application au palier complète le mécanisme du bloc allégé sans changer de fait.,not-needed,a5b1fc5291d808565a5c3b9c4c69f3229d718ccd70a5fa6278c7da7fd0abface
n2-flottabilite-respiration-001,cards/n2/05-flottabilite.yaml,"En scaphandre à circuit ouvert, comment utiliser le poumon-ballast pour ajuster sa flottabilité ?",ACCEPT,pass,pass,pass,pass,pass,Relations masse/volume/force explicites ; calculs de signes et de lest distincts. L’application au palier complète le mécanisme du bloc allégé sans changer de fait.,not-needed,b9071ba8a2ab4da581831c7a32c7bc309d97c10f73157f1f3071ef7e9fbc1e62
n2-flottabilite-signe-001,cards/n2/05-flottabilite.yaml,"Un objet entièrement immergé est initialement immobile et libre de bouger. Son poids apparent, défini par poids réel moins poussée d’Archimède, vaut −10 N. Quelle est sa tendance initiale dans une eau au repos ?",ACCEPT,pass,pass,pass,pass,pass,Relations masse/volume/force explicites ; calculs de signes et de lest distincts. L’application au palier complète le mécanisme du bloc allégé sans changer de fait.,not-needed,9c45e604dc0f240408bc863121b6ff6dcefc52d3251363f84561eb1c5a6e1f00
n2-flottabilite-surlestage-001,cards/n2/05-flottabilite.yaml,"Pourquoi porter trop de lest peut-il augmenter l’effort et la consommation d’air, même lorsque le plongeur compense avec son gilet ?",ACCEPT,pass,pass,pass,pass,pass,Relations masse/volume/force explicites ; calculs de signes et de lest distincts. L’application au palier complète le mécanisme du bloc allégé sans changer de fait.,not-needed,37de33c2a24ca5122dd12415ee501d0f0be63c6d58b915825fa58d713a5a9331
n2-flottabilite-volume-double-001,cards/n2/05-flottabilite.yaml,"Un objet entièrement immergé conserve la même masse, mais son volume extérieur double. Dans la même eau, que devient sa poussée d’Archimède ?",ACCEPT,pass,pass,pass,pass,pass,Relations masse/volume/force explicites ; calculs de signes et de lest distincts. L’application au palier complète le mécanisme du bloc allégé sans changer de fait.,not-needed,f4243c537beba48054b42e14d830dc4be99ebe6dcd9435347c88e4151765be27
n2-flottabilite-volume-lest-001,cards/n2/05-flottabilite.yaml,"Un caisson de 1,5 kg et 3 L reçoit un lest dont le volume extérieur est de 0,1 L. Quelle masse doit avoir ce lest pour rendre l’ensemble neutre, entièrement immergé dans de l’eau à 1 kg/L ?",ACCEPT,pass,pass,pass,pass,pass,Relations masse/volume/force explicites ; calculs de signes et de lest distincts. L’application au palier complète le mécanisme du bloc allégé sans changer de fait.,not-needed,79d89e203c43d67247fd9f00212fa079168af73e48c9964464108e142fe1ddfd
n2-flottabilite-volume-neutre-001,cards/n2/05-flottabilite.yaml,Un objet rigide de masse 6 kg est entièrement immergé dans de l’eau de masse volumique 1 kg/L. Quel volume extérieur doit-il avoir pour être de flottabilité neutre ?,ACCEPT,pass,pass,pass,pass,pass,Relations masse/volume/force explicites ; calculs de signes et de lest distincts. L’application au palier complète le mécanisme du bloc allégé sans changer de fait.,not-needed,ad7a9e0268d84e32823b102b696beaa185a5b9af14fc78f7282636baffadb6f5
n2-flottabilite-volume-portance-001,cards/n2/05-flottabilite.yaml,Un objet de 8 kg et de volume extérieur 5 L est entièrement immergé en eau douce. Quel volume supplémentaire doit déplacer un flotteur fixé à l’objet pour rendre l’ensemble neutre ? Prendre 1 kg par litre d’eau ; négliger la masse du flotteur et du gaz qu’il contient.,ACCEPT,pass,pass,pass,pass,pass,Relations masse/volume/force explicites ; calculs de signes et de lest distincts. L’application au palier complète le mécanisme du bloc allégé sans changer de fait.,not-needed,1eb73787b590db83275b994c8b6e40698462d31fffe32614cfd29911518103e0
n2-froid-bilan-thermique-001,cards/n2/09-froid.yaml,Pourquoi peut-on se refroidir même en bougeant pendant une plongée ?,ACCEPT,pass,pass,pass,pass,pass,"Distinction bilan thermique, signes de gravité et prise en charge ; les choix portent sur une même situation.",not-needed,ebfba48213d664b01e936b6e6d29f0d3b1ee347e3251e0007fb690c43287e178
n2-froid-boisson-001,cards/n2/09-froid.yaml,Dans quelles conditions peut-on proposer une boisson tiède non alcoolisée à un plongeur légèrement refroidi ?,ACCEPT,pass,pass,pass,pass,pass,"Distinction bilan thermique, signes de gravité et prise en charge ; les choix portent sur une même situation.",not-needed,e0d878237d820972dc55d334d87b1c9366698712bad860e242b92a5a79de205e
n2-froid-fatigue-001,cards/n2/09-froid.yaml,Pourquoi partir fatigué ou avec des apports alimentaires insuffisants réduit-il la marge face au froid ?,ACCEPT,pass,pass,pass,pass,pass,"Distinction bilan thermique, signes de gravité et prise en charge ; les choix portent sur une même situation.",not-needed,2a822d6168d90df8627846e94ff44a770419e772dd7d8f52e303f700ea0b5839
n2-froid-fin-frissons-001,cards/n2/09-froid.yaml,Un plongeur toujours très froid devient confus et cesse de frissonner. Comment interpréter cette évolution ?,REVISE,pass,pass,pass,pass,pass,ISOLATION : supprimer la conclusion déjà imposée par le recto.,accepted-after-correction,5845d52173128b03d6ba5b06cbb43ba851269c744a9c114dee1327385e90c154
n2-froid-interactions-001,cards/n2/09-froid.yaml,Pourquoi le froid peut-il compliquer une plongée profonde au-delà du seul inconfort ?,ACCEPT,pass,pass,pass,pass,pass,"Distinction bilan thermique, signes de gravité et prise en charge ; les choix portent sur une même situation.",not-needed,2328be367e728b7ffda2020e6fed7b8f668699787726063a410cfb2a54e48087
n2-froid-protection-001,cards/n2/09-froid.yaml,"Deux combinaisons humides ont la même épaisseur nominale. Que faut-il comparer pour évaluer leur protection thermique à température, durée et profondeur identiques ?",REVISE,pass,pass,pass,pass,pass,ISOLATION : le recto écartait explicitement le leurre fondé sur l’épaisseur.,accepted-after-correction,3b82526936b1dd60d998da955e23201e79b5ad7be163908e58c89d0f28a242d2
n2-froid-rechauffement-001,cards/n2/09-froid.yaml,"Après sa sortie de l’eau, un plongeur hypothermique reste confus. Quelle prise en charge engager en attendant les secours ?",ACCEPT,pass,pass,pass,pass,pass,"Distinction bilan thermique, signes de gravité et prise en charge ; les choix portent sur une même situation.",not-needed,606beabffdfb8bb383fdcfcfe9fb79eb5d4cc860547474903c0bf3daa1706ae2
n2-froid-signes-001,cards/n2/09-froid.yaml,"En eau froide, un plongeur frissonne et n’arrive plus à manipuler ses attaches ou le dévidoir du parachute. Que doit faire la palanquée ?",ACCEPT,pass,pass,pass,pass,pass,"Distinction bilan thermique, signes de gravité et prise en charge ; les choix portent sur une même situation.",not-needed,56f74f677c49e7d397ebfb08d65d98bf88239aec41ef77a36c6aec8cbfbec608
n2-froid-sortie-001,cards/n2/09-froid.yaml,"À la sortie d’eau, quelles mesures limitent les pertes de chaleur d’un plongeur refroidi qui reste conscient ?",ACCEPT,pass,pass,pass,pass,pass,"Distinction bilan thermique, signes de gravité et prise en charge ; les choix portent sur une même situation.",not-needed,3c9b6900657022fb42abdc8df16dc8169185f77b8170a67fe4df72e8e43f65e9
n2-gaz-ballon-entre-profondeurs-001,cards/n2/06-gaz-autonomie.yaml,Un ballon contient 4 L d’air à 10 m. Quel sera son volume à 30 m ? Le ballon est souple et fermé ; la température est constante et la tension de sa paroi négligeable. Prendre 1 bar à la surface et +1 bar tous les 10 m. Assimiler l’air à un gaz parfait.,ACCEPT,pass,pass,pass,pass,pass,"Hypothèses et unités explicites ; confusions pression absolue, réserve, débits et volumes identifiables ; série de calculs conservée pour entraîner la méthode.",not-needed,fcf6e9f6f8e445da71d0561f7e8f92971f4faa89dd8ef0553a8cd43816a5e06b
n2-gaz-ballon-remontee-001,cards/n2/06-gaz-autonomie.yaml,Un ballon contient 2 L d’air à 20 m. Quel volume occuperait cet air à la surface ? Supposer une enveloppe assez extensible pour ne pas limiter l’expansion. Le ballon est souple et fermé ; la température est constante et la tension de sa paroi négligeable. Prendre 1 bar à la surface et +1 bar tous les 10 m. Assimiler l’air à un gaz parfait.,ACCEPT,pass,pass,pass,pass,pass,"Hypothèses et unités explicites ; confusions pression absolue, réserve, débits et volumes identifiables ; série de calculs conservée pour entraîner la méthode.",not-needed,af69eb7ad7a7ba56f595770c0bfac3697bb1e7dc85c28545ac04ffd711e0ebea
n2-gaz-ballon-surface-dix-001,cards/n2/06-gaz-autonomie.yaml,Un ballon contient 6 L d’air à la surface. Quel volume occupe cet air à 10 m ? Le ballon est souple et fermé ; la température est constante et la tension de sa paroi négligeable. Prendre 1 bar à la surface et +1 bar tous les 10 m. Assimiler l’air à un gaz parfait.,ACCEPT,pass,pass,pass,pass,pass,"Hypothèses et unités explicites ; confusions pression absolue, réserve, débits et volumes identifiables ; série de calculs conservée pour entraîner la méthode.",not-needed,1342925d54e5b462e1fc70fa0aa789f6aec4f7b8c91340becfa392e3741ee8a0
n2-gaz-ballon-surface-quarante-001,cards/n2/06-gaz-autonomie.yaml,Un ballon contient 10 L d’air à la surface. Quel volume occupe cet air à 40 m ? Le ballon est souple et fermé ; la température est constante et la tension de sa paroi négligeable. Prendre 1 bar à la surface et +1 bar tous les 10 m. Assimiler l’air à un gaz parfait.,ACCEPT,pass,pass,pass,pass,pass,"Hypothèses et unités explicites ; confusions pression absolue, réserve, débits et volumes identifiables ; série de calculs conservée pour entraîner la méthode.",not-needed,f372b7ad3765e83d33e63f6cc749d730c4535ab1015c50005ed1f078474da2e7
n2-gaz-ballon-surface-vingt-001,cards/n2/06-gaz-autonomie.yaml,Un ballon contient 12 L d’air à la surface. Quel volume occupe cet air à 20 m ? Le ballon est souple et fermé ; la température est constante et la tension de sa paroi négligeable. Prendre 1 bar à la surface et +1 bar tous les 10 m. Assimiler l’air à un gaz parfait.,ACCEPT,pass,pass,pass,pass,pass,"Hypothèses et unités explicites ; confusions pression absolue, réserve, débits et volumes identifiables ; série de calculs conservée pour entraîner la méthode.",not-needed,9baba5706bea947f4dc43551a0f0b31aa42b14011cf44d0bd059802026dcfa20
n2-gaz-bloc-rigide-001,cards/n2/06-gaz-autonomie.yaml,"Un bloc fermé de volume intérieur 12 L est descendu de la surface à 20 m, sans fuite et à température constante. Son volume intérieur devient-il 4 L comme celui d’un ballon souple ?",ACCEPT,pass,pass,pass,pass,pass,"Hypothèses et unités explicites ; confusions pression absolue, réserve, débits et volumes identifiables ; série de calculs conservée pour entraîner la méthode.",not-needed,645a17b28ab659cdba8daee09f7e2f075ecddbaae1fdc80d1f58503cf93da032
n2-gaz-boyle-profondeur-inverse-001,cards/n2/06-gaz-autonomie.yaml,"Un ballon souple fermé contient 3 L à 10 m, puis 2 L à une profondeur inconnue. Quelle est cette profondeur ? Gaz parfait, quantité et température constantes, paroi sans effet mécanique ; prendre 1 bar en surface et +1 bar tous les 10 m.",ACCEPT,pass,pass,pass,pass,pass,"Hypothèses et unités explicites ; confusions pression absolue, réserve, débits et volumes identifiables ; série de calculs conservée pour entraîner la méthode.",not-needed,b7fc774c59d970f784813b128bb1296435581581d32a5680b5ed4dad99913ae0
n2-gaz-chute-pression-001,cards/n2/06-gaz-autonomie.yaml,"Sur une phase de 10 min à 20 m, un bloc de 12 L passe de 180 à 130 bars. Quelle consommation de référence, ramenée à une pression ambiante de 1 bar, cela représente-t-il ? Prendre 3 bars absolus à 20 m ; gaz parfait, température constante, tout l’air perdu ayant été respiré.",ACCEPT,pass,pass,pass,pass,pass,"Hypothèses et unités explicites ; confusions pression absolue, réserve, débits et volumes identifiables ; série de calculs conservée pour entraîner la méthode.",not-needed,e289428c004a6b4ef01c818e9aba435a0c110742fc451f21931ea49f17079bad
n2-gaz-comparaison-equipiers-001,cards/n2/06-gaz-autonomie.yaml,"Pour une même phase théorique à 20 m, A a un bloc de 12 L à 150 bars et un débit de référence de 20 L/min à 1 bar ; B, un bloc de 15 L à 150 bars et un débit de 30 L/min. Chacun doit conserver 60 bars à la fin de cette phase. Qui atteint ce seuil le premier ? Gaz parfait à température constante ; prendre 3 bars absolus à 20 m.",ACCEPT,pass,pass,pass,pass,pass,"Hypothèses et unités explicites ; confusions pression absolue, réserve, débits et volumes identifiables ; série de calculs conservée pour entraîner la méthode.",not-needed,52da056249062f291ea6801d4837859be4c159e704353c0d70b7eec0750939af
n2-gaz-conditions-001,cards/n2/06-gaz-autonomie.yaml,"Pour utiliser P₁V₁ = P₂V₂ entre deux états d’un même gaz parfait, quelles grandeurs doivent rester constantes ?",ACCEPT,pass,pass,pass,pass,pass,"Hypothèses et unités explicites ; confusions pression absolue, réserve, débits et volumes identifiables ; série de calculs conservée pour entraîner la méthode.",not-needed,2507692fab07478e4dcac36310a1e96ff37282bf32d72d33b2fd1f607af0dc8f
n2-gaz-consommation-remontee-001,cards/n2/06-gaz-autonomie.yaml,"Un exercice comporte seulement une remontée régulière de 20 m à la surface en 2 min, sans arrêt. Le débit respiratoire de référence reste 20 L/min à 1 bar. Quel volume de gaz ramené à 1 bar est consommé sur ce trajet ? Gaz parfait, température constante, 1 bar en surface et +1 bar/10 m ; profondeur décroissant linéairement avec le temps.",ACCEPT,pass,pass,pass,pass,pass,"Hypothèses et unités explicites ; confusions pression absolue, réserve, débits et volumes identifiables ; série de calculs conservée pour entraîner la méthode.",not-needed,2df29d80a6bbc7d74cb0a92d780fe65b62b38221320a23ffaec3a8b53a0ebe9d
n2-gaz-debit-trente-001,cards/n2/06-gaz-autonomie.yaml,"À 30 m, un plongeur ventile 18 L/min mesurés à la pression ambiante. Quel est le débit correspondant ramené à 1 bar ? Prendre 1 bar à la surface et +1 bar tous les 10 m. Température supposée constante.",ACCEPT,pass,pass,pass,pass,pass,"Hypothèses et unités explicites ; confusions pression absolue, réserve, débits et volumes identifiables ; série de calculs conservée pour entraîner la méthode.",not-needed,0b6e7dcf3da4c7e59e3ea754df3735d8f18467dbe0e7d225a9926ff0b214d9fd
n2-gaz-debit-variable-001,cards/n2/06-gaz-autonomie.yaml,On utilise une consommation mesurée au calme pour prévoir une plongée froide avec du courant. Quelle limite de cette estimation doit-on prendre en compte ?,REVISE,pass,pass,pass,pass,pass,CREDIBILITY : retirer le changement de bloc absent du scénario.,accepted-after-correction,1c1bcbdccb80b4b41dcb3b99139dd0d2ec6e13a00f0eaa365ca217fedcac19e1
n2-gaz-debit-vingt-001,cards/n2/06-gaz-autonomie.yaml,"À 20 m, un plongeur ventile 20 L d’air par minute mesurés à la pression ambiante. À quel débit d’air ramené à 1 bar cela correspond-il ? Prendre 1 bar à la surface et +1 bar tous les 10 m. Température supposée constante.",ACCEPT,pass,pass,pass,pass,pass,"Hypothèses et unités explicites ; confusions pression absolue, réserve, débits et volumes identifiables ; série de calculs conservée pour entraîner la méthode.",not-needed,d723a82528ba98e55ebcf47468f0592e3d922467f121304d8a178d88c36f7066
n2-gaz-detendeur-pression-001,cards/n2/06-gaz-autonomie.yaml,"À 20 m, à quelle pression absolue le deuxième étage d’un détendeur délivre-t-il approximativement l’air respiré ? Prendre 1 bar à la surface et +1 bar tous les 10 m.",ACCEPT,pass,pass,pass,pass,pass,"Hypothèses et unités explicites ; confusions pression absolue, réserve, débits et volumes identifiables ; série de calculs conservée pour entraîner la méthode.",not-needed,9a6e76236b3c99eacdfa2e7cfac89fb8265761178cebcf68e7e7cc86e6b20c8e
n2-gaz-deux-equipiers-001,cards/n2/06-gaz-autonomie.yaml,"Deux équipiers respirent sur le même stock pendant une phase théorique de 3 min à 20 m. Leurs débits de référence sont 30 et 40 L/min à 1 bar. Le stock alloué est de 600 L à 1 bar. Suffit-il pour cette phase seule ? Prendre 3 bars absolus, gaz parfait et température constante.",ACCEPT,pass,pass,pass,pass,pass,"Hypothèses et unités explicites ; confusions pression absolue, réserve, débits et volumes identifiables ; série de calculs conservée pour entraîner la méthode.",not-needed,d70af316d475fe1f650493881a8dfd198d269a86eb9f53acdac02ce50f9d4209
n2-gaz-deux-phases-001,cards/n2/06-gaz-autonomie.yaml,"Un exercice comporte deux phases : 8 min à 20 m, puis 6 min à 10 m, avec un débit respiratoire de référence de 20 L/min à 1 bar. Quel volume d’air faut-il pour ces deux phases seules, hors transitions et réserve ? Prendre 1 bar à la surface et +1 bar tous les 10 m. Modèle de gaz parfait à température constante ; volumes d’air exprimés à 1 bar.",ACCEPT,pass,pass,pass,pass,pass,"Hypothèses et unités explicites ; confusions pression absolue, réserve, débits et volumes identifiables ; série de calculs conservée pour entraîner la méthode.",not-needed,e6038b1fd375459036483c683c9afec8c607c3623fc4709123070f4381ad2889
n2-gaz-duree-avec-seuil-001,cards/n2/06-gaz-autonomie.yaml,Un bloc de 12 L à 200 bars alimente une phase théorique uniquement à 20 m. Il doit rester au moins 70 bars à la fin. Le débit respiratoire de référence est 20 L/min à 1 bar. Quelle durée couvre le gaz alloué à cette phase ? Prendre 1 bar à la surface et +1 bar tous les 10 m. Modèle de gaz parfait à température constante ; volumes d’air exprimés à 1 bar.,ACCEPT,pass,pass,pass,pass,pass,"Hypothèses et unités explicites ; confusions pression absolue, réserve, débits et volumes identifiables ; série de calculs conservée pour entraîner la méthode.",not-needed,7da84b7ffce4f6fa4dfbe0690894fa436fe39fca803645537de9bd3af0e1ab69
n2-gaz-duree-fond-planification-001,cards/n2/06-gaz-autonomie.yaml,Un calcul divise tout le stock nominal du bloc par la consommation à la profondeur du fond. Pourquoi le résultat ne donne-t-il pas directement le temps disponible pour explorer ?,REVISE,pass,pass,pass,pass,pass,WHY/CREDIBILITY : les leurres répondaient par des actions à une question de cause.,accepted-after-correction,5ac0aceac424a4924af797cdb04a57d21c260c37ac3ddd15101bc2f6395fb1dd
n2-gaz-duree-stock-donne-001,cards/n2/06-gaz-autonomie.yaml,Une phase théorique se déroule uniquement à 10 m. On lui alloue 1 200 L d’air ramenés à 1 bar. Le débit respiratoire de référence est de 20 L/min à 1 bar et la ventilation reste identique à cette profondeur. Combien de minutes couvre ce stock pour cette seule phase ? Prendre 1 bar à la surface et +1 bar tous les 10 m.,ACCEPT,pass,pass,pass,pass,pass,"Hypothèses et unités explicites ; confusions pression absolue, réserve, débits et volumes identifiables ; série de calculs conservée pour entraîner la méthode.",not-needed,41edc35e18917fa5f05d1355e349b9801ec32f56a01f74fb83b110895008cf5e
n2-gaz-effort-recalcul-001,cards/n2/06-gaz-autonomie.yaml,"Une phase théorique de 10 min à 20 m était calculée avec un débit de référence de 20 L/min à 1 bar. On porte cette hypothèse à 30 L/min. Quel volume supplémentaire faut-il pour cette phase ? Prendre 3 bars absolus ; gaz parfait à température constante, volumes ramenés à 1 bar.",ACCEPT,pass,pass,pass,pass,pass,"Hypothèses et unités explicites ; confusions pression absolue, réserve, débits et volumes identifiables ; série de calculs conservée pour entraîner la méthode.",not-needed,8ba2d8c77c0890ccd7edaca9be4cc8010822bc89b2a360cceed632019d463121
n2-gaz-expansion-comparaison-001,cards/n2/06-gaz-autonomie.yaml,"Deux ballons souples fermés contiennent chacun 2 L à leur profondeur de départ. L’un remonte de 10 m à la surface ; l’autre de 20 m à 10 m. Quels volumes atteignent-ils, respectivement ? Température constante, parois sans effet mécanique et assez extensibles. Prendre 1 bar à la surface et +1 bar tous les 10 m. Assimiler l’air à un gaz parfait.",ACCEPT,pass,pass,pass,pass,pass,"Hypothèses et unités explicites ; confusions pression absolue, réserve, débits et volumes identifiables ; série de calculs conservée pour entraîner la méthode.",not-needed,0785f7cb49cea59fcba2f8ade7bce6849b2340654392a0df24b5b49373d4954f
n2-gaz-gilet-descente-001,cards/n2/06-gaz-autonomie.yaml,Un plongeur stabilisé descend de quelques mètres et devient plus négatif sans avoir modifié le gaz de son gilet. Quel ajustement du gilet permet de retrouver la stabilisation ?,REVISE,pass,pass,pass,pass,pass,ISOLATION : le recto demandait une justification absente des choix.,accepted-after-correction,bc43d115dacfeee46bd67bff08cb123aa3144a094174f16584a5e37e98c7ba10
n2-gaz-gilet-remontee-001,cards/n2/06-gaz-autonomie.yaml,Un plongeur commence une remontée avec du gaz dans son gilet. Pourquoi peut-il devoir purger plusieurs fois pendant cette remontée ?,ACCEPT,pass,pass,pass,pass,pass,"Hypothèses et unités explicites ; confusions pression absolue, réserve, débits et volumes identifiables ; série de calculs conservée pour entraîner la méthode.",not-needed,62fd8023987a2999bad26476467e4440746b840a3f594db5477384793bc8fa57
n2-gaz-loi-boyle-001,cards/n2/06-gaz-autonomie.yaml,"Une quantité fixe de gaz parfait reste à température constante. Si sa pression absolue est multipliée par 3, que devient son volume ?",ACCEPT,pass,pass,pass,pass,pass,"Hypothèses et unités explicites ; confusions pression absolue, réserve, débits et volumes identifiables ; série de calculs conservée pour entraîner la méthode.",not-needed,281bf4e4061962850a7e7e3c8c0d9294675b8cd1eeba6c6ec102dac09f7466f8
n2-gaz-masque-descente-001,cards/n2/06-gaz-autonomie.yaml,"À la descente, comment remettre l’intérieur du masque à la pression ambiante pour éviter son placage sur le visage ?",ACCEPT,pass,pass,pass,pass,pass,"Hypothèses et unités explicites ; confusions pression absolue, réserve, débits et volumes identifiables ; série de calculs conservée pour entraîner la méthode.",not-needed,069a778577dd060a3d2242f794d3c66a143373e87d45905aaf3fa21c7afb3a85
n2-gaz-oreille-descente-001,cards/n2/06-gaz-autonomie.yaml,Pourquoi faut-il équilibrer les oreilles régulièrement et sans forcer pendant la descente ?,ACCEPT,pass,pass,pass,pass,pass,"Hypothèses et unités explicites ; confusions pression absolue, réserve, débits et volumes identifiables ; série de calculs conservée pour entraîner la méthode.",not-needed,c83da4d4eca23573bdb0f277c905600b93aa13e109465bed97544bdd743c2fc1
n2-gaz-pression-initiale-001,cards/n2/06-gaz-autonomie.yaml,Une phase théorique de 15 min à 20 m doit se terminer avec au moins 60 bars dans un bloc de 12 L. Le débit respiratoire de référence vaut 20 L/min à 1 bar. Quelle pression manométrique initiale minimale faut-il pour cette seule phase ? Prendre 1 bar à la surface et +1 bar tous les 10 m. Modèle de gaz parfait à température constante ; volumes d’air exprimés à 1 bar.,ACCEPT,pass,pass,pass,pass,pass,"Hypothèses et unités explicites ; confusions pression absolue, réserve, débits et volumes identifiables ; série de calculs conservée pour entraîner la méthode.",not-needed,b622dfcdbc0acacbc91970cbe962bcd6e66d0662722af5f7916d62addf8bca2b
n2-gaz-rapport-autonomie-001,cards/n2/06-gaz-autonomie.yaml,"Un même stock d’air alimente un plongeur dont le volume ventilé par minute reste identique. Dans un modèle à profondeur constante, quelle fraction de la durée obtenue à la surface obtient-on à 40 m ? Prendre 1 bar à la surface et +1 bar tous les 10 m. Gaz parfait et température constante.",ACCEPT,pass,pass,pass,pass,pass,"Hypothèses et unités explicites ; confusions pression absolue, réserve, débits et volumes identifiables ; série de calculs conservée pour entraîner la méthode.",not-needed,10c9d661cbfc128454119aa16521f9d03e4ad6e144a8edf61e6dd0d3f5187b9e
n2-gaz-reserve-volumes-001,cards/n2/06-gaz-autonomie.yaml,Une baisse de pression de 50 bars dans un bloc de 12 L fournit-elle le même volume d’air qu’une baisse de 50 bars dans un bloc de 15 L ? Calculer les deux volumes. Modèle de gaz parfait à température constante ; volumes d’air exprimés à 1 bar.,ACCEPT,pass,pass,pass,pass,pass,"Hypothèses et unités explicites ; confusions pression absolue, réserve, débits et volumes identifiables ; série de calculs conservée pour entraîner la méthode.",not-needed,54892c5a652cde40b77a52b8a591cb203c1f53484f5c1f5736efd9332651c9c9
n2-gaz-stock-nominal-001,cards/n2/06-gaz-autonomie.yaml,Un bloc de volume intérieur 12 L affiche 200 bars au manomètre. Quel stock nominal d’air ramené à 1 bar obtient-on avec l’approximation de cours volume intérieur × pression manométrique ?,ACCEPT,pass,pass,pass,pass,pass,"Hypothèses et unités explicites ; confusions pression absolue, réserve, débits et volumes identifiables ; série de calculs conservée pour entraîner la méthode.",not-needed,c733bdee09046e1c28ea8f9b50eaea42866c53d77968f0fb5aea8182bf879b8a
n2-gaz-stock-quinze-001,cards/n2/06-gaz-autonomie.yaml,Un bloc de volume intérieur 15 L affiche 180 bars au manomètre. Quel stock nominal ramené à 1 bar donne l’approximation de cours volume intérieur × pression manométrique ?,ACCEPT,pass,pass,pass,pass,pass,"Hypothèses et unités explicites ; confusions pression absolue, réserve, débits et volumes identifiables ; série de calculs conservée pour entraîner la méthode.",not-needed,4e45a29ad1b5108a22382a801fced6006623d5f932c5ab481305b060ef1c0d3e
n2-gaz-stock-utilisable-001,cards/n2/06-gaz-autonomie.yaml,Un bloc de 12 L affiche 200 bars. Un exercice impose de conserver 70 bars. Quel volume d’air peut-on prélever avant d’atteindre ce seuil ? Modèle de gaz parfait à température constante ; volumes d’air exprimés à 1 bar.,ACCEPT,pass,pass,pass,pass,pass,"Hypothèses et unités explicites ; confusions pression absolue, réserve, débits et volumes identifiables ; série de calculs conservée pour entraîner la méthode.",not-needed,e680a6dc4029495b43a829cd94b1f47af9c5ed7ce9b19609c4c9cf83f835731a
n2-gonflage-blocs-bi-001,cards/n2/15-gonflage-blocs.yaml,Deux bouteilles réunies en bi-bloc garantissent-elles automatiquement deux réserves indépendantes ?,ACCEPT,pass,pass,pass,pass,pass,"Pressions de service et d’épreuve, inspection et habilitation distinguées ; vocabulaire matériel et conditions du régime français conservés.",not-needed,400fe4526a683c746583b8e73ca0b5fe4c240ac122e8513d5c8e63e8d498ce19
n2-gonflage-blocs-chaleur-chocs-001,cards/n2/15-gonflage-blocs.yaml,Pourquoi éviter de laisser un bloc gonflé dans un véhicule surchauffé et de le faire tomber ?,ACCEPT,pass,pass,pass,pass,pass,"Pressions de service et d’épreuve, inspection et habilitation distinguées ; vocabulaire matériel et conditions du régime français conservés.",not-needed,9579d0cf0a85a777a245f1d2234535a3f839f16d6c0d08ecbeb0d5177bf49a6c
n2-gonflage-blocs-compresseur-001,cards/n2/15-gonflage-blocs.yaml,Pourquoi une station de gonflage aspire-t-elle l’air loin de sources de fumées ou d’échappement ?,ACCEPT,pass,pass,pass,pass,pass,"Pressions de service et d’épreuve, inspection et habilitation distinguées ; vocabulaire matériel et conditions du régime français conservés.",not-needed,ea70c7d0866b4334d1bf3ec4fb68dfbe418fd6df37d89dbf2796cb403b7b2249
n2-gonflage-blocs-corrosion-001,cards/n2/15-gonflage-blocs.yaml,Des éclats de peinture et de la rouille apparaissent sous le culot d’un bloc. Quelle conduite adopter avant sa remise en état ?,REVISE,pass,pass,pass,pass,pass,SENSE : question de cause avec réponses de conduite ; demander directement la conduite.,accepted-after-correction,ad107317dbd7e2bb34a8f65079a7b50ef1ce895118920d96aca3bf606f1b0381
n2-gonflage-blocs-date-depassee-001,cards/n2/15-gonflage-blocs.yaml,"La date de requalification d’un bloc a dépassé l’échéance de son régime de suivi, mais il garde sa pression sans fuite. Peut-on le faire gonfler pour une dernière plongée ?",ACCEPT,pass,pass,pass,pass,pass,"Pressions de service et d’épreuve, inspection et habilitation distinguées ; vocabulaire matériel et conditions du régime français conservés.",not-needed,6827713ccf1858c6f26796a79c13d23b3c75817ef1f374994dfb49cd40239c0f
n2-gonflage-blocs-eau-001,cards/n2/15-gonflage-blocs.yaml,Pourquoi un bloc vide ne doit-il pas rester robinet ouvert dans l’eau ou au fond d’un bateau mouillé ?,ACCEPT,pass,pass,pass,pass,pass,"Pressions de service et d’épreuve, inspection et habilitation distinguées ; vocabulaire matériel et conditions du régime français conservés.",not-needed,ae711d6bef8fa043022af527c7e116b5a3a972746301f666090bb51799180053
n2-gonflage-blocs-habilitation-001,cards/n2/15-gonflage-blocs.yaml,Le brevet N2 suffit-il à autoriser l’utilisation autonome d’une station de gonflage du club ?,ACCEPT,pass,pass,pass,pass,pass,"Pressions de service et d’épreuve, inspection et habilitation distinguées ; vocabulaire matériel et conditions du régime français conservés.",not-needed,920cb9b10c40ecbc5ced63e9c928d16d89740b57d5f96dc9f80365ddd7595158
n2-gonflage-blocs-materiau-001,cards/n2/15-gonflage-blocs.yaml,Le seul mot « aluminium » suffit-il à conclure qu’un bloc sera plus léger et moins négatif qu’un bloc acier ?,ACCEPT,pass,pass,pass,pass,pass,"Pressions de service et d’épreuve, inspection et habilitation distinguées ; vocabulaire matériel et conditions du régime français conservés.",not-needed,727ea911b8b3346049156bef9b9a864fe4a7475bbc7ebcbf4276d4f3c302feb3
n2-gonflage-blocs-periodicites-001,cards/n2/15-gonflage-blocs.yaml,"En France, pour un bloc métallique de plongée suivi selon le cahier des charges donnant droit au régime de six ans, quelles échéances distinguer de la requalification ordinaire ?",ACCEPT,pass,pass,pass,pass,pass,"Pressions de service et d’épreuve, inspection et habilitation distinguées ; vocabulaire matériel et conditions du régime français conservés.",not-needed,9fb69b57eabb37331898b48f99d91b655ed43b29ee6a3c386a676d3bacde22cf
n2-gonflage-blocs-pression-001,cards/n2/15-gonflage-blocs.yaml,Un bloc porte PS 230 bar et PT 345 bar. Quelle proposition interprète correctement sa limite admissible de gonflage ?,ACCEPT,pass,pass,pass,pass,pass,"Pressions de service et d’épreuve, inspection et habilitation distinguées ; vocabulaire matériel et conditions du régime français conservés.",not-needed,0ec6bd8fa194156d5281e954ca8f4990142eb57fa4b8bed32708c1065a1490ba
n2-gonflage-blocs-tampons-001,cards/n2/15-gonflage-blocs.yaml,Quelle différence entre gonfler directement avec un compresseur et utiliser une batterie de bouteilles tampons ?,ACCEPT,pass,pass,pass,pass,pass,"Pressions de service et d’épreuve, inspection et habilitation distinguées ; vocabulaire matériel et conditions du régime français conservés.",not-needed,a5ca331ca12f48e1ad14e6c6b97541e23b031a1afe87fe0646bf83e4b89e9022
n2-gonflage-blocs-transport-001,cards/n2/15-gonflage-blocs.yaml,"Pour transporter personnellement un bloc d’air gonflé en voiture, quelle précaution matérielle est essentielle ?",ACCEPT,pass,pass,pass,pass,pass,"Pressions de service et d’épreuve, inspection et habilitation distinguées ; vocabulaire matériel et conditions du régime français conservés.",not-needed,3fcc9a8722a58b4db985abb8fb3a9c0855cc691804ce600aef63ac4a597ecef9
n2-gonflage-blocs-vidange-001,cards/n2/15-gonflage-blocs.yaml,Pourquoi ne faut-il pas vider brutalement un bloc en ouvrant grand son robinet à l’air libre ?,ACCEPT,pass,pass,pass,pass,pass,"Pressions de service et d’épreuve, inspection et habilitation distinguées ; vocabulaire matériel et conditions du régime français conservés.",not-needed,42ea83001e9aeddc1cce9ada9d7cf2b159c2f8030d2cf2ce055dd92542879c86
n2-lecture-pannes-chambre-humide-001,cards/n2/18-lecture-pannes.yaml,"Dans un modèle de premier étage à piston dont la chambre humide est ouverte à l’eau, des bulles d’air sortent durablement par ses orifices. Que suggère ce passage de gaz ?",ACCEPT,pass,pass,pass,pass,pass,"Diagnostic non surinterprété ; défaut d’étanchéité, chambre humide et tenue mécanique distingués.",not-needed,fa9fae2483f0e3590758fad90890eb42e869e2ecd9db50a217ac8bc39015e331
n2-lecture-pannes-eau-bouche-001,cards/n2/18-lecture-pannes.yaml,De l’eau entre dans la bouche à l’inspiration sur un second étage. Quelle interprétation est justifiée avant contrôle du matériel ?,ACCEPT,pass,pass,pass,pass,pass,"Diagnostic non surinterprété ; défaut d’étanchéité, chambre humide et tenue mécanique distingués.",not-needed,8915782d4e0869e35d0167dd57b1e79d9c7cb7b54504fd1efd7e9a5f1adade5d
n2-lecture-pannes-flexible-001,cards/n2/18-lecture-pannes.yaml,Un flexible présente une fissure ou un renflement visible. Pourquoi ne faut-il pas l’utiliser jusqu’à l’apparition d’une fuite importante ?,ACCEPT,pass,pass,pass,pass,pass,"Diagnostic non surinterprété ; défaut d’étanchéité, chambre humide et tenue mécanique distingués.",not-needed,a63a86d4e7c04c488717fc3d03036d59a577f70f7c7b03151fcedd30cc335524
n2-narcose-air-001,cards/n2/10-narcose.yaml,"Quelle composition de l’air sec, arrondie au pour cent le plus proche pour chaque composant, est correcte ?",REVISE,pass,pass,pass,pass,pass,SENSE/WHY : le corrigé répondait à une ancienne question sur un arrondi. Seconde critique : Écarter l’acceptation de 80/20 comme approximation grossière.,accepted-after-correction,6ea2701521c0b8f3f24cec133d3f16caf380f0771116aab15c1eebad8c20f7b4
n2-narcose-apres-sortie-001,cards/n2/10-narcose.yaml,Pourquoi une confusion ou une faiblesse persistante après la sortie de l’eau ne doit-elle pas être simplement attribuée à une narcose vécue au fond ?,ACCEPT,pass,pass,pass,pass,pass,"Calculs de Dalton, mécanisme, variabilité et gestion distingués ; chiffres et compositions explicites, absence de seuil personnel garanti.",not-needed,c4ddffdf7dbb2b35c5c7f38e51f11122c708243217d9c4e0224fbbde8b255d93
n2-narcose-azote-quarante-001,cards/n2/10-narcose.yaml,"Dans le modèle d’air à 80 % d’azote, quelle est la pression partielle d’azote à 40 m ? Prendre 1 bar à la surface et +1 bar par 10 m.",ACCEPT,pass,pass,pass,pass,pass,"Calculs de Dalton, mécanisme, variabilité et gestion distingués ; chiffres et compositions explicites, absence de seuil personnel garanti.",not-needed,73b73456c9fc4c9ddf3c540f7766f9eaa7c3220a3ebde5e5e74a801a0479c7b1
n2-narcose-capacites-001,cards/n2/10-narcose.yaml,Pourquoi une euphorie inhabituelle en profondeur peut-elle être aussi inquiétante qu’une angoisse ?,ACCEPT,pass,pass,pass,pass,pass,"Calculs de Dalton, mécanisme, variabilité et gestion distingués ; chiffres et compositions explicites, absence de seuil personnel garanti.",not-needed,3e67363f6700cb9172618d1828928e0e41cc22fc6bb2e1a098810a061b44db0f
n2-narcose-conditions-001,cards/n2/10-narcose.yaml,"Pourquoi fatigue, anxiété et manque de pratique récente doivent-ils inciter à choisir une plongée moins exigeante ?",ACCEPT,pass,pass,pass,pass,pass,"Calculs de Dalton, mécanisme, variabilité et gestion distingués ; chiffres et compositions explicites, absence de seuil personnel garanti.",not-needed,3c9bc1bf5a99107797fa4074ca287ff57b9ba77ea7acde5cd0353548cbb6e9c2
n2-narcose-dalton-001,cards/n2/10-narcose.yaml,"Dans un mélange gazeux idéal, comment calcule-t-on la pression partielle d’un gaz ?",ACCEPT,pass,pass,pass,pass,pass,"Calculs de Dalton, mécanisme, variabilité et gestion distingués ; chiffres et compositions explicites, absence de seuil personnel garanti.",not-needed,da76787d7e62361be6fbd9189c5798ce7d780a8d2388a4a61221feed0a4db522
n2-narcose-effets-001,cards/n2/10-narcose.yaml,Pourquoi la narcose à l’air s’accentue-t-elle généralement avec la profondeur ?,ACCEPT,pass,pass,pass,pass,pass,"Calculs de Dalton, mécanisme, variabilité et gestion distingués ; chiffres et compositions explicites, absence de seuil personnel garanti.",not-needed,328fc231063ee3af589a390f4ba7926a3b2d736cbe9b9f388779aaaf0bdb95be
n2-narcose-equipier-001,cards/n2/10-narcose.yaml,"En profondeur, un équipier répond lentement aux signes et répète une manipulation inutile. Quelle conduite adopter face à cette altération inhabituelle ?",ACCEPT,pass,pass,pass,pass,pass,"Calculs de Dalton, mécanisme, variabilité et gestion distingués ; chiffres et compositions explicites, absence de seuil personnel garanti.",not-needed,152448771033241e1d625642c1d47b77988dd82d59393336a3725f6aa0e668e3
n2-narcose-fraction-pression-001,cards/n2/10-narcose.yaml,"À composition d’air inchangée, pourquoi la pression partielle d’azote augmente-t-elle à la descente ?",ACCEPT,pass,pass,pass,pass,pass,"Calculs de Dalton, mécanisme, variabilité et gestion distingués ; chiffres et compositions explicites, absence de seuil personnel garanti.",not-needed,8edaea95be2f67969d74858033f6c0b45a380afc1d5b422a7dd5e49fb6a51b83
n2-narcose-medicaments-001,cards/n2/10-narcose.yaml,Un plongeur prend un médicament provoquant somnolence ou ralentissement. Quelle démarche permet d’évaluer sa compatibilité avec une plongée profonde ?,ACCEPT,pass,pass,pass,pass,pass,"Calculs de Dalton, mécanisme, variabilité et gestion distingués ; chiffres et compositions explicites, absence de seuil personnel garanti.",not-needed,a5dc53f624c43831576b8d6e9a1aaa26ab1ed06dfe0932704d711c4d0e6e9524
n2-narcose-oxygene-trente-001,cards/n2/10-narcose.yaml,"Dans le modèle d’air à 20 % d’oxygène, quelle est la pression partielle d’O₂ à 30 m ? Prendre 1 bar à la surface et +1 bar par 10 m.",ACCEPT,pass,pass,pass,pass,pass,"Calculs de Dalton, mécanisme, variabilité et gestion distingués ; chiffres et compositions explicites, absence de seuil personnel garanti.",not-needed,dc75fe06c61c240b940454de31c4c7685c9d41d1648786808e018f40b9af099d
n2-narcose-partielle-vingt-001,cards/n2/10-narcose.yaml,Un mélange idéal contient 21 % d’oxygène. Quelle est sa pression partielle d’oxygène à une pression totale de 3 bars absolus ?,ACCEPT,pass,pass,pass,pass,pass,"Calculs de Dalton, mécanisme, variabilité et gestion distingués ; chiffres et compositions explicites, absence de seuil personnel garanti.",not-needed,a4797baa52f44858c1485e6c623b9d49005e82fd51dd2602f83a45c3655ee389
n2-narcose-reaction-001,cards/n2/10-narcose.yaml,"Lorsqu’une narcose est suspectée en immersion, quel changement de profondeur aide généralement à réduire ses effets ?",ACCEPT,pass,pass,pass,pass,pass,"Calculs de Dalton, mécanisme, variabilité et gestion distingués ; chiffres et compositions explicites, absence de seuil personnel garanti.",not-needed,070d7e65457703f71589f9abdd19577ddd7288ca21c207400816b0dd8ffdb3a2
n2-narcose-variabilite-001,cards/n2/10-narcose.yaml,Un plongeur n’a jamais ressenti de narcose à 30 m. Peut-il considérer cette profondeur comme un seuil garanti sans effet pour ses prochaines plongées ?,ACCEPT,pass,pass,pass,pass,pass,"Calculs de Dalton, mécanisme, variabilité et gestion distingués ; chiffres et compositions explicites, absence de seuil personnel garanti.",not-needed,6f26d6cf13d7a85f0830a86521cafc4c0643f63873673dbf90cdeb053cd3708a
n2-ordinateurs-affichages-001,cards/n2/13-ordinateurs.yaml,Un ordinateur affiche « DIVE TIME 24 min » et « NDL 6 min ». Que représentent ces deux valeurs à la profondeur actuelle ?,REVISE,pass,pass,pass,pass,pass,ISOLATION : les intitulés français du recto donnaient les deux définitions.,accepted-after-correction,d0fa1a19e8e977937e6e01fa11743d967d44f1d2eb3e4eb1402cdb8c8c615824
n2-ordinateurs-alarme-vitesse-001,cards/n2/13-ordinateurs.yaml,"Sur un Suunto Zoop Novo, une alarme sonore s’accompagne du message SLOW. Que signale-t-elle et quelle action attend-elle ?",ACCEPT,pass,pass,pass,pass,pass,"Contexte fabricant préservé ; affichages, réglages, plafonds et gaz distingués ; pas de moyenne entre les obligations des équipiers.",not-needed,d5ea9355260b578feddddff0ed782a6229e6ba1c099bd383061a8f6783a2c880
n2-ordinateurs-collectif-001,cards/n2/13-ordinateurs.yaml,"Votre ordinateur n’indique plus de palier obligatoire, mais celui de votre équipier en impose encore un. Comment organiser la fin de plongée, avec du gaz suffisant ?",ACCEPT,pass,pass,pass,pass,pass,"Contexte fabricant préservé ; affichages, réglages, plafonds et gaz distingués ; pas de moyenne entre les obligations des équipiers.",not-needed,951e7a84289105baaab74234f276801096806928d9bb1963e7f6b9bf7cf0640e
n2-ordinateurs-controle-001,cards/n2/13-ordinateurs.yaml,"Avant immersion, quel ensemble de contrôles couvre le fonctionnement et les paramètres utilisés par l’ordinateur pour la plongée prévue ?",ACCEPT,pass,pass,pass,pass,pass,"Contexte fabricant préservé ; affichages, réglages, plafonds et gaz distingués ; pas de moyenne entre les obligations des équipiers.",not-needed,60c919d8d5fc374121d3ed0a46bc05a0231ff48249ec7fed9af058f574163e1c
n2-ordinateurs-differences-001,cards/n2/13-ordinateurs.yaml,Deux plongeurs restent côte à côte pendant une plongée mais leurs ordinateurs annoncent des paliers différents. Quelles différences peuvent l’expliquer ?,ACCEPT,pass,pass,pass,pass,pass,"Contexte fabricant préservé ; affichages, réglages, plafonds et gaz distingués ; pas de moyenne entre les obligations des équipiers.",not-needed,bdbc45b77fe22af1ac20579322d82b6fb875622603c48fce17c2c8f7af9b86b7
n2-ordinateurs-dtr-augmente-001,cards/n2/13-ordinateurs.yaml,"Pendant l’exploration, la durée totale de remontée affichée augmente. Quelle conséquence pour la décision de rester au fond ?",ACCEPT,pass,pass,pass,pass,pass,"Contexte fabricant préservé ; affichages, réglages, plafonds et gaz distingués ; pas de moyenne entre les obligations des équipiers.",not-needed,85853513c082f79a7ea7626be51caf1b9c0f54d2e5b8eade8a62bc4ca63218e1
n2-ordinateurs-gaz-001,cards/n2/13-ordinateurs.yaml,"Pourquoi vérifier le gaz sélectionné sur l’ordinateur avant de plonger, même si la profondeur affichée paraît correcte ?",ACCEPT,pass,pass,pass,pass,pass,"Contexte fabricant préservé ; affichages, réglages, plafonds et gaz distingués ; pas de moyenne entre les obligations des équipiers.",not-needed,3f4d9bfc681b8cb3cf88f7c916c9bed0e539c836880f22ed65fc0ce403a74ee6
n2-ordinateurs-gf-air-ffessm-001,cards/n2/13-ordinateurs.yaml,"Pour une planification N2 ou N3 FFESSM à l’air avec un ordinateur réglable par gradient factors, quelle relation et quelle plage de valeurs sont indiquées pour GF bas et GF haut ?",ACCEPT,pass,pass,pass,pass,pass,"Contexte fabricant préservé ; affichages, réglages, plafonds et gaz distingués ; pas de moyenne entre les obligations des équipiers.",not-needed,ad50c61e61dd92814af9729b29ab0cce50021acbb14ed40acf08ffdc0fa1e4af
n2-ordinateurs-gf-principe-001,cards/n2/13-ordinateurs.yaml,"Dans un modèle Bühlmann à gradient factors, que représente le pourcentage d’un GF par rapport à la pression ambiante et à la limite du modèle ?",ACCEPT,pass,pass,pass,pass,pass,"Contexte fabricant préservé ; affichages, réglages, plafonds et gaz distingués ; pas de moyenne entre les obligations des équipiers.",not-needed,549014fe004118b1e46f2e219d0656b1a7e99d742f2773e0544f2831fbeb8b90
n2-ordinateurs-historique-001,cards/n2/13-ordinateurs.yaml,"Entre deux plongées rapprochées, pourquoi remplacer son ordinateur par celui d’un équipier peut-il fausser la décompression affichée ?",ACCEPT,pass,pass,pass,pass,pass,"Contexte fabricant préservé ; affichages, réglages, plafonds et gaz distingués ; pas de moyenne entre les obligations des équipiers.",not-needed,a34bf29bf93de934f0e6ebc6285221d43b3f14b5e9c1a9ee1b6cc39e0b8d0672
n2-ordinateurs-lisibilite-001,cards/n2/13-ordinateurs.yaml,"Pour choisir un ordinateur, quel essai évalue le mieux la lisibilité de ses informations pendant la plongée ?",REVISE,pass,pass,pass,pass,pass,CREDIBILITY : remplacer les leurres artificiellement limités par uniquement.,accepted-after-correction,f28d6a1643cae81e1f0169ed1f1d82a3efb1fa46e79a450640dbd2292e578b34
n2-ordinateurs-manuel-001,cards/n2/13-ordinateurs.yaml,Vous empruntez pour la première fois un modèle d’ordinateur différent. Quelles informations de son manuel devez-vous maîtriser pour gérer la remontée ?,ACCEPT,pass,pass,pass,pass,pass,"Contexte fabricant préservé ; affichages, réglages, plafonds et gaz distingués ; pas de moyenne entre les obligations des équipiers.",not-needed,20e3495a1f622e4de605a53ad6c3c2115700fe94b02d31c277a2d8a0697e9fae
n2-ordinateurs-modes-001,cards/n2/13-ordinateurs.yaml,Vous voulez utiliser plus tard un mélange contenant plus de 21 % d’oxygène avec calcul de décompression. Quelle fonction de l’ordinateur faut-il vérifier ?,ACCEPT,pass,pass,pass,pass,pass,"Contexte fabricant préservé ; affichages, réglages, plafonds et gaz distingués ; pas de moyenne entre les obligations des équipiers.",not-needed,2b2e2b730e562c30b8851d75cf144d593530f842c8ddcd012323b19879070f29
n2-ordinateurs-ndl-air-001,cards/n2/13-ordinateurs.yaml,"Un ordinateur annonce 12 min sans palier, mais la réserve de gaz convenue sera atteinte dans 4 min à la consommation actuelle. Quelle contrainte commande la décision de fin d’exploration ?",ACCEPT,pass,pass,pass,pass,pass,"Contexte fabricant préservé ; affichages, réglages, plafonds et gaz distingués ; pas de moyenne entre les obligations des équipiers.",not-needed,36736befb2b06e96f764b858c6d64de28dcb34a65810a7f9dd2aaa47ba7965bd
n2-ordinateurs-plafond-lecture-001,cards/n2/13-ordinateurs.yaml,"Pendant une décompression, un Suunto Zoop Novo affiche CEILING 6 m. Le plongeur est à 7 m. Rejoindre 5 m respecterait-il ce plafond ?",REVISE,pass,pass,pass,pass,pass,CREDIBILITY : le leurre durée contredisait l’unité m déjà affichée.,accepted-after-correction,97319ea522edd9ebce102f7a0ca8e40760d784c80536a74ec78a0446f5290b02
n2-ordinateurs-plafonds-differents-001,cards/n2/13-ordinateurs.yaml,"Deux équipiers utilisent des ordinateurs avec un plafond de décompression à ne pas franchir. A indique 6 m, B indique 3 m. Ils sont ensemble à 7 m, avec du gaz suffisant. Peuvent-ils rejoindre ensemble 3 m à cet instant ?",REVISE,pass,pass,pass,pass,pass,"SENSE : le leurre répondait oui à 3 m tout en proposant 4,5 m.",accepted-after-correction,6746d218441fd7f7f492d9f32e519260408ccf862441714a5c64153e3b315df8
n2-ordinateurs-profil-001,cards/n2/13-ordinateurs.yaml,Pourquoi un ordinateur peut-il donner une décompression différente d’une table pour une plongée qui remonte progressivement le long d’un tombant ?,ACCEPT,pass,pass,pass,pass,pass,"Contexte fabricant préservé ; affichages, réglages, plafonds et gaz distingués ; pas de moyenne entre les obligations des équipiers.",not-needed,be3cb77913540abfc9205fef4426868f4c811a878d051a71fb9a922fec6e2a05
n2-ordinateurs-salinite-001,cards/n2/13-ordinateurs.yaml,"Sur un appareil offrant un réglage de salinité, à quoi sert ce réglage dans l’affichage de profondeur ?",ACCEPT,pass,pass,pass,pass,pass,"Contexte fabricant préservé ; affichages, réglages, plafonds et gaz distingués ; pas de moyenne entre les obligations des équipiers.",not-needed,867561b8c4d6e532212ee6335eac22c035143e6090cd96c422e94c6fb654976e
n2-ordinateurs-sonde-001,cards/n2/13-ordinateurs.yaml,Quelle donnée mesurée doit recevoir un ordinateur pour suivre directement le gaz restant dans le bloc ?,REVISE,pass,pass,pass,pass,pass,ISOLATION : la mesure manquante était déjà nommée dans la question. Seconde critique : Adapter le corrigé au recto réécrit.,accepted-after-correction,0e769b0a1d8b2df6414a5dfb74bc0d4d0736f90ae6f7f400fd755aeb45f940d4
n2-ordinateurs-verrouillage-001,cards/n2/13-ordinateurs.yaml,Un Suunto Zoop Novo reste plus de 3 min au-dessus de son plafond de décompression et affiche ER. Quelle information de décompression devient indisponible et pour quelle durée annoncée par le manuel ?,ACCEPT,pass,pass,pass,pass,pass,"Contexte fabricant préservé ; affichages, réglages, plafonds et gaz distingués ; pas de moyenne entre les obligations des équipiers.",not-needed,0fd28c3eed965bd5f01c8693f7a1ebfeb14f8940265cf48170a3bec2b0a1d3cc
n2-organisation-autonomie-collective-001,cards/n2/02-organisation.yaml,"Dans une palanquée autonome, quelle responsabilité collective s’ajoute à la maîtrise de sa propre plongée ?",ACCEPT,pass,pass,pass,pass,pass,"Obligations individuelles/collectives et minima définis ; configurations voisines et responsabilités distinctes, sans confusion entre recommandé et exigé.",not-needed,4a1d9810f4819395f3aa15c48bd6f68a07a16037405f65b3d6f7cbd7c90f767e
n2-organisation-bloc-secours-001,cards/n2/02-organisation.yaml,"Pour une plongée organisée à l’air en France, quelle configuration répond à l’exigence de bouteille de secours disponible sur le site ?",ACCEPT,pass,pass,pass,pass,pass,"Obligations individuelles/collectives et minima définis ; configurations voisines et responsabilités distinctes, sans confusion entre recommandé et exigé.",not-needed,ca71dd11b1bc414c0abc98204569ab61b4b98d76931bf744ed0bdc1c9fd42dda
n2-organisation-dp-parametres-001,cards/n2/02-organisation.yaml,"Pour une plongée avec DP organisée en France par un établissement, quelle fonction est chargée de fixer les paramètres prévus, notamment la profondeur et la durée ?",REVISE,pass,pass,pass,pass,pass,LENGTH : supprimer les réserves explicatives sur tous les faux rôles.,accepted-after-correction,58637f3ce172fded46ee68bcf7a60fef070a5b0faab7afd7a1a85338cca7d04e
n2-organisation-dp-secours-001,cards/n2/02-organisation.yaml,"Dans une plongée avec DP organisée en France par un établissement, quelle fonction porte la responsabilité technique de l’organisation de la sécurité et du déclenchement des secours ?",REVISE,pass,pass,pass,pass,pass,"LENGTH : comparer directement quatre fonctions, sans faux choix surqualifiés.",accepted-after-correction,9c97b9155673e0278e733cd47faae893189869098142b36d08d44fda3a447bc9
n2-organisation-eau-couverture-001,cards/n2/02-organisation.yaml,"Pour une plongée organisée en France par un établissement, quelle combinaison d’eau et de protection thermique doit être disponible avec le matériel de secours ?",ACCEPT,pass,pass,pass,pass,pass,"Obligations individuelles/collectives et minima définis ; configurations voisines et responsabilités distinctes, sans confusion entre recommandé et exigé.",not-needed,52b02561785cbb6e5999840ca98809cde6abfc2f0172e0f6a15c503e7c67e9e2
n2-organisation-encadrant-detendeurs-001,cards/n2/02-organisation.yaml,"En milieu naturel en France, quelle est la configuration respiratoire minimale exigée pour la personne qui encadre la palanquée ?",ACCEPT,pass,pass,pass,pass,pass,"Obligations individuelles/collectives et minima définis ; configurations voisines et responsabilités distinctes, sans confusion entre recommandé et exigé.",not-needed,8632d7f6989d07a3df33f980fafc53e2dba9f2317b02f2aa8c47122505754179
n2-organisation-fiche-evacuation-001,cards/n2/02-organisation.yaml,"Pour une plongée en établissement en France, quand faut-il disposer d’un modèle de fiche d’évacuation ?",REVISE,pass,pass,pass,pass,pass,CREDIBILITY : retirer le plan de secours déjà exclu par le recto. Seconde critique : Tester la disponibilité réglementaire et non reconnaître le nom du document.,accepted-after-correction,460ba0801f5521e98bed2b7d1f77054c8c83138a10ce563bcb349d565b9d2d16
n2-organisation-fiche-securite-001,cards/n2/02-organisation.yaml,"Pour une sortie en établissement avec DP, ou une sortie N3 sans DP préparée dans le cadre FFESSM, quels paramètres inscrit-on sur la fiche de sécurité, en plus des noms, aptitudes et rôles ?",ACCEPT,pass,pass,pass,pass,pass,"Obligations individuelles/collectives et minima définis ; configurations voisines et responsabilités distinctes, sans confusion entre recommandé et exigé.",not-needed,d922111b55582266a01aa6bca18f93d24207a9985767008bea695a06f8b46f55
n2-organisation-gaz-equipier-001,cards/n2/02-organisation.yaml,"En milieu naturel en France, quelle est l’exigence minimale de fourniture de gaz à un équipier pour chaque plongeur autonome, et pour chaque plongeur encadré à plus de 20 m ?",ACCEPT,pass,pass,pass,pass,pass,"Obligations individuelles/collectives et minima définis ; configurations voisines et responsabilités distinctes, sans confusion entre recommandé et exigé.",not-needed,1b75789c2169a44d13b20bc408c82e2e86ec37697b18162072fe2472d2f0d9db
n2-organisation-gilet-surface-001,cards/n2/02-organisation.yaml,"En milieu naturel en France, quelle exigence minimale s’applique au système permettant à chaque plongeur en circuit ouvert de regagner la surface et de s’y maintenir ?",ACCEPT,pass,pass,pass,pass,pass,"Obligations individuelles/collectives et minima définis ; configurations voisines et responsabilités distinctes, sans confusion entre recommandé et exigé.",not-needed,83821841510df25234a21e3f1569e8f70da1e62627d078dbb1e4c18ae3b42681
n2-organisation-guide-conduite-001,cards/n2/02-organisation.yaml,"Pendant une exploration PE40 en milieu naturel, comment le guide doit-il conduire la palanquée dans le cadre fixé par le DP ?",ACCEPT,pass,pass,pass,pass,pass,"Obligations individuelles/collectives et minima définis ; configurations voisines et responsabilités distinctes, sans confusion entre recommandé et exigé.",not-needed,1b093f6069aafd206642b808e1d56f124bd3775fa4aba0d60a7573f281777cb9
n2-organisation-melanges-contraintes-001,cards/n2/02-organisation.yaml,"En France, une palanquée regroupe des plongeurs aux aptitudes différentes utilisant des mélanges différents. Quelles contraintes fixent les limites de tout le groupe ?",ACCEPT,pass,pass,pass,pass,pass,"Obligations individuelles/collectives et minima définis ; configurations voisines et responsabilités distinctes, sans confusion entre recommandé et exigé.",not-needed,2c06099e94d63e62980758f6a2937fc31b4989539e59718de36ab231ff417282
n2-organisation-oxygene-capacite-001,cards/n2/02-organisation.yaml,"Pour une plongée organisée en France, jusqu’à quel moment la réserve d’oxygène médical doit-elle permettre une prise en charge adaptée de la victime ?",ACCEPT,pass,pass,pass,pass,pass,"Obligations individuelles/collectives et minima définis ; configurations voisines et responsabilités distinctes, sans confusion entre recommandé et exigé.",not-needed,19fe0ee72a055fd2b79366349508dd25ddebd46982bac4989c854ea7bc25afe7
n2-organisation-palanquee-001,cards/n2/02-organisation.yaml,"En France, quels paramètres doivent caractériser la plongée effectuée en commun par les membres d’une palanquée ?",ACCEPT,pass,pass,pass,pass,pass,"Obligations individuelles/collectives et minima définis ; configurations voisines et responsabilités distinctes, sans confusion entre recommandé et exigé.",not-needed,a9e536e5712c51ea5106e294d60702e2c7cde8263dd32613e2a06d452ab750c1
n2-organisation-parachute-palanquee-001,cards/n2/02-organisation.yaml,"En milieu naturel en France, quel est le minimum exigé pour la disponibilité d’un parachute de palier ?",ACCEPT,pass,pass,pass,pass,pass,"Obligations individuelles/collectives et minima définis ; configurations voisines et responsabilités distinctes, sans confusion entre recommandé et exigé.",not-needed,02ca29a2c4710437ea11e8eb761cbdf20506300344cec20dd171d9b4d5f233de
n2-organisation-parametres-personnels-001,cards/n2/02-organisation.yaml,"En milieu naturel en France, deux plongeurs autonomes partagent le même profil de plongée. Un seul équipement de contrôle, porté par l’un et consulté par les deux, suffit-il pour la profondeur, la durée et la remontée ?",ACCEPT,pass,pass,pass,pass,pass,"Obligations individuelles/collectives et minima définis ; configurations voisines et responsabilités distinctes, sans confusion entre recommandé et exigé.",not-needed,30ca61ac29347664448b114e9ee3abac0a108130e41ed24874b55faaebecd8db
n2-organisation-plan-secours-001,cards/n2/02-organisation.yaml,"En France, à quels groupes le plan de secours d’une plongée en établissement doit-il au minimum être porté à connaissance ?",REVISE,pass,pass,pass,pass,pass,"CREDIBILITY : un seul objectif de diffusion, plutôt que la seule réponse cumulant toutes les bonnes pratiques.",accepted-after-correction,5a1a36c65497f8ee98049a141a82c8c5be24d4d40aa5590386537fb2a6ed5a6c
n2-organisation-rappel-bateau-001,cards/n2/02-organisation.yaml,"Pour une plongée organisée en France par un établissement, quel est le champ complet des situations où un moyen de rappel des plongeurs depuis la surface est obligatoire ?",REVISE,pass,pass,pass,pass,pass,"LENGTH : trois cadres parallèles, sans explicitation de tous les contre-exemples dans les faux. Seconde critique : Demander explicitement le champ complet ; les champs partiels ne sont pas des situations interdites.",accepted-after-correction,b4ffe8167d20b34d7492cf56344567b61a3517dd586653f3224b0fe51973fdf5
n2-organisation-tables-assistance-001,cards/n2/02-organisation.yaml,"En milieu naturel en France, le jeu de tables collectif doit être disponible sur le lieu de mise à l’eau ou d’immersion dès que la profondeur prévue dépasse quel seuil ?",ACCEPT,pass,pass,pass,pass,pass,"Obligations individuelles/collectives et minima définis ; configurations voisines et responsabilités distinctes, sans confusion entre recommandé et exigé.",not-needed,81c3aca4e9d7d7d0fc0b4c66cbe5c2ca53cb192dbe2dd976ef4304079c79965f
n2-organisation-vhf-001,cards/n2/02-organisation.yaml,"En France, un bateau support organise une plongée en mer et dispose d’un téléphone avec du réseau. Quelle exigence de communication reste applicable ?",ACCEPT,pass,pass,pass,pass,pass,"Obligations individuelles/collectives et minima définis ; configurations voisines et responsabilités distinctes, sans confusion entre recommandé et exigé.",not-needed,5bebba84aa8a4a9d0d068135e09069fca1bf1b3342b1b17e636255a5d9c2fff8
n2-prerogatives-age-certification-001,cards/n2/01-prerogatives.yaml,"Dans le cursus FFESSM, quel est l’âge minimal de délivrance de PA20 ou du N2, une fois les compétences acquises ?",ACCEPT,pass,pass,pass,pass,pass,"Âges, aptitudes et conditions explicités ; alternatives de seuils ou de qualifications, corrigés distinguent certification et exercice.",not-needed,98779469dc15c337ec24c324bfc323b5c78eb4308427a2cec269a93dbca43a5b
n2-prerogatives-age-pe40-001,cards/n2/01-prerogatives.yaml,"Dans le cursus FFESSM, quel est l’âge minimal pour entrer en formation et obtenir la qualification PE40 ?",ACCEPT,pass,pass,pass,pass,pass,"Âges, aptitudes et conditions explicités ; alternatives de seuils ou de qualifications, corrigés distinguent certification et exercice.",not-needed,de33fd5d82d3ebe6a4514ba34c31fe4e40b7cae4eed1bfd1fca4db35ea736fca
n2-prerogatives-aptitude-restrictive-001,cards/n2/01-prerogatives.yaml,"En France, un PA20 et un plongeur ayant seulement PA12 plongent ensemble en autonomie. Le DP autorise cette palanquée. Quelle profondeur maximale leurs aptitudes permettent-elles pour le groupe ?",ACCEPT,pass,pass,pass,pass,pass,"Âges, aptitudes et conditions explicités ; alternatives de seuils ou de qualifications, corrigés distinguent certification et exercice.",not-needed,15da8e8541d33f967f77635a34f04755cdcb36a38f2e3b704c61b05d3fe64932
n2-prerogatives-autonomie-dp-001,cards/n2/01-prerogatives.yaml,"Pour une exploration PA20 organisée en France par un établissement, quelle organisation respecte le cadre de l’autonomie ?",REVISE,pass,pass,pass,pass,pass,CREDIBILITY : remplacer la palanquée guidée qui se fixe seule ses paramètres par une confusion de fonction DP.,accepted-after-correction,049ad0c7df408513f6bd9aa8c7b7fc6543e6aec59273d7759e6e8c5627c0ef1c
n2-prerogatives-cmas-etoiles-001,cards/n2/01-prerogatives.yaml,À quelle certification CMAS le N2 FFESSM est-il associé dans le cursus fédéral ?,REVISE,pass,pass,pass,pass,pass,CREDIBILITY : moniteur hors classe remplacé par trois certifications de plongeur.,accepted-after-correction,cb0c0deff59351bb486d6f3cd1bb943d6178b2c9711785f556a1462c09f04385
n2-prerogatives-documents-formation-001,cards/n2/01-prerogatives.yaml,"Les justificatifs de niveau, d’expérience et d’âge d’un candidat à la formation N2 FFESSM ont déjà été vérifiés. Quelle paire complémentaire doit encore être vérifiée pour son admission ?",REVISE,pass,pass,pass,pass,pass,ISOLATION : le recto donnait la fonction permettant de déduire les deux documents sans connaître les conditions fédérales. Seconde critique : Préciser que les justificatifs de niveau ont déjà été vérifiés pour écarter une double lecture.,accepted-after-correction,6d52b3a4cffd361389e4993701282ef8934f38e8d6c964fcad936d0580c0f91d
n2-prerogatives-etranger-regles-001,cards/n2/01-prerogatives.yaml,"À l’étranger, une structure reconnaît la carte N2/CMAS d’un plongeur. Comment déterminer dans quelles conditions il pourra y plonger ?",ACCEPT,pass,pass,pass,pass,pass,"Âges, aptitudes et conditions explicités ; alternatives de seuils ou de qualifications, corrigés distinguent certification et exercice.",not-needed,cc77d0a182f0ff92b4155f523b9f9f4f45b4a0d83b328df79c339a60bb90dc67
n2-prerogatives-experience-naturel-001,cards/n2/01-prerogatives.yaml,"Combien de plongées attestées en milieu naturel sont demandées au minimum pour débuter une formation PA20, PE40 ou N2 FFESSM ?",ACCEPT,pass,pass,pass,pass,pass,"Âges, aptitudes et conditions explicités ; alternatives de seuils ou de qualifications, corrigés distinguent certification et exercice.",not-needed,c14c959eed104b42a8b4370e079928736d797560a62ed327c0744c944d71692a
n2-prerogatives-mineur-autorisation-001,cards/n2/01-prerogatives.yaml,"Pour un plongeur FFESSM de 16 ans, que doit viser l’autorisation du responsable légal nécessaire à une exploration PA20 ?",REVISE,pass,pass,pass,pass,pass,LENGTH : alternatives parallèles sans « seulement » réservé aux faux.,accepted-after-correction,3d5b7d52bf1419768610d6d5c83db6c3d7cdc9c90df90a77814d7068b4036c88
n2-prerogatives-mineur-information-001,cards/n2/01-prerogatives.yaml,Une palanquée PA20 FFESSM autorisée accueille un plongeur de 16 ans. Qui doit être informé de la présence d’un mineur ?,REVISE,pass,pass,pass,pass,pass,WHY : supprimer la simple reprise initiale du choix.,accepted-after-correction,35e95a43ec25992334a95dd4175f5684a68099e767c5d3dd8c177f7862a36af3
n2-prerogatives-n2-aptitudes-001,cards/n2/01-prerogatives.yaml,Quelles aptitudes d’exploration le brevet N2 FFESSM atteste-t-il ?,ACCEPT,pass,pass,pass,pass,pass,"Âges, aptitudes et conditions explicités ; alternatives de seuils ou de qualifications, corrigés distinguent certification et exercice.",not-needed,21701ce9a4f350f3062879e73558a03aca1730a3891aa1e62e4513d112b33ad2
n2-prerogatives-pa20-effectif-001,cards/n2/01-prerogatives.yaml,"Quelle plage d’effectifs est autorisée pour une palanquée d’exploration autonome PA20 en France, en comptant tous ses membres ?",ACCEPT,pass,pass,pass,pass,pass,"Âges, aptitudes et conditions explicités ; alternatives de seuils ou de qualifications, corrigés distinguent certification et exercice.",not-needed,5a4805b57a4e71e829a3264e0b847967dedc89930bbc400c36a291a32b1b2d47
n2-prerogatives-pa20-equipiers-001,cards/n2/01-prerogatives.yaml,"Pour explorer ensemble jusqu’à 20 m en autonomie en France, quelles aptitudes chaque membre de la palanquée doit-il au minimum justifier ?",ACCEPT,pass,pass,pass,pass,pass,"Âges, aptitudes et conditions explicités ; alternatives de seuils ou de qualifications, corrigés distinguent certification et exercice.",not-needed,bff0880119d117e9b066d4aa4f0c552a50808c633bf362f036367daac7c1bd20
n2-prerogatives-pe40-moins-seize-intervalle-001,cards/n2/01-prerogatives.yaml,"Dans le cursus FFESSM, quelle durée minimale doit séparer les deux plongées de la journée d’un PE40 âgé de moins de 16 ans ?",ACCEPT,pass,pass,pass,pass,pass,"Âges, aptitudes et conditions explicités ; alternatives de seuils ou de qualifications, corrigés distinguent certification et exercice.",not-needed,e2e0cfe821bf41ead8b6d6b2a5c3f099e43a4c4d0d074a43e95e726d924407b8
n2-prerogatives-pe40-moins-seize-nombre-001,cards/n2/01-prerogatives.yaml,"Dans le cursus FFESSM, combien de plongées par jour au maximum peut effectuer un PE40 âgé de moins de 16 ans ?",ACCEPT,pass,pass,pass,pass,pass,"Âges, aptitudes et conditions explicités ; alternatives de seuils ou de qualifications, corrigés distinguent certification et exercice.",not-needed,b894ed0a49a5c59d6352a41a8732f10a0c678c193fb4464c30e8216763ca5d05
n2-prerogatives-pe40-moins-seize-paliers-001,cards/n2/01-prerogatives.yaml,"Pour un PE40 FFESSM âgé de moins de 16 ans, une plongée d’exploration peut-elle être planifiée avec des paliers de décompression obligatoires ?",ACCEPT,pass,pass,pass,pass,pass,"Âges, aptitudes et conditions explicités ; alternatives de seuils ou de qualifications, corrigés distinguent certification et exercice.",not-needed,938c5cc90be6f3485c70a822cf06d8c39e5002e76e1deb35b1c67e69639126da
n2-prerogatives-pe40-moins-seize-seconde-001,cards/n2/01-prerogatives.yaml,"Un PE40 FFESSM de 15 ans a atteint 32 m à sa première plongée de la journée. Quel plafond s’applique à sa seconde plongée, si toutes les autres conditions sont réunies ?",ACCEPT,pass,pass,pass,pass,pass,"Âges, aptitudes et conditions explicités ; alternatives de seuils ou de qualifications, corrigés distinguent certification et exercice.",not-needed,6f71d375377434a122b8224cbb660609c485ce56256e85cce8af5766d874bf18
n2-prerogatives-prerequis-niveau-001,cards/n2/01-prerogatives.yaml,Quel brevet ou certification doit-on avoir au minimum pour commencer une formation N2 FFESSM ?,ACCEPT,pass,pass,pass,pass,pass,"Âges, aptitudes et conditions explicités ; alternatives de seuils ou de qualifications, corrigés distinguent certification et exercice.",not-needed,04a44f9d2f1a4179eafddb168aed6f66b8458c0de15a67bb12daa7a67a2d1b87
n2-prerogatives-qualifications-separees-001,cards/n2/01-prerogatives.yaml,Un plongeur FFESSM obtient PA20 après avoir déjà obtenu PE40. Quel brevet peut alors lui être délivré ?,ACCEPT,pass,pass,pass,pass,pass,"Âges, aptitudes et conditions explicités ; alternatives de seuils ou de qualifications, corrigés distinguent certification et exercice.",not-needed,27cf2605526f5ed13dfe108d044a3d02502cc953e911aa45f9e459311f7a5522
n2-prerogatives-quinze-ans-n2-001,cards/n2/01-prerogatives.yaml,"Un plongeur FFESSM de 15 ans vient d’obtenir son N2. À partir de quel âge pourra-t-il exercer l’autonomie PA20 en France, si les autres conditions sont remplies ?",REVISE,pass,pass,pass,pass,pass,"LENGTH : comparer quatre âges, sans une clé courte face à trois autorisations détaillées.",accepted-after-correction,a82d8d8c86fbf27d5055872f355c0ac03e5bb973a2e597ce40de2073956030a7
n2-pression-absolue-lac-001,cards/n2/04-pression.yaml,"Dans un lac, la pression atmosphérique à la surface vaut 0,8 bar. Quelle est la pression absolue à 18 m ? Pour cet exercice, prendre une augmentation hydrostatique de 1 bar tous les 10 m.",ACCEPT,pass,pass,pass,pass,pass,Calculs directs/inverses et altitude avec hypothèses explicites ; erreurs relatives/absolues et de rapport crédibles ; corrigés montrent opérations et unités.,not-needed,1116c1082e1982c4d70bea3ee241dc07ad33b8aff7ea6bb7f4c96dd0580a29ca
n2-pression-absolue-six-metres-001,cards/n2/04-pression.yaml,"À 6 m de profondeur, quelle est la pression absolue ambiante ? Prendre 1 bar de pression atmosphérique et une augmentation hydrostatique de 1 bar tous les 10 m.",ACCEPT,pass,pass,pass,pass,pass,Calculs directs/inverses et altitude avec hypothèses explicites ; erreurs relatives/absolues et de rapport crédibles ; corrigés montrent opérations et unités.,not-needed,586bbe4e2baf293295bfbc73233124d06998cc81d150104ab6ff74940e8a8671
n2-pression-absolue-trente-trois-metres-001,cards/n2/04-pression.yaml,Quelle est la pression absolue à 33 m de profondeur ? Utiliser le modèle simplifié : pression atmosphérique de 1 bar et augmentation hydrostatique de 1 bar tous les 10 m.,ACCEPT,pass,pass,pass,pass,pass,Calculs directs/inverses et altitude avec hypothèses explicites ; erreurs relatives/absolues et de rapport crédibles ; corrigés montrent opérations et unités.,not-needed,4d1ef4844057c8ab2beff05efd52f0f2ba866233177a1931515a7d9e8c7fc914
n2-pression-absolue-vingt-metres-001,cards/n2/04-pression.yaml,Quelle est la pression absolue à 20 m de profondeur ? Utiliser le modèle simplifié : pression atmosphérique de 1 bar et augmentation hydrostatique de 1 bar tous les 10 m.,ACCEPT,pass,pass,pass,pass,pass,Calculs directs/inverses et altitude avec hypothèses explicites ; erreurs relatives/absolues et de rapport crédibles ; corrigés montrent opérations et unités.,not-needed,efe6fac13bfd32acc8748bfcc81edf57eefe5bae5f55fe8b8b159589b7b4f8b2
n2-pression-altitude-001,cards/n2/04-pression.yaml,"À conditions météorologiques comparables, la pression atmosphérique réelle à la surface d’un lac de montagne est-elle plus faible, égale ou plus forte qu’au niveau de la mer ?",ACCEPT,pass,pass,pass,pass,pass,Calculs directs/inverses et altitude avec hypothèses explicites ; erreurs relatives/absolues et de rapport crédibles ; corrigés montrent opérations et unités.,not-needed,2dd0108d227d10feeaac6e4ad0d5273448f1dad3ae6388f4bad23ff20ee61475
n2-pression-atmosphere-origine-001,cards/n2/04-pression.yaml,Quel phénomène explique la pression atmosphérique exercée à la surface de la Terre ?,REVISE,pass,pass,pass,pass,pass,ISOLATION : le recto « même sans vent » éliminait directement le leurre du vent.,accepted-after-correction,63daba664c6f2e8a8ce2b25b0e75230db54c42c71bd21232484571fe1eb89da9
n2-pression-boyle-pressions-001,cards/n2/04-pression.yaml,"Pour appliquer P₁V₁ = P₂V₂ à un gaz passant de 10 à 20 m, quelles pressions utiliser ? La température et la quantité de gaz restent constantes ; prendre 1 bar à la surface et +1 bar par 10 m.",ACCEPT,pass,pass,pass,pass,pass,Calculs directs/inverses et altitude avec hypothèses explicites ; erreurs relatives/absolues et de rapport crédibles ; corrigés montrent opérations et unités.,not-needed,c72046b72d90d8d5f38418ae1fcba200df895d12e3d12d33c91932ca047f4ec8
n2-pression-double-atmosphere-001,cards/n2/04-pression.yaml,"Sous l’eau, un capteur indique 3 bars de pression absolue. Un élève propose d’y ajouter 1 bar atmosphérique. Quelle pression ambiante faut-il finalement retenir ?",ACCEPT,pass,pass,pass,pass,pass,Calculs directs/inverses et altitude avec hypothèses explicites ; erreurs relatives/absolues et de rapport crédibles ; corrigés montrent opérations et unités.,not-needed,f15bb7880f877be94d97e2f69ecf042e0faed0b207ca33f1532b6f99839998aa
n2-pression-force-surface-001,cards/n2/04-pression.yaml,Une force perpendiculaire F est répartie uniformément sur une surface S. Quelle relation donne la pression moyenne P ?,ACCEPT,pass,pass,pass,pass,pass,Calculs directs/inverses et altitude avec hypothèses explicites ; erreurs relatives/absolues et de rapport crédibles ; corrigés montrent opérations et unités.,not-needed,035aaaa8206d9da94ffdaea5889fb0cc9bb7963eb8e754c973f45c87ceab9cee
n2-pression-hydrostatique-001,cards/n2/04-pression.yaml,"Dans une eau au repos, que représente la pression hydrostatique ajoutée à la pression atmosphérique ?",REVISE,pass,pass,pass,pass,pass,CREDIBILITY : le bloc était hors du cadre de la pression ambiante ; remplacer par la contribution atmosphérique.,accepted-after-correction,9559df9959a654486dc2f5ba009dfe2f8509c376b74aabe96e6ab80ba852667b
n2-pression-hydrostatique-calcul-001,cards/n2/04-pression.yaml,"À 3 m, quelle pression est ajoutée par l’eau seule ? Utiliser le modèle de 1 bar tous les 10 m.",ACCEPT,pass,pass,pass,pass,pass,Calculs directs/inverses et altitude avec hypothèses explicites ; erreurs relatives/absolues et de rapport crédibles ; corrigés montrent opérations et unités.,not-needed,b45dc65c93c567edf263430c537b3cab85dccb4e031edee5cddfbeaa07cb90a8
n2-pression-hydrostatique-vingt-sept-metres-001,cards/n2/04-pression.yaml,"À 27 m de profondeur, quelle est la pression hydrostatique due à l’eau seule ? Prendre une augmentation de 1 bar tous les 10 m.",ACCEPT,pass,pass,pass,pass,pass,Calculs directs/inverses et altitude avec hypothèses explicites ; erreurs relatives/absolues et de rapport crédibles ; corrigés montrent opérations et unités.,not-needed,4acc50d7449ede7234c2ce2c3e3fa1b43e1c82343d48a88757541c336444b269
n2-pression-inverse-deux-huit-bars-001,cards/n2/04-pression.yaml,"À quelle profondeur la pression absolue atteint-elle 2,8 bars ? Utiliser le modèle simplifié : pression atmosphérique de 1 bar et augmentation hydrostatique de 1 bar tous les 10 m.",ACCEPT,pass,pass,pass,pass,pass,Calculs directs/inverses et altitude avec hypothèses explicites ; erreurs relatives/absolues et de rapport crédibles ; corrigés montrent opérations et unités.,not-needed,61b386429330b766fd41019632a49ab897c46c4bfcc079b42f917da42cec850a
n2-pression-inverse-lac-001,cards/n2/04-pression.yaml,"Dans un lac où la pression atmosphérique vaut 0,8 bar, un capteur indique 2,3 bars de pression absolue. À quelle profondeur se trouve-t-il ? Pour cet exercice, prendre une augmentation hydrostatique de 1 bar tous les 10 m.",ACCEPT,pass,pass,pass,pass,pass,Calculs directs/inverses et altitude avec hypothèses explicites ; erreurs relatives/absolues et de rapport crédibles ; corrigés montrent opérations et unités.,not-needed,d399724bfcead7fdc5151c582ab0878980d9d7f93a0e175e8d2a997147d39eb6
n2-pression-inverse-quatre-bars-001,cards/n2/04-pression.yaml,À quelle profondeur la pression absolue atteint-elle 4 bars ? Utiliser le modèle simplifié : pression atmosphérique de 1 bar et augmentation hydrostatique de 1 bar tous les 10 m.,ACCEPT,pass,pass,pass,pass,pass,Calculs directs/inverses et altitude avec hypothèses explicites ; erreurs relatives/absolues et de rapport crédibles ; corrigés montrent opérations et unités.,not-needed,11ea2e5f22e0027d7658608c84c4e832b5706f5fc87dd40f2034414642b60b9c
n2-pression-masse-force-001,cards/n2/04-pression.yaml,"Dans la phrase « une masse de 1 kg exerce son poids sur une surface de 1 cm² », quelles sont respectivement les unités SI de la masse, du poids et de la pression ?",ACCEPT,pass,pass,pass,pass,pass,Calculs directs/inverses et altitude avec hypothèses explicites ; erreurs relatives/absolues et de rapport crédibles ; corrigés montrent opérations et unités.,not-needed,05313837d9833d56808f848349f18390c5874d923358650db489cb252398c125
n2-pression-meme-profondeur-001,cards/n2/04-pression.yaml,"Deux plongeurs sont à 10 m sous la même surface : l’un au-dessus d’un fond de 12 m, l’autre au-dessus d’un fond de 40 m. Dans la même eau au repos, de densité uniforme, comment leurs pressions ambiantes se comparent-elles ?",ACCEPT,pass,pass,pass,pass,pass,Calculs directs/inverses et altitude avec hypothèses explicites ; erreurs relatives/absolues et de rapport crédibles ; corrigés montrent opérations et unités.,not-needed,6fd5f9fc138b584d2ec9497e88fccfed1a5268a1e67630ca184de31b3db612a5
n2-pression-meteo-001,cards/n2/04-pression.yaml,"Au même endroit et à la même altitude, le passage d’un système dépressionnaire à un système anticyclonique fait-il varier la pression atmosphérique ? Dans quel sens ?",ACCEPT,pass,pass,pass,pass,pass,Calculs directs/inverses et altitude avec hypothèses explicites ; erreurs relatives/absolues et de rapport crédibles ; corrigés montrent opérations et unités.,not-needed,13aaf3bd078a6c359a65816266d31fb458a0652771e431d15723cb4d3a81a310
n2-pression-profondeur-absolue-001,cards/n2/04-pression.yaml,"À quelle profondeur la pression absolue vaut-elle 1,5 bar ? Prendre 1 bar à la surface et une augmentation de 1 bar tous les 10 m.",ACCEPT,pass,pass,pass,pass,pass,Calculs directs/inverses et altitude avec hypothèses explicites ; erreurs relatives/absolues et de rapport crédibles ; corrigés montrent opérations et unités.,not-needed,69a2bb98ed147919bc3b35907fb8c5a474fe9facce18d31b293a1b9580a55317
n2-pression-profondeur-relative-001,cards/n2/04-pression.yaml,"Un capteur mesure 2 bars de pression relative à la surface, c’est-à-dire 2 bars ajoutés par l’eau. Quelle profondeur cela représente-t-il dans le modèle de 1 bar tous les 10 m ?",ACCEPT,pass,pass,pass,pass,pass,Calculs directs/inverses et altitude avec hypothèses explicites ; erreurs relatives/absolues et de rapport crédibles ; corrigés montrent opérations et unités.,not-needed,08f090a5cf2e6cee551b645f3d3cb091cc59a87506a9335822685e0ea6338b53
n2-pression-rapports-001,cards/n2/04-pression.yaml,"Dans le modèle de 1 bar à la surface et +1 bar par 10 m, par quels facteurs la pression absolue est-elle multipliée lors des descentes 0 → 10 m, puis 10 → 20 m ?",ACCEPT,pass,pass,pass,pass,pass,Calculs directs/inverses et altitude avec hypothèses explicites ; erreurs relatives/absolues et de rapport crédibles ; corrigés montrent opérations et unités.,not-needed,2df557e2ac1bf5f105fab210bee0325826c92d398d38a7b27592906006c95305
n2-pression-unites-001,cards/n2/04-pression.yaml,"Sur des instruments de plongée ou de météo, que mesurent les graduations bar, psi, hPa et mmHg ?",ACCEPT,pass,pass,pass,pass,pass,Calculs directs/inverses et altitude avec hypothèses explicites ; erreurs relatives/absolues et de rapport crédibles ; corrigés montrent opérations et unités.,not-needed,198dbdc4f2b09c5c7eefba2716af692fb36f3dbe299c9531cbe3429205bc0a67
n2-pression-variation-force-surface-001,cards/n2/04-pression.yaml,"On remplace une caisse par une autre deux fois plus lourde, dont la surface d’appui sur le sol est trois fois plus grande. Par quel facteur la pression moyenne sur le sol est-elle multipliée ?",ACCEPT,pass,pass,pass,pass,pass,Calculs directs/inverses et altitude avec hypothèses explicites ; erreurs relatives/absolues et de rapport crédibles ; corrigés montrent opérations et unités.,not-needed,dd6b2da4441f890583616a00c45530197843d67cbc8ed7a0b7842d28a5a7c879
n2-pression-variation-remontee-001,cards/n2/04-pression.yaml,Un plongeur remonte de 30 m à 12 m. De combien de bars la pression ambiante diminue-t-elle ? Utiliser le modèle simplifié : pression atmosphérique de 1 bar et augmentation hydrostatique de 1 bar tous les 10 m.,ACCEPT,pass,pass,pass,pass,pass,Calculs directs/inverses et altitude avec hypothèses explicites ; erreurs relatives/absolues et de rapport crédibles ; corrigés montrent opérations et unités.,not-needed,6221ea2b7a7c14ff31cacd5347661593c8cc037c065c588840a90733afdf813f
n2-remontees-anormales-confort-001,cards/n2/14-remontees-anormales.yaml,Pourquoi un palier de décompression obligatoire manqué et un simple palier de confort interrompu ne déclenchent-ils pas automatiquement la même procédure ?,ACCEPT,pass,pass,pass,pass,pass,Conditions de rattrapage et signes d’accident explicitement séparés ; chiffres et versions indispensables conservés.,not-needed,59033e74440b2ad07e5988215f0295125e1ebf854246ac934bd20e544c546955
n2-remontees-anormales-impossible-001,cards/n2/14-remontees-anormales.yaml,"Après une remontée trop rapide répondant aux critères fédéraux de 2024, à l’air avec ordinateur, que prévoit le texte lorsque la réimmersion est impossible ?",ACCEPT,pass,pass,pass,pass,pass,Conditions de rattrapage et signes d’accident explicitement séparés ; chiffres et versions indispensables conservés.,not-needed,e2b9de46f66d7500462a2690aab333884024fbfdd7844bf58fabea976e3a3ef7
n2-remontees-anormales-interruption-001,cards/n2/14-remontees-anormales.yaml,Un palier obligatoire est interrompu lors d’une plongée à l’air avec ordinateur. Le plongeur est sans signe d’accident ; le gaz et l’assistance permettent de regagner le palier en moins de 3 min. Quelle reprise prévoit la recommandation fédérale de 2024 ?,ACCEPT,pass,pass,pass,pass,pass,Conditions de rattrapage et signes d’accident explicitement séparés ; chiffres et versions indispensables conservés.,not-needed,f0298ebf493f268fe152e238531309ef456e9738fbce96e128d67a804e74c827
n2-remontees-anormales-observation-001,cards/n2/14-remontees-anormales.yaml,"En mer, jusqu’à 3 min de palier obligatoire ont été manquées à l’air avec ordinateur. Sans signe d’accident et sans réimmersion possible, quel suivi associe le texte de 2024 et l’avis médical demandé par le RIFAP 2026 ?",ACCEPT,pass,pass,pass,pass,pass,Conditions de rattrapage et signes d’accident explicitement séparés ; chiffres et versions indispensables conservés.,not-needed,0d0875168cddf0cbe3a2cf8f5b170a70a9de87e1d39c25a76b624baa8d9b49f6
n2-remontees-anormales-rattrapage-001,cards/n2/14-remontees-anormales.yaml,"Après une remontée trop rapide répondant aux critères fédéraux de 2024, à l’air avec ordinateur, quel rattrapage prévoit le texte si le plongeur n’a aucun signe d’accident et que la réimmersion est réalisable avec assistance et gaz suffisants pour rejoindre la mi-profondeur en moins de 3 min ?",ACCEPT,pass,pass,pass,pass,pass,Conditions de rattrapage et signes d’accident explicitement séparés ; chiffres et versions indispensables conservés.,not-needed,b8209af2114dbeb854e9e754f6f1bcc348ff6ceb92a070338bca736e4507572c
n2-remontees-anormales-references-001,cards/n2/14-remontees-anormales.yaml,Une plongée à l’air est conduite à l’ordinateur. Quel rapport existe entre les rattrapages fédéraux de 2024 et les anciennes procédures MN90 ?,REVISE,pass,pass,pass,pass,pass,SENSE : remplacer recettes par procédures ; question plus directe. Seconde critique : Supprimer le pronom sans référent et le terme recette.,accepted-after-correction,cc5882fd882d01e59aed0caa672c6f58d51f935ac1b0e89bf2989ae49d930497
n2-remontees-anormales-seuil-001,cards/n2/14-remontees-anormales.yaml,"En plongée à l’air avec ordinateur, quels critères définissent la remontée trop rapide dans les préconisations fédérales de 2024 ?",ACCEPT,pass,pass,pass,pass,pass,Conditions de rattrapage et signes d’accident explicitement séparés ; chiffres et versions indispensables conservés.,not-needed,293ef8005b532357d7afda4d7b08704f95db6d9b703e99c89ad5e720cc6e9a2f
n2-remontees-anormales-six-metres-001,cards/n2/14-remontees-anormales.yaml,"Pour des exercices comportant plusieurs remontées, quelle limite de proximité de la surface les préconisations fédérales de 2024 demandent-elles de respecter dans la mesure du possible ?",ACCEPT,pass,pass,pass,pass,pass,Conditions de rattrapage et signes d’accident explicitement séparés ; chiffres et versions indispensables conservés.,not-needed,8744d936125c26793a07c2e04ef0c22103793f18b21ddd859b57f106e510804e
n2-remontees-anormales-symptomes-001,cards/n2/14-remontees-anormales.yaml,"Après un palier obligatoire manqué, le plongeur présente une faiblesse ou des fourmillements. Faut-il le réimmerger pour finir ses paliers ?",ACCEPT,pass,pass,pass,pass,pass,Conditions de rattrapage et signes d’accident explicitement séparés ; chiffres et versions indispensables conservés.,not-needed,692d30706fe618f5374a57b1c79e00b6492309cd0b2f52aa9b8d6eb0112fb970
n2-remontees-anormales-yoyos-001,cards/n2/14-remontees-anormales.yaml,Quel profil appelle-t-on « multi-yoyos » lors d’exercices de remontée assistée ?,ACCEPT,pass,pass,pass,pass,pass,Conditions de rattrapage et signes d’accident explicitement séparés ; chiffres et versions indispensables conservés.,not-needed,9c53ec49538275c243f813cea2db4ff2888c2d8ca9f2302595a0d8b089242ffe
n2-tables-arrondis-001,cards/n2/12-tables.yaml,"Exercice MN90 : la profondeur maximale est 19 m et la durée avant remontée 31 min 10 s. La table comporte 18 et 20 m, puis 30 et 35 min à 20 m. Quelle ligne retenir ?",ACCEPT,pass,pass,pass,pass,pass,"Extraits et conventions MN90 explicites ; arrondis, majoration, inversion et trajets multiples demandent des opérations distinctes ; calculs relus.",not-needed,1a00e2d07e2bde20ae5cf1b16d04928ec30edf5026e179a576bc6c34c31134e8
n2-tables-calcul-dtr-001,cards/n2/12-tables.yaml,"Exercice MN90 : départ de 30 m, un seul palier de 9 min à 3 m. Employer 15 m/min jusqu’au palier, puis 6 m/min à la surface, et arrondir la somme à la minute supérieure. Quelle DTR ?",ACCEPT,pass,pass,pass,pass,pass,"Extraits et conventions MN90 explicites ; arrondis, majoration, inversion et trajets multiples demandent des opérations distinctes ; calculs relus.",not-needed,9640116b67e6659fa80c5f6171afb49bf8a8044a6a8f774771ee6f6ea3d73daf
n2-tables-courbe-001,cards/n2/12-tables.yaml,Extrait MN90 à 20 m : 40 min sans palier ; 45 min avec 1 min à 3 m. Une plongée simple dure 41 min avant une remontée normale. Faut-il lire une ligne avec palier ?,ACCEPT,pass,pass,pass,pass,pass,"Extraits et conventions MN90 explicites ; arrondis, majoration, inversion et trajets multiples demandent des opérations distinctes ; calculs relus.",not-needed,696ee923f2f022e802d0d74d382a6d2f7deb63ffd476fecc135a7e81a33a4f97
n2-tables-deux-plongees-001,cards/n2/12-tables.yaml,La limite de deux plongées par 24 heures des tables MN90 devient-elle automatiquement une limite identique pour tout ordinateur ?,ACCEPT,pass,pass,pass,pass,pass,"Extraits et conventions MN90 explicites ; arrondis, majoration, inversion et trajets multiples demandent des opérations distinctes ; calculs relus.",not-needed,7cc8205b39808a97b657bf853beccc51fddabc8bc8ab80ec262f6432643bd21e
n2-tables-domaine-001,cards/n2/12-tables.yaml,Pour quelles conditions de gaz et d’effort les tables MN90 ont-elles été établies ?,ACCEPT,pass,pass,pass,pass,pass,"Extraits et conventions MN90 explicites ; arrondis, majoration, inversion et trajets multiples demandent des opérations distinctes ; calculs relus.",not-needed,80ac7f31acfa7a99a533af549fb78d7c0e8ff6d7350ba87e2a2879d697970609
n2-tables-dtr-001,cards/n2/12-tables.yaml,"Que comprend la durée totale de remontée, ou DTR, d’un exercice de tables MN90 ?",ACCEPT,pass,pass,pass,pass,pass,"Extraits et conventions MN90 explicites ; arrondis, majoration, inversion et trajets multiples demandent des opérations distinctes ; calculs relus.",not-needed,a783e54b226c31f979dad8158bd6cbdd8e2d3a0b77818011d40e8cdfbbb69f66
n2-tables-dtr-plusieurs-paliers-001,cards/n2/12-tables.yaml,"Exercice MN90 de calcul de trajet : départ du fond à 28 m, arrêts imposés par l’énoncé de 1 min à 6 m puis 4 min à 3 m. Employer 15 m/min jusqu’au premier arrêt, puis 6 m/min entre les arrêts et jusqu’à la surface. Arrondir la somme à la minute supérieure. Quelle durée totale de remontée ?",ACCEPT,pass,pass,pass,pass,pass,"Extraits et conventions MN90 explicites ; arrondis, majoration, inversion et trajets multiples demandent des opérations distinctes ; calculs relus.",not-needed,87b1d483f17836afe23aa2ea0b06b786e78c91cb7bd66f866a913c0b04f42aba
n2-tables-duree-001,cards/n2/12-tables.yaml,"Dans une plongée simple MN90 à remontée normale, entre quels instants compte-t-on la durée utilisée pour entrer dans la table ?",ACCEPT,pass,pass,pass,pass,pass,"Extraits et conventions MN90 explicites ; arrondis, majoration, inversion et trajets multiples demandent des opérations distinctes ; calculs relus.",not-needed,fdc4c9b505b55cf61bcded37332658087540fedbbbc2579312f614f671e7e417
n2-tables-gps-001,cards/n2/12-tables.yaml,"À quoi sert le groupe de plongée successive, ou GPS, donné par une lettre à la sortie d’une plongée MN90 ?",ACCEPT,pass,pass,pass,pass,pass,"Extraits et conventions MN90 explicites ; arrondis, majoration, inversion et trajets multiples demandent des opérations distinctes ; calculs relus.",not-needed,6a7d2f1438c667dce0343ff666780c7c483728434ba9574a1f135e5c7e88f866
n2-tables-intervalle-arrondi-001,cards/n2/12-tables.yaml,"Exercice MN90 : GPS H, intervalle réel 2 h 10. Tableau I : H/2 h = 0,98 ; H/2 h 30 = 0,95. Quel intervalle tabulé retenir pour lire l’azote résiduel ?",ACCEPT,pass,pass,pass,pass,pass,"Extraits et conventions MN90 explicites ; arrondis, majoration, inversion et trajets multiples demandent des opérations distinctes ; calculs relus.",not-needed,988a433ca3f6f1cab8864aaea680ee1c6320f17dfb91c93fe87b66d7d3c17fa3
n2-tables-intervalles-001,cards/n2/12-tables.yaml,"Dans les exercices MN90, à quelles catégories appartiennent deux plongées séparées par exactement 15 min de surface, puis par exactement 12 h ?",ACCEPT,pass,pass,pass,pass,pass,"Extraits et conventions MN90 explicites ; arrondis, majoration, inversion et trajets multiples demandent des opérations distinctes ; calculs relus.",not-needed,386b0220ccd06ebb503306fec314c728b6c47a752338bfb3a5a7c1e1d12f9ee8
n2-tables-majoration-001,cards/n2/12-tables.yaml,"Dans une plongée successive MN90, que représente la majoration ajoutée au temps de la deuxième plongée ?",ACCEPT,pass,pass,pass,pass,pass,"Extraits et conventions MN90 explicites ; arrondis, majoration, inversion et trajets multiples demandent des opérations distinctes ; calculs relus.",not-needed,80081d2742a9ccab378fe46c63fc954c7c975c5fa20d09aa467f3aeac8086dcb
n2-tables-ordinateur-001,cards/n2/12-tables.yaml,Un ordinateur impose une vitesse de remontée inférieure à celle des MN90. Quelle référence suivre pendant cette plongée conduite à l’ordinateur ?,ACCEPT,pass,pass,pass,pass,pass,"Extraits et conventions MN90 explicites ; arrondis, majoration, inversion et trajets multiples demandent des opérations distinctes ; calculs relus.",not-needed,b114b0a012716040a6107e510502848bc14ac84f5e4e836aca0fc11f5d641634
n2-tables-profil-carre-001,cards/n2/12-tables.yaml,"Dans la lecture classique des MN90, pourquoi retient-on la profondeur maximale plutôt que la profondeur moyenne ?",ACCEPT,pass,pass,pass,pass,pass,"Extraits et conventions MN90 explicites ; arrondis, majoration, inversion et trajets multiples demandent des opérations distinctes ; calculs relus.",not-needed,875f3f3019d6b2a4c3e755bf44ca957151e7b795b7903e51117c5132d77b56e9
n2-tables-remontee-lente-001,cards/n2/12-tables.yaml,"Exercice MN90 : 20 min jusqu’au départ du fond, puis 4 min de remontée lente jusqu’au premier palier. Quelle durée retenir avant les arrondis de lecture ?",ACCEPT,pass,pass,pass,pass,pass,"Extraits et conventions MN90 explicites ; arrondis, majoration, inversion et trajets multiples demandent des opérations distinctes ; calculs relus.",not-needed,ac62ffb83d8bb703f8d1bd761776d27e435de9646ad08ce2ac7a44cc13f3d257
n2-tables-sans-palier-001,cards/n2/12-tables.yaml,Que signifie une durée située dans la zone sans palier obligatoire d’une table ?,ACCEPT,pass,pass,pass,pass,pass,"Extraits et conventions MN90 explicites ; arrondis, majoration, inversion et trajets multiples demandent des opérations distinctes ; calculs relus.",not-needed,25af834d5b6cfedfdde19e8994f97cb01c4ddbbf8865e4ea2e2043a3fe6226df
n2-tables-successive-001,cards/n2/12-tables.yaml,"Exercice MN90 : GPS H, intervalle de surface 2 h, deuxième plongée prévue à 20 m pendant 20 min. Extraits : H/2 h → azote résiduel 0,98 ; tableau II, 0,99/20 m → majoration 22 min ; à 20 m, 40 min → sans palier, 45 min → 1 min à 3 m. Quels paliers lire pour la seconde ?",ACCEPT,pass,pass,pass,pass,pass,"Extraits et conventions MN90 explicites ; arrondis, majoration, inversion et trajets multiples demandent des opérations distinctes ; calculs relus.",not-needed,436cbb5130a0cd832d85360ff8f0a5e00e7f223b09469a4d7aff754eb16ce3c3
n2-tables-successive-duree-maximale-001,cards/n2/12-tables.yaml,"Exercice MN90 : à 20 m, la dernière ligne sans palier obligatoire est 40 min. Pour une deuxième plongée à 20 m, la majoration calculée vaut 22 min. Quelle durée réelle maximale avant remontée reste dans cette ligne sans palier ?",ACCEPT,pass,pass,pass,pass,pass,"Extraits et conventions MN90 explicites ; arrondis, majoration, inversion et trajets multiples demandent des opérations distinctes ; calculs relus.",not-needed,1558ca1d8b2f058cfaca1c68af7d19e723e8ae615711a75d8232bb44f39e5e67
n2-tables-temps-fictif-001,cards/n2/12-tables.yaml,"Exercice de successive : majoration 13 min, durée réelle de la deuxième plongée 22 min. Quelle durée sert à lire ses paliers ?",ACCEPT,pass,pass,pass,pass,pass,"Extraits et conventions MN90 explicites ; arrondis, majoration, inversion et trajets multiples demandent des opérations distinctes ; calculs relus.",not-needed,666ad076e26719da889a32c7622dbfaef3b9c3925342463e350a23579a75e164
n2-tables-variables-001,cards/n2/12-tables.yaml,Quelles trois données faut-il connaître pour déterminer la majoration MN90 d’une deuxième plongée ?,ACCEPT,pass,pass,pass,pass,pass,"Extraits et conventions MN90 explicites ; arrondis, majoration, inversion et trajets multiples demandent des opérations distinctes ; calculs relus.",not-needed,4e5073609044cda40a45d5db471477ec39dc639f5b43ca2bb388d286274f8679
n2-tables-vitesses-001,cards/n2/12-tables.yaml,"Dans les MN90 au niveau de la mer, quelles vitesses distingue-t-on pour remonter du fond puis entre les paliers ?",ACCEPT,pass,pass,pass,pass,pass,"Extraits et conventions MN90 explicites ; arrondis, majoration, inversion et trajets multiples demandent des opérations distinctes ; calculs relus.",not-needed,7f619f97e53afc57d11685257c0ad266962c63d3794cb3adc7dfad55c5574da9
n3-assistance-cooperation-001,cards/n3/09-assistance.yaml,"En immersion, quelle différence essentielle distingue un équipier conscient coopératif d’un équipier qui ne réagit plus ?",REVISE,pass,pass,pass,pass,pass,CREDIBILITY : le leurre sur historique ordinateur ne répondait pas à la différence de coopération.,accepted-after-correction,1bc17c7f41946b176ccb5ebb7fb5640cb5cd634136b5eef3a15cf4a8b26fc821
n3-assistance-flottabilite-double-001,cards/n3/09-assistance.yaml,"Pendant une remontée assistée à deux gilets, quel phénomène doit être surveillé dans les équipements des deux plongeurs ?",ACCEPT,pass,pass,pass,pass,pass,"Coopération, stock accessible, gestion des deux gilets et rôle du troisième relus ; pratiques renvoyées à leur apprentissage sans recette détaillée.",not-needed,a8aa50818b917b5051740a9df95cb911dc5c7c73f0f96bf91ac70dae24d111d6
n3-assistance-gaz-palier-insuffisant-001,cards/n3/09-assistance.yaml,"Dans un exercice de budget avant immersion, le retour partagé obligatoire demande 1 000 L à 1 bar ; le stock utilisable prévu est 800 L. Quelle modification résout cette incompatibilité de plan ? Modèle : gaz parfait à température constante, 1 bar en surface et +1 bar par 10 m ; seul le gaz respiré est compté.",ACCEPT,pass,pass,pass,pass,pass,"Coopération, stock accessible, gestion des deux gilets et rôle du troisième relus ; pratiques renvoyées à leur apprentissage sans recette détaillée.",not-needed,db9c9b84c412c4865c27f6f3e481e9f49cc3347871dabc1c8ef9a3de24c01167
n3-assistance-sans-signe-001,cards/n3/09-assistance.yaml,"À 35 m, un équipier devient agité, ventile fortement et répond mal aux échanges, sans faire de signe conventionnel. Quel indice justifie l’intervention ?",ACCEPT,pass,pass,pass,pass,pass,"Coopération, stock accessible, gestion des deux gilets et rôle du troisième relus ; pratiques renvoyées à leur apprentissage sans recette détaillée.",not-needed,8e63161219db19761af90e8c54fa3bc0ed387be6ad6a2d8000268fdf7da7b823
n3-assistance-stock-donneur-001,cards/n3/09-assistance.yaml,Un équipier passe sur la source de secours de son binôme. Quelle information devient déterminante pour le gaz du retour partagé ?,ACCEPT,pass,pass,pass,pass,pass,"Coopération, stock accessible, gestion des deux gilets et rôle du troisième relus ; pratiques renvoyées à leur apprentissage sans recette détaillée.",not-needed,f0a93a16f9a93200a519d332e6e155b7f14a196e5013521587299b7199b70cd2
n3-assistance-surface-001,cards/n3/09-assistance.yaml,"À la surface, avant tractage d’un plongeur incapable de se maintenir seul, quels deux objectifs doivent être assurés ensemble ?",REVISE,pass,pass,pass,pass,pass,"CREDIBILITY : retirer le maintien du visage dans l’eau, manifestement absurde.",accepted-after-correction,14c0aa4e46a7527d5ca78f4734afe3f137d0a7f3d5cb48f114e238511a6acb1f
n3-assistance-troisieme-001,cards/n3/09-assistance.yaml,"Dans une palanquée de trois, A assiste B en difficulté. C est disponible et dispose de gaz. Quel rôle de C conserve la cohésion sans gêner l’assistance ?",ACCEPT,pass,pass,pass,pass,pass,"Coopération, stock accessible, gestion des deux gilets et rôle du troisième relus ; pratiques renvoyées à leur apprentissage sans recette détaillée.",not-needed,dd59cc76099e874fe263dc32d3c3af606b1ffc443d84598688cc6398be020250
n3-formation-delai-competences-001,cards/n3/01-prerogatives.yaml,"Pour la formation N3 FFESSM, quel délai maximal sépare la délivrance de la première compétence de l’acquisition de l’ensemble des compétences ?",ACCEPT,pass,pass,pass,pass,pass,"Cadres établissement, âge et qualifications explicites ; certifications, fonctions et responsabilités clairement séparées.",not-needed,7298630c9025b1b4587332a555f05539c0ec73dd28ed72a626e800cce5d57cbc
n3-formation-delivrance-responsabilite-001,cards/n3/01-prerogatives.yaml,"Pour la délivrance du N3 FFESSM dans un club affilié, quelle organisation associe l’encadrant délivrant le brevet et le responsable du club ?",ACCEPT,pass,pass,pass,pass,pass,"Cadres établissement, âge et qualifications explicites ; certifications, fonctions et responsabilités clairement séparées.",not-needed,d74fc4932c973e1815fdc970152f417452f3a5797531ab5a0e3ca72e7206abf0
n3-formation-espace-profond-001,cards/n3/01-prerogatives.yaml,"En formation technique à l’air en établissement, quel niveau minimal d’enseignant encadre la palanquée entre 40 et 60 m ?",ACCEPT,pass,pass,pass,pass,pass,"Cadres établissement, âge et qualifications explicites ; certifications, fonctions et responsabilités clairement séparées.",not-needed,70e190cdcc55c5a46c4a1b77832bd73b3c5585c84f98c9c167e047ec5c5401ba
n3-formation-prerequis-001,cards/n3/01-prerogatives.yaml,"Pour entrer en formation N3 FFESSM, quel prérequis de certification est admis, en plus des conditions d’âge, licence et CACI ?",ACCEPT,pass,pass,pass,pass,pass,"Cadres établissement, âge et qualifications explicites ; certifications, fonctions et responsabilités clairement séparées.",not-needed,1eb9609554562a550b6893a4df76bcb7acd26ba7207492737e7915fff42532b7
n3-formation-rifap-001,cards/n3/01-prerogatives.yaml,À quel moment le RIFAP est-il obligatoirement acquis pour un candidat au N3 FFESSM ?,ACCEPT,pass,pass,pass,pass,pass,"Cadres établissement, âge et qualifications explicites ; certifications, fonctions et responsabilités clairement séparées.",not-needed,2f84bdb23f9df5c808c2e075cac1ebea41affca7ec14513fca29e54c00c2e362
n3-formation-validation-milieu-001,cards/n3/01-prerogatives.yaml,Dans quel cadre les compétences N3 FFESSM doivent-elles être obtenues ?,ACCEPT,pass,pass,pass,pass,pass,"Cadres établissement, âge et qualifications explicites ; certifications, fonctions et responsabilités clairement séparées.",not-needed,28f653f3c0f8403a46350ecda99e0623457cfdf46057284e5587ea2011c68bcc
n3-gaz-attente-profonde-001,cards/n3/04-gaz.yaml,"Avant un retour partagé, deux plongeurs attendent 1 min à 50 m en respirant sur le bloc donneur. Débits de référence imposés : 30 et 40 L/min à 1 bar. Quel volume à 1 bar ajouter au budget du donneur pour cette attente ? Modèle : gaz parfait à température constante, 1 bar en surface et +1 bar par 10 m ; seul le gaz respiré est compté.",ACCEPT,pass,pass,pass,pass,pass,"Chaque calcul comporte modèle, phases et unités ; erreurs de pression, débit cumulé, réserve et volume du bloc plausibles ; progression vers budget complet conservée.",not-needed,fb951d016876f191db74b0c8229670c3ad307a31d7aeb51df8b0013c5a123dc4
n3-gaz-bar-minute-40-001,cards/n3/04-gaz.yaml,"Bloc de 15 L, débit respiratoire de référence 18 L/min ramené à 1 bar, profondeur 40 m. De combien baisse la pression du bloc par minute ? Modèle : gaz parfait à température constante, 1 bar en surface et +1 bar par 10 m ; seul le gaz respiré est compté.",ACCEPT,pass,pass,pass,pass,pass,"Chaque calcul comporte modèle, phases et unités ; erreurs de pression, débit cumulé, réserve et volume du bloc plausibles ; progression vers budget complet conservée.",not-needed,e1b793711bf764637736822932377341f4db22ac9ee4aaad59f052a0dc317ac8
n3-gaz-bar-minute-55-001,cards/n3/04-gaz.yaml,"Bloc de 12 L, débit de référence 22 L/min ramené à 1 bar, profondeur 55 m. Quelle baisse théorique de pression en bar/min ? Modèle : gaz parfait à température constante, 1 bar en surface et +1 bar par 10 m ; seul le gaz respiré est compté.",ACCEPT,pass,pass,pass,pass,pass,"Chaque calcul comporte modèle, phases et unités ; erreurs de pression, débit cumulé, réserve et volume du bloc plausibles ; progression vers budget complet conservée.",not-needed,9935d7f35ca62dc1e93f3d5b20bdc3a7e36e37ca0d19fee7deca2732d9490886
n3-gaz-bloc-limitant-001,cards/n3/04-gaz.yaml,"Pour leur retour individuel complet, A (12 L, 160 bar) doit garder 900 L à 1 bar et 20 bar finaux ; B (15 L, 140 bar), 1 050 L et 20 bar finaux. À 40 m, chacun a un débit de référence 20 L/min à 1 bar. Qui a le moins de temps de fond disponible ? Modèle : gaz parfait à température constante, 1 bar en surface et +1 bar par 10 m ; seul le gaz respiré est compté.",ACCEPT,pass,pass,pass,pass,pass,"Chaque calcul comporte modèle, phases et unités ; erreurs de pression, débit cumulé, réserve et volume du bloc plausibles ; progression vers budget complet conservée.",not-needed,95e8d13b1067ff4288ee203a62acdacbf6ecd78ec949d295d9e179774f7d03bf
n3-gaz-comparer-bar-minute-001,cards/n3/04-gaz.yaml,"À 40 m, A avec 12 L et B avec 15 L ont tous deux une baisse de 6 bar/min. Quels sont leurs débits respiratoires de référence ramenés à 1 bar ? Modèle : gaz parfait à température constante, 1 bar en surface et +1 bar par 10 m ; seul le gaz respiré est compté.",ACCEPT,pass,pass,pass,pass,pass,"Chaque calcul comporte modèle, phases et unités ; erreurs de pression, débit cumulé, réserve et volume du bloc plausibles ; progression vers budget complet conservée.",not-needed,85b8abc0a4bd946d8cfdbdd80a1620712c2d35c7f18ab38a3cbc274049357dc0
n3-gaz-debit-reference-inverse-001,cards/n3/04-gaz.yaml,"À 40 m, la pression d’un bloc de 12 L baisse de 9 bar/min. Quel débit de référence ramené à 1 bar correspond à cette mesure ? Modèle : gaz parfait à température constante, 1 bar en surface et +1 bar par 10 m ; seul le gaz respiré est compté.",ACCEPT,pass,pass,pass,pass,pass,"Chaque calcul comporte modèle, phases et unités ; erreurs de pression, débit cumulé, réserve et volume du bloc plausibles ; progression vers budget complet conservée.",not-needed,897778ddf539fe36239075f57625a611a96fa2f4deffe3639b1bbf95419b65e4
n3-gaz-erreur-pression-constante-001,cards/n3/04-gaz.yaml,"Un trajet linéaire de 50 m à la surface dure 5 min. Pour un débit de référence 20 L/min à 1 bar, un calcul applique 6 bar pendant les cinq minutes et trouve 600 L. Quel est le coût du trajet dans le modèle, sans arrêt ? Modèle : gaz parfait à température constante, 1 bar en surface et +1 bar par 10 m ; seul le gaz respiré est compté.",ACCEPT,pass,pass,pass,pass,pass,"Chaque calcul comporte modèle, phases et unités ; erreurs de pression, débit cumulé, réserve et volume du bloc plausibles ; progression vers budget complet conservée.",not-needed,9ef25ba9c3c50c48f6fb0fc169b8129aceb85c4c023bd167ff68c3bc043bdba5
n3-gaz-meme-duree-001,cards/n3/04-gaz.yaml,"Deux profils fictifs durent 6 min hors transitions. A : 2 min à 40 m puis 4 min à 3 m. B : 4 min à 40 m puis 2 min à 3 m. Débit de référence 20 L/min à 1 bar. Quels gaz à 1 bar demandent A puis B ? Modèle : gaz parfait à température constante, 1 bar en surface et +1 bar par 10 m ; seul le gaz respiré est compté.",ACCEPT,pass,pass,pass,pass,pass,"Chaque calcul comporte modèle, phases et unités ; erreurs de pression, débit cumulé, réserve et volume du bloc plausibles ; progression vers budget complet conservée.",not-needed,c9f2347608591b08ef0904164b443085dd7e9db50be2d63894707c14d924f605
n3-gaz-mesure-reevaluation-001,cards/n3/04-gaz.yaml,"À profondeur constante, la baisse observée du manomètre dépasse durablement la prévision, sans fuite identifiée. Que doit-on recalculer en priorité avant de poursuivre l’exploration ?",ACCEPT,pass,pass,pass,pass,pass,"Chaque calcul comporte modèle, phases et unités ; erreurs de pression, débit cumulé, réserve et volume du bloc plausibles ; progression vers budget complet conservée.",not-needed,3ad9b30cac32bdde97a87bf059a88582cff4b0d427a47ea89386131a7417c27f
n3-gaz-palier-maximal-001,cards/n3/04-gaz.yaml,"Après avoir budgété trajet et pression finale, il reste 280 L à 1 bar pour un arrêt fictif supplémentaire à 6 m. Deux consommateurs ont ensemble un débit de référence 70 L/min à 1 bar. Quelle durée maximale théorique permet ce budget ? Modèle : gaz parfait à température constante, 1 bar en surface et +1 bar par 10 m ; seul le gaz respiré est compté.",ACCEPT,pass,pass,pass,pass,pass,"Chaque calcul comporte modèle, phases et unités ; erreurs de pression, débit cumulé, réserve et volume du bloc plausibles ; progression vers budget complet conservée.",not-needed,423cbab9ccb8f80fbf3a624dd44eeee20ea8c396346ba21e9c2e96d1a09fbe6b
n3-gaz-paliers-partages-001,cards/n3/04-gaz.yaml,"Deux consommateurs sur un même stock ont ensemble un débit de référence 70 L/min à 1 bar. Deux arrêts sont imposés : 3 min à 6 m puis 5 min à 3 m. Sans compter les trajets, quel gaz à 1 bar ces arrêts demandent-ils ? Modèle : gaz parfait à température constante, 1 bar en surface et +1 bar par 10 m ; seul le gaz respiré est compté.",ACCEPT,pass,pass,pass,pass,pass,"Chaque calcul comporte modèle, phases et unités ; erreurs de pression, débit cumulé, réserve et volume du bloc plausibles ; progression vers budget complet conservée.",not-needed,cb95bf1e9d6fd5140c1dda2d7bf06d2ba130324b6d80d106cc1ad05617d17058
n3-gaz-retour-complet-001,cards/n3/04-gaz.yaml,"Deux plongeurs respirent sur un seul stock, débits de référence 30 et 40 L/min à 1 bar. Quel gaz total à 1 bar demande le retour fourni ? Attente 1 min à 50 m ; trajet linéaire 50 → 6 m en 4,4 min ; arrêt 3 min à 6 m ; trajet linéaire 6 → 3 m en 0,5 min ; arrêt 5 min à 3 m ; trajet linéaire 3 m → surface en 0,5 min. Modèle : gaz parfait à température constante, 1 bar en surface et +1 bar par 10 m ; seul le gaz respiré est compté.",ACCEPT,pass,pass,pass,pass,pass,"Chaque calcul comporte modèle, phases et unités ; erreurs de pression, débit cumulé, réserve et volume du bloc plausibles ; progression vers budget complet conservée.",not-needed,f0790d518c2e9e4cee774c1a5eeac2c3da6fa3d5486f69914834f97cb8bb243c
n3-gaz-retour-deux-blocs-001,cards/n3/04-gaz.yaml,"Le même retour partagé exige 1 100 L à 1 bar. A a 12 L à 110 bar ; B, 15 L à 110 bar. L’exercice garde 20 bar dans le bloc donneur à la fin. Quels stocks sont théoriquement suffisants ? Modèle : gaz parfait à température constante, 1 bar en surface et +1 bar par 10 m ; seul le gaz respiré est compté.",ACCEPT,pass,pass,pass,pass,pass,"Chaque calcul comporte modèle, phases et unités ; erreurs de pression, débit cumulé, réserve et volume du bloc plausibles ; progression vers budget complet conservée.",not-needed,4c8701ce9b7e172fa32056db2b7d0d611ddd6dc729a24d30faa2b4c9a8261a4a
n3-gaz-retour-pression-001,cards/n3/04-gaz.yaml,"Un retour à deux exige 2 472,4 L ramenés à 1 bar. Le bloc donneur a un volume de 15 L ; l’exercice impose 20 bar encore présents à la fin. Quelle pression de départ minimale arrondie au bar supérieur donne ce budget ? Modèle : gaz parfait à température constante, 1 bar en surface et +1 bar par 10 m ; seul le gaz respiré est compté.",ACCEPT,pass,pass,pass,pass,pass,"Chaque calcul comporte modèle, phases et unités ; erreurs de pression, débit cumulé, réserve et volume du bloc plausibles ; progression vers budget complet conservée.",not-needed,088896d1b3759105b30c009d741c042605ebbd9670b9296f373056e5b06d614a
n3-gaz-stress-sensibilite-001,cards/n3/04-gaz.yaml,"Un retour partagé consomme 1 600 L à 1 bar pour des débits de référence 30 + 40 L/min. Sur les mêmes phases, les débits deviennent 40 + 50 L/min. Quel besoin total obtient-on ? Modèle : gaz parfait à température constante, 1 bar en surface et +1 bar par 10 m ; seul le gaz respiré est compté.",ACCEPT,pass,pass,pass,pass,pass,"Chaque calcul comporte modèle, phases et unités ; erreurs de pression, débit cumulé, réserve et volume du bloc plausibles ; progression vers budget complet conservée.",not-needed,df39dbe76e58f6919a615aff7ea5d510fe688332c296c47f6dbf05fd50c9a3ba
n3-gaz-temps-fond-budget-001,cards/n3/04-gaz.yaml,"Bloc de 15 L à 200 bar. Le budget impose 1 200 L à 1 bar pour le retour complet et 20 bar finaux. À 40 m, le débit de référence vaut 20 L/min à 1 bar. Combien de minutes au fond restent théoriquement disponibles, hors descente et autres consommations ? Modèle : gaz parfait à température constante, 1 bar en surface et +1 bar par 10 m ; seul le gaz respiré est compté.",ACCEPT,pass,pass,pass,pass,pass,"Chaque calcul comporte modèle, phases et unités ; erreurs de pression, débit cumulé, réserve et volume du bloc plausibles ; progression vers budget complet conservée.",not-needed,50b8da3805ef797a19ebc6e69d3352a867db8b5ba236e213fffee81a1496f41b
n3-gaz-tiers-contre-exemple-001,cards/n3/04-gaz.yaml,"Un bloc de 12 L contient encore 100 bar après consommation de la moitié de sa pression initiale. Un retour à deux fourni exige 1 400 L à 1 bar, avant toute pression finale. Quelle conclusion donne le modèle ? Modèle : gaz parfait à température constante, 1 bar en surface et +1 bar par 10 m ; seul le gaz respiré est compté.",ACCEPT,pass,pass,pass,pass,pass,"Chaque calcul comporte modèle, phases et unités ; erreurs de pression, débit cumulé, réserve et volume du bloc plausibles ; progression vers budget complet conservée.",not-needed,3d3311dcb8813478eba0cdeffebf0773562aebff56fecc1a810a705c5828b3c9
n3-gaz-trajet-partage-001,cards/n3/04-gaz.yaml,"Deux plongeurs respirent sur un même stock, avec des débits de référence 30 et 40 L/min à 1 bar. Ils remontent linéairement de 50 à 6 m en 4,4 min, sans arrêt. Quel volume à 1 bar utilisent-ils pour ce seul trajet ? Modèle : gaz parfait à température constante, 1 bar en surface et +1 bar par 10 m ; seul le gaz respiré est compté.",ACCEPT,pass,pass,pass,pass,pass,"Chaque calcul comporte modèle, phases et unités ; erreurs de pression, débit cumulé, réserve et volume du bloc plausibles ; progression vers budget complet conservée.",not-needed,903f19be82099e3d65a923759ee73a84b1db59f72b8dd5240f9795255de6e698
n3-materiel-blocs-flottabilite-001,cards/n3/11-materiel.yaml,"En eau de masse volumique 1 kg/L, deux blocs fermés ont ces données à l’instant considéré : A, masse 18 kg et volume extérieur 16 L ; B, masse 20 kg et volume extérieur 19 L. Lequel a le poids apparent vers le bas le plus grand ?",ACCEPT,pass,pass,pass,pass,pass,Calcul de flottabilité et limite documentée EN250A distincts ; contexte constructeur précis et absence de généralisation.,not-needed,6408958a923b89dd57d8923dd8b79cee30498d24ffa01ce627fb2c085576e75e
n3-materiel-partage-profondeur-001,cards/n3/11-materiel.yaml,"Un ensemble SCUBAPRO conforme à la configuration de sa notice RevQ est marqué EN250A. Pour préparer un partage simultané à deux à 45 m, quel point de cette notice doit être pris en compte, même si chacun possède un embout distinct ?",ACCEPT,pass,pass,pass,pass,pass,Calcul de flottabilité et limite documentée EN250A distincts ; contexte constructeur précis et absence de généralisation.,not-needed,dd09f91f975b8235d5fbead775ea6e29c36e117c10adc56d7174057f75a75786
n3-milieu-anemone-contact-001,cards/n3/12-orientation-milieu.yaml,"Sur un site méditerranéen, quel mécanisme rend le contact avec les tentacules d’une anémone verte (Anemonia viridis) irritant ?",REVISE,pass,pass,pass,pass,pass,CREDIBILITY : retirer pointes rigides contredites par souples et morsure fantaisiste.,accepted-after-correction,b16c8f2a4bacf51c87880880af2d4f3af51859c0301cae45d55b8f2d64cd297c
n3-milieu-discretion-sonore-001,cards/n3/12-orientation-milieu.yaml,"Pour filmer un animal qui reste dans une cavité, quel choix respecte sa tranquillité tout en permettant l’observation ?",ACCEPT,pass,pass,pass,pass,pass,"Caps, dérive, relief et repli distingués ; reconnaissance biologique avec espèces proches ; pratiques environnementales contextualisées.",not-needed,94064bd315130fd680675bd9075e698d60a7861aa0105bf6226da735135399a1
n3-milieu-eclairage-001,cards/n3/12-orientation-milieu.yaml,"Pour observer une faune fixée à courte distance, quelle pratique d’éclairage limite le dérangement tout en permettant l’observation ?",ACCEPT,pass,pass,pass,pass,pass,"Caps, dérive, relief et repli distingués ; reconnaissance biologique avec espèces proches ; pratiques environnementales contextualisées.",not-needed,4af71c0be87c5749ee907f34007dfb8bc41dacf47d00986021cfaca9882cdd9e
n3-milieu-girelle-male-001,cards/n3/12-orientation-milieu.yaml,"En Méditerranée, un poisson élancé a le dos vert et une bande orange longitudinale en zigzag, avec une large tache noire sur le flanc. Quelle identification correspond à cette livrée ?",ACCEPT,pass,pass,pass,pass,pass,"Caps, dérive, relief et repli distingués ; reconnaissance biologique avec espèces proches ; pratiques environnementales contextualisées.",not-needed,f6b15671fb0144a45f9231069f13943057b7c34b4f966dc000f5a99bf348892b
n3-milieu-nourrissage-001,cards/n3/12-orientation-milieu.yaml,"Lors d’une plongée d’observation, quelle règle s’applique au nourrissage des poissons par les plongeurs ?",ACCEPT,pass,pass,pass,pass,pass,"Caps, dérive, relief et repli distingués ; reconnaissance biologique avec espèces proches ; pratiques environnementales contextualisées.",not-needed,35401d15801c66ad672b2e5f07b9ab8167830b9cdf5489ed2013006784a8090e
n3-milieu-posidonie-mouillage-001,cards/n3/12-orientation-milieu.yaml,Pourquoi le choix d’un mouillage hors d’un herbier de posidonie protège-t-il cet habitat méditerranéen ?,ACCEPT,pass,pass,pass,pass,pass,"Caps, dérive, relief et repli distingués ; reconnaissance biologique avec espèces proches ; pratiques environnementales contextualisées.",not-needed,3a95b4557466b316b389393631368851634b68fcbe27bd59fe000b5d27dd6c4a
n3-milieu-posidonie-nature-001,cards/n3/12-orientation-milieu.yaml,"En Méditerranée, qu’est-ce qui distingue biologiquement la posidonie d’une algue ?",ACCEPT,pass,pass,pass,pass,pass,"Caps, dérive, relief et repli distingués ; reconnaissance biologique avec espèces proches ; pratiques environnementales contextualisées.",not-needed,3f8d4a539fc3bee7bd362fc6d3b7848b0398403487fa8834c801286d830d7265
n3-milieu-sar-tete-noire-001,cards/n3/12-orientation-milieu.yaml,"En Méditerranée, un poisson argenté au corps ovale présente deux larges barres noires : l’une sur la nuque, l’autre à la base de la queue. Parmi ces sars, lequel correspond à ces caractères ?",ACCEPT,pass,pass,pass,pass,pass,"Caps, dérive, relief et repli distingués ; reconnaissance biologique avec espèces proches ; pratiques environnementales contextualisées.",not-needed,241eca44055a70d020ff4d39e75f6077ab8cf211796da5eea834b4a06f9a9ea4
n3-milieu-sediments-001,cards/n3/12-orientation-milieu.yaml,Un passage sur fond meuble est bas et la palanquée commence à soulever des sédiments. Quel ajustement réduit ce trouble sans prendre appui sur le fond ?,ACCEPT,pass,pass,pass,pass,pass,"Caps, dérive, relief et repli distingués ; reconnaissance biologique avec espèces proches ; pratiques environnementales contextualisées.",not-needed,2bc80603b43fc57622c1813557a632adb1fbb7947133bd862d2bdfd3f823a45b
n3-milieu-spirographe-001,cards/n3/12-orientation-milieu.yaml,Un animal fixé sort d’un long tube souple un panache spiralé qu’il rétracte rapidement à l’approche d’un plongeur. De quel groupe fait partie le spirographe ainsi observé ?,ACCEPT,pass,pass,pass,pass,pass,"Caps, dérive, relief et repli distingués ; reconnaissance biologique avec espèces proches ; pratiques environnementales contextualisées.",not-needed,0077e4f5b47be966955a9dd84a81dafe12284315b617c1166d9f447f35d19fc5
n3-modeles-acclimatation-001,cards/n3/05-modeles.yaml,Que désigne l’acclimatation à la désaturation étudiée lors d’expositions répétées à la plongée ?,ACCEPT,pass,pass,pass,pass,pass,"Modèles explicitement fictifs ou nommés ; demi-temps, gradient, limite et compartiment distingués, sans assimilation à un organe ou risque personnel.",not-needed,1693b1f19abe8cefeec989d96835816e7f0a3bdaa62d5d1053030275031c48bf
n3-modeles-buhlmann-zhl-gf-001,cards/n3/05-modeles.yaml,Comment lire l’expression « Bühlmann ZHL-16C + GF » ?,ACCEPT,pass,pass,pass,pass,pass,"Modèles explicitement fictifs ou nommés ; demi-temps, gradient, limite et compartiment distingués, sans assimilation à un organe ou risque personnel.",not-needed,53ddc6f24a54d0d5c2cb27c3b123944f36e93c149e0525bdc64bb289de7bb67d
n3-modeles-charge-une-periode-001,cards/n3/05-modeles.yaml,"Un compartiment fictif passe vers un équilibre maintenu à 4 bar de gaz inerte, depuis 2 bar. Quelle pression de gaz inerte a-t-il après une période ?",ACCEPT,pass,pass,pass,pass,pass,"Modèles explicitement fictifs ou nommés ; demi-temps, gradient, limite et compartiment distingués, sans assimilation à un organe ou risque personnel.",not-needed,aa5bacbaafab9607647ff57ef489cef9430f335597512fb5a28706693d801d91
n3-modeles-compartiment-001,cards/n3/05-modeles.yaml,"Dans un modèle de désaturation à compartiments, que représente un compartiment ?",ACCEPT,pass,pass,pass,pass,pass,"Modèles explicitement fictifs ou nommés ; demi-temps, gradient, limite et compartiment distingués, sans assimilation à un organe ou risque personnel.",not-needed,811b2ad721cc1c6cec78b27a7eb929b3fc2341acc1dce185854f2445cf5678ca
n3-modeles-compartiment-limitant-001,cards/n3/05-modeles.yaml,"Dans un exemple abstrait, le compartiment A exige une pression ambiante d’au moins 1,6 bar ; B exige au moins 1,9 bar. Lequel fixe le plafond de remontée le plus profond ?",REVISE,pass,pass,pass,pass,pass,CREDIBILITY : remplacer le leurre palanquée hors sujet par une confusion de calcul.,accepted-after-correction,778d2571f5a9bb5e14b560b4022d2380b2d2133cb48883d5c119321714cea113
n3-modeles-decharge-deux-periodes-001,cards/n3/05-modeles.yaml,"Un compartiment fictif contient initialement 3 bar de gaz inerte. Son nouvel équilibre reste à 1 bar. Après deux périodes, quelle pression contient-il ?",ACCEPT,pass,pass,pass,pass,pass,"Modèles explicitement fictifs ou nommés ; demi-temps, gradient, limite et compartiment distingués, sans assimilation à un organe ou risque personnel.",not-needed,390311dc6e92f7bd06d8ded7b49e000bb03d7f5098870c650152d114477718ee
n3-modeles-droite-limite-001,cards/n3/05-modeles.yaml,"Dans un modèle fictif, la droite limite est M = 1 + 0,8 × Pamb, avec les deux pressions en bar absolus. À Pamb = 2 bar, un compartiment contient 2,8 bar de gaz inerte. Où se situe-t-il par rapport à cette limite ?",ACCEPT,pass,pass,pass,pass,pass,"Modèles explicitement fictifs ou nommés ; demi-temps, gradient, limite et compartiment distingués, sans assimilation à un organe ou risque personnel.",not-needed,0f64fab612de98d4e9168a7f114c25ab3e0eccc8f8e2e3b9669f253837512e84
n3-modeles-etats-001,cards/n3/05-modeles.yaml,"À un instant donné, l’équilibre avec le gaz inspiré vaut 2 bar de gaz inerte. Les compartiments A, B, C contiennent respectivement 1,5, 2 et 2,5 bar. Quel classement est correct ?",ACCEPT,pass,pass,pass,pass,pass,"Modèles explicitement fictifs ou nommés ; demi-temps, gradient, limite et compartiment distingués, sans assimilation à un organe ou risque personnel.",not-needed,fdc9a1aefd19ca92f548f1e4812005f46ba92c800f794bae629d2e92b8ec1c0a
n3-modeles-gf-bas-haut-001,cards/n3/05-modeles.yaml,"Dans l’implémentation Bühlmann GF du Peregrine, quels rôles ont GF bas et GF haut ?",ACCEPT,pass,pass,pass,pass,pass,"Modèles explicitement fictifs ou nommés ; demi-temps, gradient, limite et compartiment distingués, sans assimilation à un organe ou risque personnel.",not-needed,32f44ebd351fd34e32071e48ff49be5df2e03b1f4e75d638501964c0f313efd0
n3-modeles-gf-calcul-001,cards/n3/05-modeles.yaml,"Dans une illustration mathématique, Pamb = 1,6 bar et M = 2,4 bar. Avec GF = 85 %, quelle limite obtient-on par Pamb + GF × (M − Pamb) ?",ACCEPT,pass,pass,pass,pass,pass,"Modèles explicitement fictifs ou nommés ; demi-temps, gradient, limite et compartiment distingués, sans assimilation à un organe ou risque personnel.",not-needed,a4a86fa42150d532c82ba9035e569af5a0b8c59819ec8398e9a64772ccfd877c
n3-modeles-m-value-001,cards/n3/05-modeles.yaml,Que représente une M-value à une pression ambiante donnée dans un modèle de décompression à gaz dissous ?,ACCEPT,pass,pass,pass,pass,pass,"Modèles explicitement fictifs ou nommés ; demi-temps, gradient, limite et compartiment distingués, sans assimilation à un organe ou risque personnel.",not-needed,3529beda7dc735e20be996e5836f7e8bc2fa63e1f25d651ed1b82b9f0ee98576
n3-modeles-periode-001,cards/n3/05-modeles.yaml,"À pression de gaz inspiré constante, que signifie la période d’un compartiment dans un modèle exponentiel ?",ACCEPT,pass,pass,pass,pass,pass,"Modèles explicitement fictifs ou nommés ; demi-temps, gradient, limite et compartiment distingués, sans assimilation à un organe ou risque personnel.",not-needed,96193337d7cc4b08d540926842b4a1db2c699e2bdc42691a172366bb73b5e9de
n3-modeles-profil-inverse-001,cards/n3/05-modeles.yaml,"Deux plongées sont prévues dans la journée : la première atteint 20 m, la seconde 35 m. Quelle caractéristique en fait une succession de plongées à profil inversé ?",ACCEPT,pass,pass,pass,pass,pass,"Modèles explicitement fictifs ou nommés ; demi-temps, gradient, limite et compartiment distingués, sans assimilation à un organe ou risque personnel.",not-needed,b0110d0da82e77da626dd575e7dda2c2e359c9ea199927e568be1aaa0223576c
n3-modeles-rapide-lent-001,cards/n3/05-modeles.yaml,"Deux compartiments commencent à 1 bar et tendent vers 3 bar de gaz inerte. Leurs périodes sont 5 min et 20 min. Après 5 min dans ces conditions constantes, lequel a comblé la plus grande fraction de son écart initial ?",ACCEPT,pass,pass,pass,pass,pass,"Modèles explicitement fictifs ou nommés ; demi-temps, gradient, limite et compartiment distingués, sans assimilation à un organe ou risque personnel.",not-needed,30b3578204d064e169a7008298c83172a14e83c0e5e642f2e2d133eaf077f1d2
n3-modeles-rgbm-001,cards/n3/05-modeles.yaml,Quel ajout la documentation du Suunto Zoop Novo attribue-t-elle à son RGBM par rapport à un modèle classique ne suivant que le gaz dissous ?,ACCEPT,pass,pass,pass,pass,pass,"Modèles explicitement fictifs ou nommés ; demi-temps, gradient, limite et compartiment distingués, sans assimilation à un organe ou risque personnel.",not-needed,567fae1d6866f53f809e93deefe6b63ff32d680051c5ad433b0ad5ac2662e03f
n3-modeles-successives-001,cards/n3/05-modeles.yaml,"Après une première plongée, quelle différence décrit la prise en compte de l’azote résiduel par les MN90 et par un ordinateur personnel qui a suivi toutes les plongées ?",ACCEPT,pass,pass,pass,pass,pass,"Modèles explicitement fictifs ou nommés ; demi-temps, gradient, limite et compartiment distingués, sans assimilation à un organe ou risque personnel.",not-needed,f748e5cd4982ee62d2c4b24c7ce1b7e535769f918f6ef64f6075bbc504614c35
n3-ordinateur-arret-ceil-001,cards/n3/06-ordinateurs.yaml,"Un affichage Peregrine simulé indique profondeur 8 m, DECO STOP 6 m / 2 min et CEIL 4,7 m. À quelle profondeur vise-t-on l’arrêt demandé par DECO STOP ?",ACCEPT,pass,pass,pass,pass,pass,"Lectures et modes Peregrine nommés ; plafond, arrêt, TTS et prévision @+5 distingués ; moyens personnels de secours contextualisés.",not-needed,a87aaee94ea7fd7908f1f8fe781b20d07a37e307ec9a3054d8d03958f6c573c9
n3-ordinateur-gaz-absent-001,cards/n3/06-ordinateurs.yaml,"Avant une plongée uniquement à l’air, un Peregrine en mode Nitrox 3 gaz a de l’air actif et du 50 % activé, mais aucun bloc à 50 % ne sera emporté. Quel réglage fausse le retour calculé ?",ACCEPT,pass,pass,pass,pass,pass,"Lectures et modes Peregrine nommés ; plafond, arrêt, TTS et prévision @+5 distingués ; moyens personnels de secours contextualisés.",not-needed,395ba5663fd4386c989649f5b3f7042cc3a318060f0ececf4fd22ab0a8f45140
n3-ordinateur-gf-cohabitation-001,cards/n3/06-ordinateurs.yaml,Deux équipiers ont des réglages GF différents sur des ordinateurs qui ont chacun suivi leurs plongées. Quelle information détermine leurs arrêts communs pendant la remontée ?,ACCEPT,pass,pass,pass,pass,pass,"Lectures et modes Peregrine nommés ; plafond, arrêt, TTS et prévision @+5 distingués ; moyens personnels de secours contextualisés.",not-needed,3abe40b1c79e4991fabb9653f8e530e8dee67f03baf652fa97a6c5254f9a08c8
n3-ordinateur-paliers-communs-001,cards/n3/06-ordinateurs.yaml,"À 6 m, deux équipiers à l’air ont un arrêt obligatoire au même niveau : A affiche encore 2 min, B 5 min. Gaz disponible pour respecter les deux, aucun autre problème. Quel critère autorise ensuite leur remontée ensemble ?",ACCEPT,pass,pass,pass,pass,pass,"Lectures et modes Peregrine nommés ; plafond, arrêt, TTS et prévision @+5 distingués ; moyens personnels de secours contextualisés.",not-needed,57f124bdb2e8b9d9582a10e430157ad8038987a4917291e6602a914dcbd7b143
n3-ordinateur-panne-briefing-001,cards/n3/06-ordinateurs.yaml,"Au briefing d’une plongée avec paliers possibles, quel dispositif de secours permet de conserver un suivi personnel si l’ordinateur principal tombe en panne ?",REVISE,pass,pass,pass,pass,pass,LENGTH : équilibrer les trois configurations proposées.,accepted-after-correction,9fec6e3a72a30eaa7efa3cc8515b406f52ff4ad988bea9d0d4f52861c100b227
n3-ordinateur-planificateur-residuel-001,cards/n3/06-ordinateurs.yaml,"Un Peregrine ayant suivi la plongée du matin est consulté après l’intervalle de surface. Son planificateur de décompression, en mode Nitrox 3 gaz avec seul l’air activé, prépare la plongée de l’après-midi. Quelle charge prend-il en compte ?",ACCEPT,pass,pass,pass,pass,pass,"Lectures et modes Peregrine nommés ; plafond, arrêt, TTS et prévision @+5 distingués ; moyens personnels de secours contextualisés.",not-needed,f051af0c963359ede3745a51ff00a52c32631ecdfb162d74f26cdcf408cf2dab
n3-ordinateur-profondimetre-001,cards/n3/06-ordinateurs.yaml,Un Peregrine est utilisé en mode Profondimètre pendant une plongée. Que manque-t-il dans ce mode pour gérer la désaturation ?,ACCEPT,pass,pass,pass,pass,pass,"Lectures et modes Peregrine nommés ; plafond, arrêt, TTS et prévision @+5 distingués ; moyens personnels de secours contextualisés.",not-needed,38719c62951641e8647aaa2383bcf59c450fb34285b43242e0352bffab678eca
n3-ordinateur-tts-arret-001,cards/n3/06-ordinateurs.yaml,Un Peregrine simulé affiche DECO STOP 6 m / 2 min et TTS 9 min. Que représentent les 9 min ?,ACCEPT,pass,pass,pass,pass,pass,"Lectures et modes Peregrine nommés ; plafond, arrêt, TTS et prévision @+5 distingués ; moyens personnels de secours contextualisés.",not-needed,393a4a769f937233cfd684fba362aa18edf0969477eaa93c8a69faeeb8bebeec
n3-ordinateur-tts-variation-001,cards/n3/06-ordinateurs.yaml,"Sur un Peregrine, TTS vaut 12 min et @+5 vaut 18 min. À hypothèses de remontée inchangées, que prédit @+5 ?",ACCEPT,pass,pass,pass,pass,pass,"Lectures et modes Peregrine nommés ; plafond, arrêt, TTS et prévision @+5 distingués ; moyens personnels de secours contextualisés.",not-needed,bbf4207dc4fde7397c5eff68c8c81e23f342584cdc67d2cd1864974fad6f0fa9
n3-organisation-contact-terre-001,cards/n3/02-organisation.yaml,"Pour une sortie du bord, un proche doit déclencher une alerte si le groupe n’est pas rentré. Quelle information rend le dispositif utilisable ?",ACCEPT,pass,pass,pass,pass,pass,"Météo, horaire, repli et récupération couvrent des contraintes différentes ; scénarios de budget explicitement simplifiés.",not-needed,89c4ac1669f500c46cc062786ee6ee12bb6f2a72c83700e534ebd85adb2d179e
n3-organisation-equipements-distincts-001,cards/n3/02-organisation.yaml,"Un bateau de plaisance est conforme pour sa navigation, mais aucun contrôle du matériel de secours propre à la plongée n’a été fait. Quelle conclusion est correcte avant la sortie du club ?",ACCEPT,pass,pass,pass,pass,pass,"Météo, horaire, repli et récupération couvrent des contraintes différentes ; scénarios de budget explicitement simplifiés.",not-needed,f030d7a4c625a16046f31866b12a36897af0232c22cf40345a89c86b000c136e
n3-organisation-exploitant-001,cards/n3/01-prerogatives.yaml,Un établissement autorise trois titulaires majeurs de brevets justifiant PA60 à plonger sans DP jusqu’à 40 m. Quelle démarche préalable reste exigée auprès de l’exploitant ?,ACCEPT,pass,pass,pass,pass,pass,"Cadres établissement, âge et qualifications explicites ; certifications, fonctions et responsabilités clairement séparées.",not-needed,39e57159136efa08d70f4685085d3750f217230a6478a0f7f298202918d2adf4
n3-organisation-fenetre-courant-001,cards/n3/02-organisation.yaml,"Une fiche locale donne un courant inférieur à 0,5 nœud de 10 h 20 à 10 h 50. Le plan impose que toute l’immersion dure 25 min et se déroule dans cette fenêtre. Parmi ces horaires de départ, lequel convient ?",ACCEPT,pass,pass,pass,pass,pass,"Météo, horaire, repli et récupération couvrent des contraintes différentes ; scénarios de budget explicitement simplifiés.",not-needed,4a17228463441e697dc0476a5f619c5a0bfc6fbd9ebc228397cfb8576b40eaef
n3-organisation-recuperation-001,cards/n3/02-organisation.yaml,Une sortie sans DP est préparée depuis un bateau. Quelle coordination entre pilote et plongeurs prépare le mieux la récupération d’une palanquée remontant loin du mouillage ?,REVISE,pass,pass,pass,pass,pass,"ISOLATION/CREDIBILITY : le problème de recherche donnait la réponse, les leurres concernaient des paramètres déjà fixés.",accepted-after-correction,3fcd30781d444d6ecee73a3f6c15207e388615e531d7e44de2fc04b75b1c9b6f
n3-organisation-regles-locales-001,cards/n3/12-orientation-milieu.yaml,Une carte nautique montre un site adapté au profil ; le secteur appartient aussi à une aire protégée. Quel complément faut-il vérifier avant de choisir le mouillage ?,ACCEPT,pass,pass,pass,pass,pass,"Caps, dérive, relief et repli distingués ; reconnaissance biologique avec espèces proches ; pratiques environnementales contextualisées.",not-needed,b4025894f33eaaaecd491f8e37cf24a47e51d174c5fc775c8fa4394fc12928f6
n3-organisation-rotation-001,cards/n3/02-organisation.yaml,"Quatre N3 et un pilote non plongeur disposent d’un bateau. Le plan prévoit deux palanquées de deux, mais le pilote a besoin d’une seconde personne à bord pour récupérer les plongeurs. Quelle rotation assure cette organisation ?",REVISE,pass,pass,pass,pass,pass,CREDIBILITY : retirer le leurre absurde des deux plongeurs immergés sous le bateau.,accepted-after-correction,bf99ebd23b57616016b3cc2f7ecc9398f748547232a03e5bbae182ac70a2d1db
n3-organisation-sortie-repli-001,cards/n3/02-organisation.yaml,"Dans un exercice de retour du bord, le courant rend l’accès A inaccessible. Le repli B demande 6 min, C 10 min ; même profondeur et mêmes conditions. Le budget disponible après la marge de retour permet encore 8 min de déplacement. Quel repli est compatible avec ce budget ?",ACCEPT,pass,pass,pass,pass,pass,"Météo, horaire, repli et récupération couvrent des contraintes différentes ; scénarios de budget explicitement simplifiés.",not-needed,b2722da430f24330ec38bdb9376d549b578b28e5d3696b24f95b95cc90f3934b
n3-organisation-surface-limitante-001,cards/n3/02-organisation.yaml,"Le fond d’un site est abrité, mais les vagues devraient se renforcer pendant l’immersion. Quel état de mer faut-il confronter à la limite de récupération du bateau pour décider du départ ?",REVISE,pass,pass,pass,pass,pass,ISOLATION : le recto annonçait explicitement le dépassement à reconnaître.,accepted-after-correction,5ff158928412a2390e6cc56422d969994649b2320e7cc6e5f8a6020b0ec85cdc
n3-organisation-vent-houle-001,cards/n3/02-organisation.yaml,"Le vent local tombe, mais un bulletin annonce encore une houle d’ouest. Pourquoi la mise à l’eau exposée à l’ouest peut-elle rester difficile ?",ACCEPT,pass,pass,pass,pass,pass,"Météo, horaire, repli et récupération couvrent des contraintes différentes ; scénarios de budget explicitement simplifiés.",not-needed,6cd8a9c13bc181899b289b57f08b629bc9f8977be37c61a8ce2a1238a46c214c
n3-organisation-vent-site-001,cards/n3/02-organisation.yaml,"Un vent d’ouest est prévu. Le site A a sa mise à l’eau ouverte à l’ouest ; le site B est protégé à l’ouest par un relief continu. Houle, courant, profondeur et accès sont par ailleurs équivalents et favorables. Quel site est le moins exposé à ce vent ?",ACCEPT,pass,pass,pass,pass,pass,"Météo, horaire, repli et récupération couvrent des contraintes différentes ; scénarios de budget explicitement simplifiés.",not-needed,e6accb2cdf051cffd9b33a1e17d7148d4feb7c092cfecb59d0809e066b2e5051
n3-orientation-courant-trajectoire-001,cards/n3/12-orientation-milieu.yaml,"Dans un exercice vu du dessus, un plongeur suit un cap 000° avec 20 m de déplacement vers le nord par rapport à l’eau. Le courant le déplace de 10 m vers l’est par rapport au fond. Où se trouve-t-il par rapport au départ ?

<svg xmlns=""http://www.w3.org/2000/svg"" viewBox=""0 0 340 230"" role=""img"" aria-label=""Vue du dessus : déplacement dans l’eau vers le nord et courant vers l’est"" style=""max-width:340px;width:100%;background:#fff""><g fill=""none"" stroke=""#243b53"" stroke-width=""3""><path d=""M65 185 L65 55 M65 55 L59 67 M65 55 L71 67""/><path d=""M130 150 L250 150 M250 150 L238 144 M250 150 L238 156""/></g><g fill=""#243b53"" font-family=""sans-serif"" font-size=""16""><text x=""55"" y=""32"">N</text><text x=""275"" y=""157"">E</text><text x=""85"" y=""82"">20 m dans l’eau</text><text x=""140"" y=""190"">Courant : 10 m</text><text x=""25"" y=""215"">Départ</text></g><circle cx=""65"" cy=""185"" r=""5"" fill=""#243b53""/></svg>",ACCEPT,pass,pass,pass,pass,pass,"Caps, dérive, relief et repli distingués ; reconnaissance biologique avec espèces proches ; pratiques environnementales contextualisées.",not-needed,80d7932afd6418e08be02ab50a9a9ec29c613c47ad96bb7a0241c3c07ddfc1e9
n3-orientation-perte-limite-gaz-001,cards/n3/12-orientation-milieu.yaml,"Une palanquée perd ses repères. Le gaz permet encore le retour de repli convenu, mais pas une recherche de 10 min suivie de ce même retour. Quel choix respecte le budget préparé ?",ACCEPT,pass,pass,pass,pass,pass,"Caps, dérive, relief et repli distingués ; reconnaissance biologique avec espèces proches ; pratiques environnementales contextualisées.",not-needed,f8b2fdb73216b7d14c72c44f4441e528ed323ef747a1b58593ad76f63fd3eb96
n3-orientation-relief-sortie-001,cards/n3/12-orientation-milieu.yaml,"Pour retrouver une sortie du bord, une palanquée suit un relief qui monte de 20 à 8 m. Un relevé indique qu’il redescend ensuite à 20 m de tous côtés. Que permet de conclure ce relief ?",REVISE,pass,pass,pass,pass,pass,ISOLATION : le recto indiquait littéralement quel relief rejoint la côte. Seconde critique : Retirer les références A et B devenues obsolètes au verso.,accepted-after-correction,e0b2168a8ff13361bda4b68f34fb4319ca6edb9a961777506773dbb6fee6adbd
n3-orientation-reperes-compas-001,cards/n3/12-orientation-milieu.yaml,Le retour prévu suit une paroi au cap 270°. La visibilité baisse ; un équipier suit une autre paroi au cap 090° en pensant avoir retrouvé la bonne. Quel contrôle met en évidence cette erreur de route ?,ACCEPT,pass,pass,pass,pass,pass,"Caps, dérive, relief et repli distingués ; reconnaissance biologique avec espèces proches ; pratiques environnementales contextualisées.",not-needed,d657db14c3391f0280f9f97012d596be4cd5cfca334686b35e0fda1a79f6310f
n3-orientation-retour-deux-branches-001,cards/n3/12-orientation-milieu.yaml,"Sans courant, une palanquée contourne un obstacle : 40 m au cap 090°, puis 30 m au cap 000°. Elle revient exactement par les mêmes deux segments en sens inverse. Quels caps suit-elle, dans l’ordre du retour ?",ACCEPT,pass,pass,pass,pass,pass,"Caps, dérive, relief et repli distingués ; reconnaissance biologique avec espèces proches ; pratiques environnementales contextualisées.",not-needed,d9dec595438dad170003d390e08124941f55d8495e697f351c91bd30f5144515
n3-orientation-tour-horizon-trois-metres-001,cards/n3/12-orientation-milieu.yaml,"La palanquée termine sa remontée, sans palier obligatoire restant. Pour contrôler les dangers de surface avant l’émersion, à quelle profondeur effectue-t-elle l’arrêt et le tour d’horizon de sécurité enseignés ?",ACCEPT,pass,pass,pass,pass,pass,"Caps, dérive, relief et repli distingués ; reconnaissance biologique avec espèces proches ; pratiques environnementales contextualisées.",not-needed,4f89fecd9f19275df66adca6e3f86eedc3819fcf51f061fea0189e0165975ab3
n3-orientation-trafic-surface-001,cards/n3/12-orientation-milieu.yaml,Le plan de récupération prévoyait une remontée au mouillage ; une dérive impose des paliers en pleine eau près d’un passage de bateaux. Quelle adaptation signale la palanquée au pilote et aux usagers avant l’émersion ?,ACCEPT,pass,pass,pass,pass,pass,"Caps, dérive, relief et repli distingués ; reconnaissance biologique avec espèces proches ; pratiques environnementales contextualisées.",not-needed,71b2cb8019ee3a410b13c0d1b744a6957a669dbaff2233666ecf621d3823fac2
n3-planification-arret-obligatoire-001,cards/n3/03-planification.yaml,"Avant immersion, le budget de gaz s’avère insuffisant pour un profil prévoyant 4 min de trajets, 6 min de décompression obligatoire et 3 min de sécurité facultative. Quelle modification des arrêts peut être étudiée en conservant les obligations de ce profil ?",REVISE,pass,pass,pass,pass,pass,ISOLATION : demander quelle partie obligatoire ne peut être retirée donnait la clé.,accepted-after-correction,585b6e4a2b82199839d0a0a1fba010173a40d68518d262c7970abba52f34099f
n3-planification-communication-palier-001,cards/n3/03-planification.yaml,"Pendant la remontée, l’ordinateur d’un équipier ajoute un arrêt obligatoire plus profond. Quelle information doit-il faire comprendre aux autres pour adapter ensemble le retour ?",REVISE,pass,pass,pass,pass,pass,CREDIBILITY : choix parallèles sans uniquement ni omission explicitement annoncée.,accepted-after-correction,1c14314e71b8a3016dc88a16ae08c50715ea37b1aed5ca02e07c0a7db371cd35
n3-planification-dtr-collective-001,cards/n3/03-planification.yaml,"Au briefing, A propose une limite de DTR de 12 min, B de 8 min. Les deux budgets de gaz ont été vérifiés pour leurs profils respectifs et le retour collectif. Quelle limite commune de DTR respecte ces deux contraintes ?",ACCEPT,pass,pass,pass,pass,pass,"Budgets de retour, contraintes communes et changement de profil distingués ; calculs de coût et de temps relus.",not-needed,9af8546c49a406ed22dd4ceec2651d14c94a4e332cd38f6b6aa02bb84762c0d8
n3-planification-limite-effective-001,cards/n3/03-planification.yaml,Deux N3 majeurs plongent avec DP. Le DP fixe 45 m ; le site choisi se termine à 38 m ; leur budget de gaz a été calculé pour 38 m. Quelle profondeur maximale est cohérente avec cette préparation ?,ACCEPT,pass,pass,pass,pass,pass,"Budgets de retour, contraintes communes et changement de profil distingués ; calculs de coût et de temps relus.",not-needed,d025c83bba66089ed3983a48e302dcdea5e60508b09eae758a1ed0b248b5a1e9
n3-planification-palier-ajoute-001,cards/n3/03-planification.yaml,"Un budget fictif laisse 400 L à 1 bar pour poursuivre à 40 m, débit de référence 20 L/min. Un arrêt supplémentaire imposé de 3 min à 6 m doit être ajouté au retour individuel. Combien de temps de fond reste-t-il après ce recalcul ? Modèle : gaz parfait à température constante, 1 bar en surface et +1 bar par 10 m ; seul le gaz respiré est compté.",ACCEPT,pass,pass,pass,pass,pass,"Budgets de retour, contraintes communes et changement de profil distingués ; calculs de coût et de temps relus.",not-needed,2dac96e216080426ad865e8c2d264f51d478f490a90d0de959e0de159829b713
n3-planification-redescente-001,cards/n3/03-planification.yaml,"En fin de plongée, après avoir quitté 45 m, un équipier propose de redescendre chercher une ancre à 40 m. Le plan de retour n’a prévu ni ce détour ni une nouvelle exposition profonde. Quelle vérification manque avant toute décision ?",REVISE,pass,pass,pass,pass,pass,"CREDIBILITY : supprimer seule, qui signalait des vérifications incomplètes.",accepted-after-correction,5183d7105d6b5bedb22af921411146e1917d159c612710f80a7bda07fbce642c
n3-planification-reprise-001,cards/n3/03-planification.yaml,Un N3 revient après plusieurs années sans plonger et propose d’emblée 55 m avec DP. Quel élément du briefing doit influer sur le choix du profil malgré la validité du brevet ?,ACCEPT,pass,pass,pass,pass,pass,"Budgets de retour, contraintes communes et changement de profil distingués ; calculs de coût et de temps relus.",not-needed,d429e2f711efb3803f5d6d7b70335b5c8a4adf8af6b35b5f1779c7b11f97027b
n3-planification-seuil-retour-001,cards/n3/03-planification.yaml,Le plan d’un exercice estime le retour à 70 bar dans le bloc limitant et impose 20 bar à l’arrivée. Une marge de déclenchement de 10 bar est ajoutée avant le retour. À quelle pression doit-on commencer ce retour ?,ACCEPT,pass,pass,pass,pass,pass,"Budgets de retour, contraintes communes et changement de profil distingués ; calculs de coût et de temps relus.",not-needed,315c460ebabe1036cdab81a0c4df1ae2a69b4583bce75168be86a4333910cc5d
n3-planification-sortie-modifiee-001,cards/n3/03-planification.yaml,"Un changement de sortie ajoute 2 min à 20 m et un arrêt fourni de 4 min à 3 m. Débit de référence 20 L/min à 1 bar. Quel gaz supplémentaire à 1 bar doit être budgété, hors autres transitions ? Modèle : gaz parfait à température constante, 1 bar en surface et +1 bar par 10 m ; seul le gaz respiré est compté.",ACCEPT,pass,pass,pass,pass,pass,"Budgets de retour, contraintes communes et changement de profil distingués ; calculs de coût et de temps relus.",not-needed,771064523080c85fd041a55c48766e802245ab26c45d39160bc127f09f4b77a4
n3-planification-trajet-ralenti-001,cards/n3/03-planification.yaml,"Une remontée linéaire 40 → 20 m devait durer 2 min ; elle dure 4 min. Débit de référence individuel 20 L/min à 1 bar. Quel gaz supplémentaire ramené à 1 bar représente ce ralentissement, sans autres phases ? Modèle : gaz parfait à température constante, 1 bar en surface et +1 bar par 10 m ; seul le gaz respiré est compté.",ACCEPT,pass,pass,pass,pass,pass,"Budgets de retour, contraintes communes et changement de profil distingués ; calculs de coût et de temps relus.",not-needed,f089e5853b113e63710e5ca8995d3f4f69bf1e77e847809ce1614c412412d52d
n3-prerogatives-age-001,cards/n3/01-prerogatives.yaml,Un plongeur obtient le N3 FFESSM à 17 ans. Que change son dix-huitième anniversaire pour ses prérogatives d’autonomie ?,ACCEPT,pass,pass,pass,pass,pass,"Cadres établissement, âge et qualifications explicites ; certifications, fonctions et responsabilités clairement séparées.",not-needed,246f278ccd18056e877806da217364fc8dc3d4d7222b2bce09893cc9f65a160f
n3-prerogatives-aptitude-limitante-001,cards/n3/01-prerogatives.yaml,"Avec DP, à l’air en établissement, un N3 majeur et un PA40 majeur veulent explorer ensemble à 50 m en autonomie. Quelle profondeur maximale autorise leur composition, avant toute consigne plus restrictive du DP ?",ACCEPT,pass,pass,pass,pass,pass,"Cadres établissement, âge et qualifications explicites ; certifications, fonctions et responsabilités clairement séparées.",not-needed,6dadaa6c2108bfc89bf446a0754aa5674c52a4e89a0e8c818200dbb27467e988
n3-prerogatives-dp-001,cards/n3/01-prerogatives.yaml,"En établissement en France, à l’air, quelles profondeurs maximales d’autonomie correspondent à un N3 majeur, avec puis sans directeur de plongée (DP), toutes les autres conditions remplies ?",ACCEPT,pass,pass,pass,pass,pass,"Cadres établissement, âge et qualifications explicites ; certifications, fonctions et responsabilités clairement séparées.",not-needed,b1516e73bdd7efc733e2d0d4ced9386075a121cf910354135faab38b11b8ca4e
n3-prerogatives-effectif-001,cards/n3/01-prerogatives.yaml,"En établissement en France, avec DP, à l’air et à 55 m, quelle plage complète d’effectifs et quelles aptitudes sont autorisées pour une palanquée d’exploration autonome ?",ACCEPT,pass,pass,pass,pass,pass,"Cadres établissement, âge et qualifications explicites ; certifications, fonctions et responsabilités clairement séparées.",not-needed,0757ceb8a735576275a16bfe8c8b600c5b699fd7526a6f6ef9596407572e9fde
n3-prerogatives-fonctions-001,cards/n3/01-prerogatives.yaml,"Trois N3 majeurs organisent leur exploration sans DP, dans les conditions autorisées par leur club. Lequel devient automatiquement DP des autres palanquées du club ?",ACCEPT,pass,pass,pass,pass,pass,"Cadres établissement, âge et qualifications explicites ; certifications, fonctions et responsabilités clairement séparées.",not-needed,1ae62173b69dacdbb68d49964dc886e38c7ddca99180dbd2b6ee7d5614fa9491
n3-prerogatives-guide-001,cards/n3/01-prerogatives.yaml,"En France, la carte FFESSM N3/CMAS 3 étoiles donne-t-elle à elle seule la fonction de guide de palanquée en exploration ?",ACCEPT,pass,pass,pass,pass,pass,"Cadres établissement, âge et qualifications explicites ; certifications, fonctions et responsabilités clairement séparées.",not-needed,5f0bd11a58c85ab1f048b6dedadc0916e724ad085f19689006198d008cbceacf
n3-prerogatives-mineur-001,cards/n3/01-prerogatives.yaml,"Dans un club FFESSM, un N3 de 17 ans souhaite plonger à l’air en autonomie jusqu’à 40 m avec deux majeurs. Quelle condition spécifique au mineur complète la décision favorable du DP ?",ACCEPT,pass,pass,pass,pass,pass,"Cadres établissement, âge et qualifications explicites ; certifications, fonctions et responsabilités clairement séparées.",not-needed,68ab9b53f9741b255d7829eb798a241213942f9784b399b4d8bac3192c1c6e32
n3-prerogatives-qualifications-001,cards/n3/01-prerogatives.yaml,"Un adulte possède les qualifications PA40 et PE60, sans brevet N3. Avec un DP, que permettent ces deux qualifications à l’air ?",ACCEPT,pass,pass,pass,pass,pass,"Cadres établissement, âge et qualifications explicites ; certifications, fonctions et responsabilités clairement séparées.",not-needed,af7abeee2c1189a9a6aea74f6cab68464503b365ba25423e4e04420fe48e5143
n3-responsabilites-civile-penale-001,cards/n3/01-prerogatives.yaml,Quelle distinction décrit la responsabilité civile et la responsabilité pénale après un incident de plongée ?,ACCEPT,pass,pass,pass,pass,pass,"Cadres établissement, âge et qualifications explicites ; certifications, fonctions et responsabilités clairement séparées.",not-needed,23a1e26d0231d2bf3a5fec737bd15aa2fc95b8ae361bc2bfe739ce65927ec972
n3-risques-contraintes-cumulees-001,cards/n3/08-risques.yaml,"Au fond, le courant augmente, un équipier commence à frissonner et sa consommation dépasse le budget. Quelle modification du plan répond simultanément à ces trois changements ?",ACCEPT,pass,pass,pass,pass,pass,"Mécanismes respiratoires et toxicité distingués ; symptômes OPI non diagnostiques, prise en charge cohérente avec le bilan.",not-needed,33b907d2e68ba234374d8fbbf15bf09a263b703846176e0f2be8bf8a2f07e07f
n3-risques-densite-partielle-001,cards/n3/08-risques.yaml,"À température constante, de quel facteur la masse volumique de l’air est-elle multipliée entre 20 et 60 m ? Assimiler l’air à un gaz parfait de composition constante ; prendre 1 bar en surface et +1 bar par 10 m.",REVISE,pass,pass,pass,pass,pass,Pertinence : simple répétition du mécanisme N2 ; appliquer la densité à une comparaison à 60 m. Seconde critique : Un simple changement de profondeur répétait encore le N2 ; ajouter un calcul de densité pour appliquer la loi.,accepted-after-correction,0a7bc76ad35cb54bf926a8342011e69b57eb30c232c21f5ec625d1b6c94da06d
n3-risques-dyspnee-persistante-001,cards/n3/08-risques.yaml,"Après l’arrêt de l’effort, un plongeur reste anormalement gêné pour respirer et tousse ; son gaz semble disponible. Quelle conclusion guide l’action ?",ACCEPT,pass,pass,pass,pass,pass,"Mécanismes respiratoires et toxicité distingués ; symptômes OPI non diagnostiques, prise en charge cohérente avec le bilan.",not-needed,139f365e9ac96421cb727dc981fd4f4e502d839d649669c12e1492a0319300ed
n3-risques-hyperoxie-cerveau-001,cards/n3/08-risques.yaml,Quel événement caractérise le risque aigu de toxicité de l’oxygène sur le système nerveux central lors d’une exposition hyperbare ?,REVISE,pass,pass,pass,pass,pass,CREDIBILITY : les autres choix nommaient leur propre cause non oxygène.,accepted-after-correction,5053fb2297ea78302f29060f7caddcaf1dfad6683673f657fee3ba170379d6aa
n3-risques-opi-mecanisme-001,cards/n3/08-risques.yaml,Quel mécanisme décrit l’œdème pulmonaire d’immersion (OPI) ?,REVISE,pass,pass,pass,pass,pass,CREDIBILITY : supprimer les erreurs ajoutées descente et nécessairement qui trahissaient les diagnostics concurrents.,accepted-after-correction,7de5bd348793b67f541949db52a0d8b62ff78c512340a14ddf1722f2f467a1b1
n3-risques-opi-priorites-001,cards/n3/08-risques.yaml,"À bord, après une sortie sécurisée, un plongeur conscient garde une gêne respiratoire faisant suspecter un OPI. Quelle prise en charge immédiate est adaptée ?",REVISE,pass,pass,pass,pass,pass,CREDIBILITY : remplacer la réimmersion et l’attente grossières par des erreurs de position et hydratation.,accepted-after-correction,5863458f3245a91be1babdf9ea9cab3e7f4c2a952d846224985b76ebb568aa8e
n3-risques-opi-signes-001,cards/n3/08-risques.yaml,"Quel tableau doit notamment faire évoquer un OPI, sans attendre la présence de crachats rosés ?",ACCEPT,pass,pass,pass,pass,pass,"Mécanismes respiratoires et toxicité distingués ; symptômes OPI non diagnostiques, prise en charge cohérente avec le bilan.",not-needed,bb1b8686debb1d473478d7f0b154cf7e46c40cf090a5fb2cf84d1b2cf6a6e0fc
n3-risques-po2-60-001,cards/n3/08-risques.yaml,"Modèle sec : air à 21 % d’O₂, 1 bar en surface, +1 bar par 10 m. À 60 m, quelle pression partielle d’oxygène obtient-on, sans correction de vapeur d’eau ?",ACCEPT,pass,pass,pass,pass,pass,"Mécanismes respiratoires et toxicité distingués ; symptômes OPI non diagnostiques, prise en charge cohérente avec le bilan.",not-needed,aa7a4eb91ead08c280fe5816cc8140f0fecb34d6c11022063c70074410de96e3
n3-secours-aggravation-001,cards/n3/10-secours.yaml,"Pendant l’attente des secours, une victime sous oxygène devient moins réactive et respire plus difficilement. Que doit-on faire de cette évolution ?",ACCEPT,pass,pass,pass,pass,pass,"Bilan vital, dispositifs et gestes contextualisés ; calculs O₂ relus ; seuils PSC/PSE et conduites sourcées inchangés.",not-needed,42255e05983bb0d5ad0554e92cedc1765003b6f2101ccbc7be1fb8c481b1fcd4
n3-secours-alerte-eaux-interieures-001,cards/n3/10-secours.yaml,"Après une plongée dans une carrière à l’intérieur des terres, une victime présente des signes d’accident. Quel canal téléphonique convient pour déclencher l’aide médicale en indiquant le contexte de plongée ?",REVISE,pass,pass,pass,pass,pass,ISOLATION : le leurre 196 précisait lui-même pourquoi il était faux.,accepted-after-correction,695a73f010f8a95a0e44f5798f16d274d1a069898829d7a9832034caa254ee47
n3-secours-bavu-efficacite-001,cards/n3/10-secours.yaml,"Un sauveteur formé ventile une victime au BAVU, voies aériennes libérées. Quel signe montre qu’une insufflation apporte effectivement du gaz aux poumons ?",ACCEPT,pass,pass,pass,pass,pass,"Bilan vital, dispositifs et gestes contextualisés ; calculs O₂ relus ; seuils PSC/PSE et conduites sourcées inchangés.",not-needed,21a93f6ab6a4c3ef96f841463dac13909e6bb12c5c5507e33447a95389e209d4
n3-secours-bilan-diagnostic-001,cards/n3/10-secours.yaml,"À la sortie de l’eau, quel recueil guide d’abord les gestes immédiats, avant l’interprétation médicale du profil de plongée ?",ACCEPT,pass,pass,pass,pass,pass,"Bilan vital, dispositifs et gestes contextualisés ; calculs O₂ relus ; seuils PSC/PSE et conduites sourcées inchangés.",not-needed,7363bd59f2ec035deb9e4c8bbd39130abcc112f17a790b591fc2c0b9d8ce2485
n3-secours-brulure-refroidissement-001,cards/n3/10-secours.yaml,"Un plongeur adulte se brûle l’avant-bras contre une pièce chaude du moteur. La brûlure vient de se produire ; il reste conscient, sans autre détresse. Quelle action immédiate limite l’aggravation locale ?",ACCEPT,pass,pass,pass,pass,pass,"Bilan vital, dispositifs et gestes contextualisés ; calculs O₂ relus ; seuils PSC/PSE et conduites sourcées inchangés.",not-needed,286560bca607cf6e2559ca117407e806061e9571dfe539d77ab8493964e3c7f6
n3-secours-gasp-001,cards/n3/10-secours.yaml,"Après récupération, une victime ne répond pas. Voies aériennes libérées, elle produit seulement des inspirations lentes, bruyantes et inefficaces. Quelle branche de secours s’applique ?",ACCEPT,pass,pass,pass,pass,pass,"Bilan vital, dispositifs et gestes contextualisés ; calculs O₂ relus ; seuils PSC/PSE et conduites sourcées inchangés.",not-needed,4be163edf22a72db0c57a8ce2d55d3fcf6daf5ef5a554b5c6488db1610b0c65f
n3-secours-hemorragie-001,cards/n3/10-secours.yaml,"Sur le bateau, une plaie de l’avant-bras saigne abondamment sans s’arrêter. Aucun objet n’est dans la plaie et le site est sûr. Quel premier geste local est adapté, avec protection des mains si possible ?",ACCEPT,pass,pass,pass,pass,pass,"Bilan vital, dispositifs et gestes contextualisés ; calculs O₂ relus ; seuils PSC/PSE et conduites sourcées inchangés.",not-needed,a9e3c835db2f2dc72e7ab416bf4668f3e34750e5123c8032ba4dbb35ceba4b94
n3-secours-hemorragie-garrot-indication-001,cards/n3/10-secours.yaml,"Une plaie de la jambe saigne abondamment. Malgré une compression directe correctement maintenue, l’hémorragie continue. Un sauveteur formé dispose d’un garrot ; l’alerte est en cours. Quelle adaptation locale est indiquée ?",ACCEPT,pass,pass,pass,pass,pass,"Bilan vital, dispositifs et gestes contextualisés ; calculs O₂ relus ; seuils PSC/PSE et conduites sourcées inchangés.",not-needed,4061404ffc39df1d0e1f286a69e3d2543361e79b6a4e4e9ed9387e5f99d683b1
n3-secours-inconscient-respire-001,cards/n3/10-secours.yaml,"Une victime ne répond pas, mais respire normalement après libération des voies aériennes. L’événement est identifié comme non traumatique. Quelle branche de secours s’applique ?",REVISE,pass,pass,pass,pass,pass,CREDIBILITY : remplacer l’interrogatoire impossible d’une victime inconsciente.,accepted-after-correction,a839bbeb82911fba8456af0b24388c7b2d2766ea611bb7128756260cee7ae1d1
n3-secours-inhalation-insufflation-001,cards/n3/10-secours.yaml,Une victime d’accident de plongée est consciente et respire spontanément de façon efficace. Un sauveteur formé dispose du matériel d’oxygène. Quel dispositif convient pour l’apport d’oxygène initial ?,ACCEPT,pass,pass,pass,pass,pass,"Bilan vital, dispositifs et gestes contextualisés ; calculs O₂ relus ; seuils PSC/PSE et conduites sourcées inchangés.",not-needed,b25b0c7fbd9009a3449f056b33f5e9a04daa07ecd9674bb3594420a8017051ef
n3-secours-meduse-rincage-001,cards/n3/10-secours.yaml,"Après un contact avec des filaments de méduse, une victime présente une douleur locale sans signe de détresse. Avant leur retrait avec une main protégée, quel liquide utilise-t-on pour le premier rinçage de la zone ?",ACCEPT,pass,pass,pass,pass,pass,"Bilan vital, dispositifs et gestes contextualisés ; calculs O₂ relus ; seuils PSC/PSE et conduites sourcées inchangés.",not-needed,ca38b99017ba23e0ff67978a895add3d975f795f201bf781fbf009f1811b7554
n3-secours-message-position-001,cards/n3/10-secours.yaml,"Un appel au CROSS donne les signes, l’oxygène administré et le nom du bateau, mais seulement « près de l’épave ». Quelle information manque pour engager efficacement les moyens ?",ACCEPT,pass,pass,pass,pass,pass,"Bilan vital, dispositifs et gestes contextualisés ; calculs O₂ relus ; seuils PSC/PSE et conduites sourcées inchangés.",not-needed,285acaae9f958fb5a5bd21fa2b333216ce5ddcf18deb8527d44f6ca11e560614
n3-secours-noyade-eau-001,cards/n3/10-secours.yaml,"Après une noyade, une victime hors de l’eau ne répond pas et ne respire pas normalement. Faut-il chercher à évacuer l’eau par des compressions abdominales avant la réanimation ?",ACCEPT,pass,pass,pass,pass,pass,"Bilan vital, dispositifs et gestes contextualisés ; calculs O₂ relus ; seuils PSC/PSE et conduites sourcées inchangés.",not-needed,3995ce175f693df939ca36446c45c8de94b333ad0accf9e7a90a581e46a591e3
n3-secours-noyade-ventilation-initiale-001,cards/n3/10-secours.yaml,Une victime de noyade vient d’être sortie de l’eau. Elle ne répond pas et ne respire pas normalement. Un sauveteur formé peut pratiquer les insufflations et un équipier alerte. Quelle particularité intervient au début de la réanimation ?,ACCEPT,pass,pass,pass,pass,pass,"Bilan vital, dispositifs et gestes contextualisés ; calculs O₂ relus ; seuils PSC/PSE et conduites sourcées inchangés.",not-needed,21faa78bb229078df671ebd20fd743629d335a458c2831c5b423f4dc843b5c0a
n3-secours-oxygene-autonomie-001,cards/n3/10-secours.yaml,"Exercice nominal : bouteille d’O₂ de 5 L à 200 bar, résiduel imposé de 20 bar, débit constant de 15 L/min. Gaz idéal, volume ramené à 1 bar. Quelle autonomie théorique utilisable reste-t-il ?",ACCEPT,pass,pass,pass,pass,pass,"Bilan vital, dispositifs et gestes contextualisés ; calculs O₂ relus ; seuils PSC/PSE et conduites sourcées inchangés.",not-needed,847ededabe3f3cf2da4147cb78aebe99b61d70d857adb9e936d4689d5f6bdcb5
n3-secours-oxygene-corps-gras-001,cards/n3/10-secours.yaml,"Lors de la préparation d’une bouteille d’oxygène de secours, pourquoi faut-il éviter les corps gras sur les raccords et garder les mains propres ?",ACCEPT,pass,pass,pass,pass,pass,"Bilan vital, dispositifs et gestes contextualisés ; calculs O₂ relus ; seuils PSC/PSE et conduites sourcées inchangés.",not-needed,993b6786860d09392fb11a58683cebaf17b92c0f54296bc09a9cf79a66fbf803
n3-secours-oxygene-delai-001,cards/n3/10-secours.yaml,"Une réserve utilisable d’O₂ représente 900 L à 1 bar. Une victime doit recevoir 15 L/min ; le scénario estime 75 min avant relais, avec 10 min de marge supplémentaires. Quel déficit nominal faut-il anticiper ?",ACCEPT,pass,pass,pass,pass,pass,"Bilan vital, dispositifs et gestes contextualisés ; calculs O₂ relus ; seuils PSC/PSE et conduites sourcées inchangés.",not-needed,a959399f8dc9e520d545a214a90db4280d1af33b9603d73c882d886e85db9a9f
n3-secours-oxygene-deux-victimes-001,cards/n3/10-secours.yaml,"Exercice nominal : deux victimes reçoivent chacune 15 L/min d’O₂ pendant 40 min. On impose 20 bar finaux dans une bouteille de 5 L. À température constante et gaz idéal, quelle pression initiale couvrirait mathématiquement ce besoin ?",ACCEPT,pass,pass,pass,pass,pass,"Bilan vital, dispositifs et gestes contextualisés ; calculs O₂ relus ; seuils PSC/PSE et conduites sourcées inchangés.",not-needed,ec96ea06c9ab9506f0279130e50ca3570ff0477cced758e5492b58481acfacc6
n3-secours-oxygene-reservoir-mhc-001,cards/n3/10-secours.yaml,"Avant de poser un masque à haute concentration sur une victime d’accident de plongée qui respire efficacement, comment prépare-t-on son ballon-réserve après raccordement et ouverture de l’oxygène ?",ACCEPT,pass,pass,pass,pass,pass,"Bilan vital, dispositifs et gestes contextualisés ; calculs O₂ relus ; seuils PSC/PSE et conduites sourcées inchangés.",not-needed,ab086bae319a0ae2c6053cadd3480482a0814e73cb882c5b5960ce297ce745b8
n3-secours-plaie-objet-penetrant-001,cards/n3/10-secours.yaml,"Sur le pont, un éclat de verre est resté profondément fiché dans l’avant-bras d’un plongeur. Il n’y a pas d’hémorragie abondante. Quelle conduite concernant cet objet accompagne l’alerte et la protection de la victime ?",REVISE,pass,pass,pass,pass,pass,CREDIBILITY : remplacer le leurre absurde consistant à enfoncer du verre.,accepted-after-correction,732621a7c640d4a0bcbbcfc861921c019715ae77fca2c559b5f4457f5bbf0d9f
n3-secours-radio-detresse-001,cards/n3/10-secours.yaml,Une personne en mer est sous la menace d’un danger grave et imminent et demande une assistance immédiate. Quelle catégorie radio correspond à cette situation ?,ACCEPT,pass,pass,pass,pass,pass,"Bilan vital, dispositifs et gestes contextualisés ; calculs O₂ relus ; seuils PSC/PSE et conduites sourcées inchangés.",not-needed,6620c910105a939a5fc87d6ff5ab85f7038e63fa99dfc543ad2399792ffedb8e
n3-secours-rcp-adulte-alternance-001,cards/n3/10-secours.yaml,"Pendant la réanimation d’un adulte en arrêt cardiaque, les sauveteurs formés réalisent compressions et insufflations. Hors analyse du défibrillateur et après les éventuelles insufflations initiales, quelle alternance utilisent-ils ?",ACCEPT,pass,pass,pass,pass,pass,"Bilan vital, dispositifs et gestes contextualisés ; calculs O₂ relus ; seuils PSC/PSE et conduites sourcées inchangés.",not-needed,0d43ef1ad23a148a889d006c79bbae2985f6b4fc59aed971d12c497c62867fda
n3-secours-rcp-frequence-001,cards/n3/10-secours.yaml,À quelle fréquence réalise-t-on les compressions thoraciques pendant la réanimation d’un adulte ?,ACCEPT,pass,pass,pass,pass,pass,"Bilan vital, dispositifs et gestes contextualisés ; calculs O₂ relus ; seuils PSC/PSE et conduites sourcées inchangés.",not-needed,d77aa53d5ec6ef55c063fa04b0f64a7a1053f75bb4309806d714ea41762bd764
n3-secours-rcp-profondeur-001,cards/n3/10-secours.yaml,"Sur un adulte en arrêt cardiaque, quelle profondeur de compression thoracique recherche-t-on ?",ACCEPT,pass,pass,pass,pass,pass,"Bilan vital, dispositifs et gestes contextualisés ; calculs O₂ relus ; seuils PSC/PSE et conduites sourcées inchangés.",not-needed,dab16cb6735dd014b5d2dc319226205ca50575b6d47c794064334bcce17bd9ca
n3-secours-repartition-001,cards/n3/10-secours.yaml,"À bord, une personne prend en charge le bilan et l’oxygène, une autre appelle les secours. Des plongeurs sont encore immergés et aucune personne ne s’occupe d’eux. Quelle tâche doit être attribuée immédiatement à un équipier disponible ?",ACCEPT,pass,pass,pass,pass,pass,"Bilan vital, dispositifs et gestes contextualisés ; calculs O₂ relus ; seuils PSC/PSE et conduites sourcées inchangés.",not-needed,7fc5758521d91c1c12cff3504e0861b567f4e5b4f0b9d904223c44b9670299f0
n3-secours-rifap-maintien-001,cards/n3/10-secours.yaml,"Que signifie le conseil fédéral de réactualiser les connaissances RIFAP aussi souvent que nécessaire, avec une période maximale conseillée de trois ans ?",ACCEPT,pass,pass,pass,pass,pass,"Bilan vital, dispositifs et gestes contextualisés ; calculs O₂ relus ; seuils PSC/PSE et conduites sourcées inchangés.",not-needed,c2860257af9bc5bce7e5c5ecd6365cdb68606aa4bf7700833d9701bc6d4bbd1a
n3-secours-traumatisme-001,cards/n3/10-secours.yaml,"Un plongeur conscient chute sur le pont et présente une douleur importante de nuque. Il respire normalement, le site est sûr. Quelle conduite initiale limite l’aggravation ?",ACCEPT,pass,pass,pass,pass,pass,"Bilan vital, dispositifs et gestes contextualisés ; calculs O₂ relus ; seuils PSC/PSE et conduites sourcées inchangés.",not-needed,2dc4c25a217267adb539192d3bb180adb7003e811e8f7ea6fb5e44812a5ef95a
