id,objectif,lot,decision_initiale,motif_et_correction,distracteur,texte_final,attrait,refutation,relecture,controle_factuel,date_verification,format,sha256_fr
n2-prerogatives-n2-aptitudes-001,P001,1,ACCEPT,Conservée : cadre et tâche précis ; distinction réglementaire et erreurs de chaque choix relues.,1,Plongée encadrée jusqu’à 20 m (PE20) et autonomie jusqu’à 40 m (PA40),Inverser les fonctions encadrée/autonome aux deux profondeurs.,"N2 atteste PA20 et PE40, pas PE20 et PA40.","Question, choix et explication relus après rédaction : ISOLATION/CREDIBILITY/LENGTH/WHY/SENSE ; clé unique sous les conditions explicites.","FFESSM — MFT N2 mai 2026, p.3–4 (prérogatives/accès/délivrance), p.5 et 14 (assistance PA20) : https://api.ffessm.fr/V1/Commissions/ManuelFormationList/Download/d7c761c8-79ed-42f2-a675-90e4c6095a56",2026-10-10,"QCM pertinent, modèle historique conservé",21701ce9a4f350f3062879e73558a03aca1730a3891aa1e62e4513d112b33ad2
n2-prerogatives-n2-aptitudes-001,P001,1,ACCEPT,Conservée : cadre et tâche précis ; distinction réglementaire et erreurs de chaque choix relues.,2,Autonomie jusqu’à 20 m (PA20) et autonomie jusqu’à 40 m (PA40),Remplacer la partie encadrée par une autonomie plus profonde.,N2 seul ne donne pas PA40.,"Question, choix et explication relus après rédaction : ISOLATION/CREDIBILITY/LENGTH/WHY/SENSE ; clé unique sous les conditions explicites.","FFESSM — MFT N2 mai 2026, p.3–4 (prérogatives/accès/délivrance), p.5 et 14 (assistance PA20) : https://api.ffessm.fr/V1/Commissions/ManuelFormationList/Download/d7c761c8-79ed-42f2-a675-90e4c6095a56",2026-10-10,"QCM pertinent, modèle historique conservé",21701ce9a4f350f3062879e73558a03aca1730a3891aa1e62e4513d112b33ad2
n2-prerogatives-n2-aptitudes-001,P001,1,ACCEPT,Conservée : cadre et tâche précis ; distinction réglementaire et erreurs de chaque choix relues.,3,Plongée encadrée jusqu’à 40 m (PE40) et autonomie jusqu’à 40 m (PA40),Oublier PA20 et attribuer PA40.,La combinaison N2 est PA20 + PE40.,"Question, choix et explication relus après rédaction : ISOLATION/CREDIBILITY/LENGTH/WHY/SENSE ; clé unique sous les conditions explicites.","FFESSM — MFT N2 mai 2026, p.3–4 (prérogatives/accès/délivrance), p.5 et 14 (assistance PA20) : https://api.ffessm.fr/V1/Commissions/ManuelFormationList/Download/d7c761c8-79ed-42f2-a675-90e4c6095a56",2026-10-10,"QCM pertinent, modèle historique conservé",21701ce9a4f350f3062879e73558a03aca1730a3891aa1e62e4513d112b33ad2
n2-prerogatives-qualifications-separees-001,P004,1,REVISE,CREDIBILITY/LENGTH : retirer la négation redondante et rapprocher la structure des trois voies de délivrance.,1,La réunion des deux qualifications permet l’entrée dans une formation N2 à reprendre intégralement,Confondre parcours séparé et obligation de refaire le parcours combiné.,La seconde qualification entraîne la délivrance du N2 sans recommencer toute sa formation.,"Question, choix et explication relus après rédaction : ISOLATION/CREDIBILITY/LENGTH/WHY/SENSE ; clé unique sous les conditions explicites.","FFESSM — MFT N2 mai 2026, p.3–4 (prérogatives/accès/délivrance), p.5 et 14 (assistance PA20) : https://api.ffessm.fr/V1/Commissions/ManuelFormationList/Download/d7c761c8-79ed-42f2-a675-90e4c6095a56",2026-10-10,"QCM pertinent, modèle historique conservé",f0bc3602b7c21ca5b944a24cc353f89e803425097d2968e48ac580a491a2a806
n2-prerogatives-qualifications-separees-001,P004,1,REVISE,CREDIBILITY/LENGTH : retirer la négation redondante et rapprocher la structure des trois voies de délivrance.,2,La réunion des deux qualifications permet la délivrance du N2 après obtention complémentaire de PA40,Confondre profondeur encadrée et profondeur autonome du N2.,PA40 ne fait pas partie de la combinaison PA20 + PE40.,"Question, choix et explication relus après rédaction : ISOLATION/CREDIBILITY/LENGTH/WHY/SENSE ; clé unique sous les conditions explicites.","FFESSM — MFT N2 mai 2026, p.3–4 (prérogatives/accès/délivrance), p.5 et 14 (assistance PA20) : https://api.ffessm.fr/V1/Commissions/ManuelFormationList/Download/d7c761c8-79ed-42f2-a675-90e4c6095a56",2026-10-10,"QCM pertinent, modèle historique conservé",f0bc3602b7c21ca5b944a24cc353f89e803425097d2968e48ac580a491a2a806
n2-prerogatives-autonomie-dp-001,P006,1,REVISE,CREDIBILITY : comparer trois organisations DP/guide ; retirer le N2 qui s’auto-désigne DP.,1,"Un guide conduisant la palanquée sous l’eau, sans DP au lieu de mise à l’eau ou d’immersion",Confondre encadrement immergé et direction de l’activité.,Un guide sous l’eau ne remplace pas le DP requis sur le site.,"Question, choix et explication relus après rédaction : ISOLATION/CREDIBILITY/LENGTH/WHY/SENSE ; clé unique sous les conditions explicites.","FFESSM — MFT N2 mai 2026, p.3–4 (prérogatives/accès/délivrance), p.5 et 14 (assistance PA20) : https://api.ffessm.fr/V1/Commissions/ManuelFormationList/Download/d7c761c8-79ed-42f2-a675-90e4c6095a56 ; Code du sport — A322-72/73/74/78/80, section en vigueur affichée au 2026-10-08, consultation 2026-10-10 ; dispositions citées datées 2012 sauf A322-73 depuis 2025-10-31 : https://www.legifrance.gouv.fr/codes/section_lc/LEGITEXT000006071318/LEGISCTA000019261109/",2026-10-10,"QCM pertinent, modèle historique conservé",a5db5cf9281edc77d251f181acfd4769e2cb5beb7f2d97d2e260f263e7e3dffb
n2-prerogatives-autonomie-dp-001,P006,1,REVISE,CREDIBILITY : comparer trois organisations DP/guide ; retirer le N2 qui s’auto-désigne DP.,2,"Un DP joignable à distance, sans guide conduisant la palanquée",Confondre disponibilité par téléphone et présence sur le site.,Le DP doit être présent au lieu de mise à l’eau ou d’immersion.,"Question, choix et explication relus après rédaction : ISOLATION/CREDIBILITY/LENGTH/WHY/SENSE ; clé unique sous les conditions explicites.","FFESSM — MFT N2 mai 2026, p.3–4 (prérogatives/accès/délivrance), p.5 et 14 (assistance PA20) : https://api.ffessm.fr/V1/Commissions/ManuelFormationList/Download/d7c761c8-79ed-42f2-a675-90e4c6095a56 ; Code du sport — A322-72/73/74/78/80, section en vigueur affichée au 2026-10-08, consultation 2026-10-10 ; dispositions citées datées 2012 sauf A322-73 depuis 2025-10-31 : https://www.legifrance.gouv.fr/codes/section_lc/LEGITEXT000006071318/LEGISCTA000019261109/",2026-10-10,"QCM pertinent, modèle historique conservé",a5db5cf9281edc77d251f181acfd4769e2cb5beb7f2d97d2e260f263e7e3dffb
n2-prerogatives-pa20-effectif-001,P007,1,ACCEPT,Conservée : cadre et tâche précis ; distinction réglementaire et erreurs de chaque choix relues.,1,De un à deux plongeurs,Compter un à deux membres au lieu d’un à deux équipiers.,"Avec le plongeur lui-même, cela donne deux à trois membres.","Question, choix et explication relus après rédaction : ISOLATION/CREDIBILITY/LENGTH/WHY/SENSE ; clé unique sous les conditions explicites.","FFESSM — MFT N2 mai 2026, p.3–4 (prérogatives/accès/délivrance), p.5 et 14 (assistance PA20) : https://api.ffessm.fr/V1/Commissions/ManuelFormationList/Download/d7c761c8-79ed-42f2-a675-90e4c6095a56",2026-10-10,"QCM pertinent, modèle historique conservé",5a4805b57a4e71e829a3264e0b847967dedc89930bbc400c36a291a32b1b2d47
n2-prerogatives-pa20-effectif-001,P007,1,ACCEPT,Conservée : cadre et tâche précis ; distinction réglementaire et erreurs de chaque choix relues.,2,De trois à quatre plongeurs,Décaler les deux bornes d’un membre.,"Le maximum est trois, et deux membres sont permis.","Question, choix et explication relus après rédaction : ISOLATION/CREDIBILITY/LENGTH/WHY/SENSE ; clé unique sous les conditions explicites.","FFESSM — MFT N2 mai 2026, p.3–4 (prérogatives/accès/délivrance), p.5 et 14 (assistance PA20) : https://api.ffessm.fr/V1/Commissions/ManuelFormationList/Download/d7c761c8-79ed-42f2-a675-90e4c6095a56",2026-10-10,"QCM pertinent, modèle historique conservé",5a4805b57a4e71e829a3264e0b847967dedc89930bbc400c36a291a32b1b2d47
n2-prerogatives-pa20-effectif-001,P007,1,ACCEPT,Conservée : cadre et tâche précis ; distinction réglementaire et erreurs de chaque choix relues.,3,De deux à quatre plongeurs,Transférer un effectif encadré à une palanquée autonome.,PA20 n’autorise pas quatre membres dans cette plage d’effectifs.,"Question, choix et explication relus après rédaction : ISOLATION/CREDIBILITY/LENGTH/WHY/SENSE ; clé unique sous les conditions explicites.","FFESSM — MFT N2 mai 2026, p.3–4 (prérogatives/accès/délivrance), p.5 et 14 (assistance PA20) : https://api.ffessm.fr/V1/Commissions/ManuelFormationList/Download/d7c761c8-79ed-42f2-a675-90e4c6095a56",2026-10-10,"QCM pertinent, modèle historique conservé",5a4805b57a4e71e829a3264e0b847967dedc89930bbc400c36a291a32b1b2d47
n2-prerogatives-pa20-equipiers-001,P008,1,ACCEPT,Conservée : cadre et tâche précis ; distinction réglementaire et erreurs de chaque choix relues.,1,PE20,Confondre même profondeur et même autonomie.,PE20 reste encadré.,"Question, choix et explication relus après rédaction : ISOLATION/CREDIBILITY/LENGTH/WHY/SENSE ; clé unique sous les conditions explicites.","FFESSM — MFT N2 mai 2026, p.3–4 (prérogatives/accès/délivrance), p.5 et 14 (assistance PA20) : https://api.ffessm.fr/V1/Commissions/ManuelFormationList/Download/d7c761c8-79ed-42f2-a675-90e4c6095a56",2026-10-10,"QCM pertinent, modèle historique conservé",bff0880119d117e9b066d4aa4f0c552a50808c633bf362f036367daac7c1bd20
n2-prerogatives-pa20-equipiers-001,P008,1,ACCEPT,Conservée : cadre et tâche précis ; distinction réglementaire et erreurs de chaque choix relues.,2,PE40,Confondre profondeur supérieure et aptitude autonome.,PE40 reste encadré.,"Question, choix et explication relus après rédaction : ISOLATION/CREDIBILITY/LENGTH/WHY/SENSE ; clé unique sous les conditions explicites.","FFESSM — MFT N2 mai 2026, p.3–4 (prérogatives/accès/délivrance), p.5 et 14 (assistance PA20) : https://api.ffessm.fr/V1/Commissions/ManuelFormationList/Download/d7c761c8-79ed-42f2-a675-90e4c6095a56",2026-10-10,"QCM pertinent, modèle historique conservé",bff0880119d117e9b066d4aa4f0c552a50808c633bf362f036367daac7c1bd20
n2-prerogatives-pa20-equipiers-001,P008,1,ACCEPT,Conservée : cadre et tâche précis ; distinction réglementaire et erreurs de chaque choix relues.,3,PA12,Confondre aptitude autonome et espace d’évolution.,PA12 ne permet pas 20 m en autonomie.,"Question, choix et explication relus après rédaction : ISOLATION/CREDIBILITY/LENGTH/WHY/SENSE ; clé unique sous les conditions explicites.","FFESSM — MFT N2 mai 2026, p.3–4 (prérogatives/accès/délivrance), p.5 et 14 (assistance PA20) : https://api.ffessm.fr/V1/Commissions/ManuelFormationList/Download/d7c761c8-79ed-42f2-a675-90e4c6095a56",2026-10-10,"QCM pertinent, modèle historique conservé",bff0880119d117e9b066d4aa4f0c552a50808c633bf362f036367daac7c1bd20
n2-prerogatives-aptitude-restrictive-001,P012,1,REVISE,ISOLATION/LENGTH : préciser l’absence de plafond DP plus bas ; justification comparable dans chaque choix.,1,"20 m, d’après les aptitudes du plongeur qui assure l’assistance",Confondre assistance et transfert d’aptitudes.,La capacité d’assistance du PA20 ne donne pas PA20 à son équipier.,"Question, choix et explication relus après rédaction : ISOLATION/CREDIBILITY/LENGTH/WHY/SENSE ; clé unique sous les conditions explicites.","FFESSM — MFT N2 mai 2026, p.3–4 (prérogatives/accès/délivrance), p.5 et 14 (assistance PA20) : https://api.ffessm.fr/V1/Commissions/ManuelFormationList/Download/d7c761c8-79ed-42f2-a675-90e4c6095a56 ; Code du sport — A322-72/73/74/78/80, section en vigueur affichée au 2026-10-08, consultation 2026-10-10 ; dispositions citées datées 2012 sauf A322-73 depuis 2025-10-31 : https://www.legifrance.gouv.fr/codes/section_lc/LEGITEXT000006071318/LEGISCTA000019261109/",2026-10-10,"QCM pertinent, modèle historique conservé",e57fb1d7f714ff43a28487293b1a209deb126a9885613635565cdc31e8ad4096
n2-prerogatives-aptitude-restrictive-001,P012,1,REVISE,ISOLATION/LENGTH : préciser l’absence de plafond DP plus bas ; justification comparable dans chaque choix.,2,"20 m, d’après les aptitudes du plongeur le plus qualifié",Prendre le mieux qualifié comme référence de profondeur commune.,La référence est le plongeur aux aptitudes les plus restrictives.,"Question, choix et explication relus après rédaction : ISOLATION/CREDIBILITY/LENGTH/WHY/SENSE ; clé unique sous les conditions explicites.","FFESSM — MFT N2 mai 2026, p.3–4 (prérogatives/accès/délivrance), p.5 et 14 (assistance PA20) : https://api.ffessm.fr/V1/Commissions/ManuelFormationList/Download/d7c761c8-79ed-42f2-a675-90e4c6095a56 ; Code du sport — A322-72/73/74/78/80, section en vigueur affichée au 2026-10-08, consultation 2026-10-10 ; dispositions citées datées 2012 sauf A322-73 depuis 2025-10-31 : https://www.legifrance.gouv.fr/codes/section_lc/LEGITEXT000006071318/LEGISCTA000019261109/",2026-10-10,"QCM pertinent, modèle historique conservé",e57fb1d7f714ff43a28487293b1a209deb126a9885613635565cdc31e8ad4096
n2-prerogatives-age-pe40-001,P013,1,ACCEPT,Conservée : cadre et tâche précis ; distinction réglementaire et erreurs de chaque choix relues.,1,12 ans,Transférer un âge associé aux formations de jeunes plongeurs.,Le MFT N2 fixe PE40 à quatorze ans pour entrée et délivrance.,"Question, choix et explication relus après rédaction : ISOLATION/CREDIBILITY/LENGTH/WHY/SENSE ; clé unique sous les conditions explicites.","FFESSM — MFT N2 mai 2026, p.3–4 (prérogatives/accès/délivrance), p.5 et 14 (assistance PA20) : https://api.ffessm.fr/V1/Commissions/ManuelFormationList/Download/d7c761c8-79ed-42f2-a675-90e4c6095a56",2026-10-10,"QCM pertinent, modèle historique conservé",de33fd5d82d3ebe6a4514ba34c31fe4e40b7cae4eed1bfd1fca4db35ea736fca
n2-prerogatives-age-pe40-001,P013,1,ACCEPT,Conservée : cadre et tâche précis ; distinction réglementaire et erreurs de chaque choix relues.,2,15 ans,Transférer le seuil PA20/N2 à PE40.,"Le seuil PE40 est quatorze, pas quinze.","Question, choix et explication relus après rédaction : ISOLATION/CREDIBILITY/LENGTH/WHY/SENSE ; clé unique sous les conditions explicites.","FFESSM — MFT N2 mai 2026, p.3–4 (prérogatives/accès/délivrance), p.5 et 14 (assistance PA20) : https://api.ffessm.fr/V1/Commissions/ManuelFormationList/Download/d7c761c8-79ed-42f2-a675-90e4c6095a56",2026-10-10,"QCM pertinent, modèle historique conservé",de33fd5d82d3ebe6a4514ba34c31fe4e40b7cae4eed1bfd1fca4db35ea736fca
n2-prerogatives-age-pe40-001,P013,1,ACCEPT,Conservée : cadre et tâche précis ; distinction réglementaire et erreurs de chaque choix relues.,3,16 ans,Confondre fin des restrictions avant seize ans et entrée PE40.,PE40 est accessible à quatorze ans avec restrictions avant seize ans.,"Question, choix et explication relus après rédaction : ISOLATION/CREDIBILITY/LENGTH/WHY/SENSE ; clé unique sous les conditions explicites.","FFESSM — MFT N2 mai 2026, p.3–4 (prérogatives/accès/délivrance), p.5 et 14 (assistance PA20) : https://api.ffessm.fr/V1/Commissions/ManuelFormationList/Download/d7c761c8-79ed-42f2-a675-90e4c6095a56",2026-10-10,"QCM pertinent, modèle historique conservé",de33fd5d82d3ebe6a4514ba34c31fe4e40b7cae4eed1bfd1fca4db35ea736fca
n2-prerogatives-age-certification-001,P014,1,ACCEPT,Conservée : cadre et tâche précis ; distinction réglementaire et erreurs de chaque choix relues.,1,14 ans,Transférer le seuil PE40 à la délivrance PA20/N2.,PA20/N2 exigent quinze ans.,"Question, choix et explication relus après rédaction : ISOLATION/CREDIBILITY/LENGTH/WHY/SENSE ; clé unique sous les conditions explicites.","FFESSM — MFT N2 mai 2026, p.3–4 (prérogatives/accès/délivrance), p.5 et 14 (assistance PA20) : https://api.ffessm.fr/V1/Commissions/ManuelFormationList/Download/d7c761c8-79ed-42f2-a675-90e4c6095a56",2026-10-10,"QCM pertinent, modèle historique conservé",98779469dc15c337ec24c324bfc323b5c78eb4308427a2cec269a93dbca43a5b
n2-prerogatives-age-certification-001,P014,1,ACCEPT,Conservée : cadre et tâche précis ; distinction réglementaire et erreurs de chaque choix relues.,2,16 ans,Confondre certification et exercice de l’autonomie.,L’exercice attend seize ans mais la délivrance est possible dès quinze.,"Question, choix et explication relus après rédaction : ISOLATION/CREDIBILITY/LENGTH/WHY/SENSE ; clé unique sous les conditions explicites.","FFESSM — MFT N2 mai 2026, p.3–4 (prérogatives/accès/délivrance), p.5 et 14 (assistance PA20) : https://api.ffessm.fr/V1/Commissions/ManuelFormationList/Download/d7c761c8-79ed-42f2-a675-90e4c6095a56",2026-10-10,"QCM pertinent, modèle historique conservé",98779469dc15c337ec24c324bfc323b5c78eb4308427a2cec269a93dbca43a5b
n2-prerogatives-age-certification-001,P014,1,ACCEPT,Conservée : cadre et tâche précis ; distinction réglementaire et erreurs de chaque choix relues.,3,18 ans,Réutiliser l’ancien seuil adulte de PA20.,"Le MFT mai 2026 prévoit quinze ans pour la délivrance, pas dix-huit.","Question, choix et explication relus après rédaction : ISOLATION/CREDIBILITY/LENGTH/WHY/SENSE ; clé unique sous les conditions explicites.","FFESSM — MFT N2 mai 2026, p.3–4 (prérogatives/accès/délivrance), p.5 et 14 (assistance PA20) : https://api.ffessm.fr/V1/Commissions/ManuelFormationList/Download/d7c761c8-79ed-42f2-a675-90e4c6095a56",2026-10-10,"QCM pertinent, modèle historique conservé",98779469dc15c337ec24c324bfc323b5c78eb4308427a2cec269a93dbca43a5b
n2-prerogatives-quinze-ans-n2-001,P016,1,ACCEPT,Conservée : cadre et tâche précis ; distinction réglementaire et erreurs de chaque choix relues.,1,15 ans,Faire coïncider délivrance et autonomie effectivement exerçable.,La délivrance à quinze ans ne permet pas PA20 avant seize.,"Question, choix et explication relus après rédaction : ISOLATION/CREDIBILITY/LENGTH/WHY/SENSE ; clé unique sous les conditions explicites.","FFESSM — MFT N2 mai 2026, p.3–4 (prérogatives/accès/délivrance), p.5 et 14 (assistance PA20) : https://api.ffessm.fr/V1/Commissions/ManuelFormationList/Download/d7c761c8-79ed-42f2-a675-90e4c6095a56 ; Code du sport — A322-72/73/74/78/80, section en vigueur affichée au 2026-10-08, consultation 2026-10-10 ; dispositions citées datées 2012 sauf A322-73 depuis 2025-10-31 : https://www.legifrance.gouv.fr/codes/section_lc/LEGITEXT000006071318/LEGISCTA000019261109/",2026-10-10,"QCM pertinent, modèle historique conservé",a82d8d8c86fbf27d5055872f355c0ac03e5bb973a2e597ce40de2073956030a7
n2-prerogatives-quinze-ans-n2-001,P016,1,ACCEPT,Conservée : cadre et tâche précis ; distinction réglementaire et erreurs de chaque choix relues.,2,17 ans,Transférer l’âge réglementaire PA40 à PA20.,Dix-sept ans concerne PA40 ; PA20 commence à seize.,"Question, choix et explication relus après rédaction : ISOLATION/CREDIBILITY/LENGTH/WHY/SENSE ; clé unique sous les conditions explicites.","FFESSM — MFT N2 mai 2026, p.3–4 (prérogatives/accès/délivrance), p.5 et 14 (assistance PA20) : https://api.ffessm.fr/V1/Commissions/ManuelFormationList/Download/d7c761c8-79ed-42f2-a675-90e4c6095a56 ; Code du sport — A322-72/73/74/78/80, section en vigueur affichée au 2026-10-08, consultation 2026-10-10 ; dispositions citées datées 2012 sauf A322-73 depuis 2025-10-31 : https://www.legifrance.gouv.fr/codes/section_lc/LEGITEXT000006071318/LEGISCTA000019261109/",2026-10-10,"QCM pertinent, modèle historique conservé",a82d8d8c86fbf27d5055872f355c0ac03e5bb973a2e597ce40de2073956030a7
n2-prerogatives-quinze-ans-n2-001,P016,1,ACCEPT,Conservée : cadre et tâche précis ; distinction réglementaire et erreurs de chaque choix relues.,3,18 ans,Confondre majorité et autonomie autorisée à un mineur.,"Le seuil PA20 est seize, avec les autres conditions requises.","Question, choix et explication relus après rédaction : ISOLATION/CREDIBILITY/LENGTH/WHY/SENSE ; clé unique sous les conditions explicites.","FFESSM — MFT N2 mai 2026, p.3–4 (prérogatives/accès/délivrance), p.5 et 14 (assistance PA20) : https://api.ffessm.fr/V1/Commissions/ManuelFormationList/Download/d7c761c8-79ed-42f2-a675-90e4c6095a56 ; Code du sport — A322-72/73/74/78/80, section en vigueur affichée au 2026-10-08, consultation 2026-10-10 ; dispositions citées datées 2012 sauf A322-73 depuis 2025-10-31 : https://www.legifrance.gouv.fr/codes/section_lc/LEGITEXT000006071318/LEGISCTA000019261109/",2026-10-10,"QCM pertinent, modèle historique conservé",a82d8d8c86fbf27d5055872f355c0ac03e5bb973a2e597ce40de2073956030a7
n2-prerogatives-mineur-autorisation-001,P017,1,ACCEPT,Conservée : cadre et tâche précis ; distinction réglementaire et erreurs de chaque choix relues.,1,L’inscription à la formation N2,Confondre autorisation de formation et pratique autonome.,L’autorisation éclairée doit viser la pratique en autonomie.,"Question, choix et explication relus après rédaction : ISOLATION/CREDIBILITY/LENGTH/WHY/SENSE ; clé unique sous les conditions explicites.","FFESSM — MFT N2 mai 2026, p.3–4 (prérogatives/accès/délivrance), p.5 et 14 (assistance PA20) : https://api.ffessm.fr/V1/Commissions/ManuelFormationList/Download/d7c761c8-79ed-42f2-a675-90e4c6095a56",2026-10-10,"QCM pertinent, modèle historique conservé",3d5b7d52bf1419768610d6d5c83db6c3d7cdc9c90df90a77814d7068b4036c88
n2-prerogatives-mineur-autorisation-001,P017,1,ACCEPT,Conservée : cadre et tâche précis ; distinction réglementaire et erreurs de chaque choix relues.,2,La délivrance du brevet N2,Confondre autorisation de certification et exercice effectif.,"L’autorisation doit couvrir l’autonomie, pas seulement la délivrance du brevet.","Question, choix et explication relus après rédaction : ISOLATION/CREDIBILITY/LENGTH/WHY/SENSE ; clé unique sous les conditions explicites.","FFESSM — MFT N2 mai 2026, p.3–4 (prérogatives/accès/délivrance), p.5 et 14 (assistance PA20) : https://api.ffessm.fr/V1/Commissions/ManuelFormationList/Download/d7c761c8-79ed-42f2-a675-90e4c6095a56",2026-10-10,"QCM pertinent, modèle historique conservé",3d5b7d52bf1419768610d6d5c83db6c3d7cdc9c90df90a77814d7068b4036c88
n2-prerogatives-mineur-autorisation-001,P017,1,ACCEPT,Conservée : cadre et tâche précis ; distinction réglementaire et erreurs de chaque choix relues.,3,La participation aux plongées encadrées,Transférer l’autorisation de pratique encadrée.,Une autorisation portant sur les seules plongées encadrées ne vise pas l’autonomie.,"Question, choix et explication relus après rédaction : ISOLATION/CREDIBILITY/LENGTH/WHY/SENSE ; clé unique sous les conditions explicites.","FFESSM — MFT N2 mai 2026, p.3–4 (prérogatives/accès/délivrance), p.5 et 14 (assistance PA20) : https://api.ffessm.fr/V1/Commissions/ManuelFormationList/Download/d7c761c8-79ed-42f2-a675-90e4c6095a56",2026-10-10,"QCM pertinent, modèle historique conservé",3d5b7d52bf1419768610d6d5c83db6c3d7cdc9c90df90a77814d7068b4036c88
n2-prerogatives-mineur-information-001,P018,1,ACCEPT,Conservée : cadre et tâche précis ; distinction réglementaire et erreurs de chaque choix relues.,1,Les membres des autres palanquées du même créneau,Étendre aux autres palanquées l’information des partenaires de plongée.,La condition fédérale vise les membres de la palanquée concernée.,"Question, choix et explication relus après rédaction : ISOLATION/CREDIBILITY/LENGTH/WHY/SENSE ; clé unique sous les conditions explicites.","FFESSM — MFT N2 mai 2026, p.3–4 (prérogatives/accès/délivrance), p.5 et 14 (assistance PA20) : https://api.ffessm.fr/V1/Commissions/ManuelFormationList/Download/d7c761c8-79ed-42f2-a675-90e4c6095a56",2026-10-10,"QCM pertinent, modèle historique conservé",35e95a43ec25992334a95dd4175f5684a68099e767c5d3dd8c177f7862a36af3
n2-prerogatives-mineur-information-001,P018,1,ACCEPT,Conservée : cadre et tâche précis ; distinction réglementaire et erreurs de chaque choix relues.,2,Le responsable légal du mineur uniquement,Prendre l’accord parental pour une information suffisante des acteurs.,Les équipiers doivent aussi être informés de la présence du mineur.,"Question, choix et explication relus après rédaction : ISOLATION/CREDIBILITY/LENGTH/WHY/SENSE ; clé unique sous les conditions explicites.","FFESSM — MFT N2 mai 2026, p.3–4 (prérogatives/accès/délivrance), p.5 et 14 (assistance PA20) : https://api.ffessm.fr/V1/Commissions/ManuelFormationList/Download/d7c761c8-79ed-42f2-a675-90e4c6095a56",2026-10-10,"QCM pertinent, modèle historique conservé",35e95a43ec25992334a95dd4175f5684a68099e767c5d3dd8c177f7862a36af3
n2-prerogatives-pe40-moins-seize-paliers-001,P019,1,REVISE,"CREDIBILITY/LENGTH : trois contraintes chiffrées ou nulles, sans clé seule non et sans autorisation parentale magique.",1,"Un palier de décompression à 3 m au plus, prévu par l’ordinateur ou les tables",Confondre faible profondeur de palier et absence de palier obligatoire.,Un palier imposé à 3 m reste obligatoire et ne respecte pas cette planification.,"Question, choix et explication relus après rédaction : ISOLATION/CREDIBILITY/LENGTH/WHY/SENSE ; clé unique sous les conditions explicites.","FFESSM — MFT N2 mai 2026, p.3–4 (prérogatives/accès/délivrance), p.5 et 14 (assistance PA20) : https://api.ffessm.fr/V1/Commissions/ManuelFormationList/Download/d7c761c8-79ed-42f2-a675-90e4c6095a56",2026-10-10,"QCM pertinent, modèle historique conservé",049cfa9268485671af4464250ccd71c26ccc05bd1c42b900d3f6eeeecd4ccaf0
n2-prerogatives-pe40-moins-seize-paliers-001,P019,1,REVISE,"CREDIBILITY/LENGTH : trois contraintes chiffrées ou nulles, sans clé seule non et sans autorisation parentale magique.",2,"Trois minutes de décompression au plus, prévues par l’ordinateur ou les tables",Confondre arrêt de sécurité de trois minutes et décompression obligatoire.,La règle ne prévoit pas une tolérance de trois minutes obligatoires.,"Question, choix et explication relus après rédaction : ISOLATION/CREDIBILITY/LENGTH/WHY/SENSE ; clé unique sous les conditions explicites.","FFESSM — MFT N2 mai 2026, p.3–4 (prérogatives/accès/délivrance), p.5 et 14 (assistance PA20) : https://api.ffessm.fr/V1/Commissions/ManuelFormationList/Download/d7c761c8-79ed-42f2-a675-90e4c6095a56",2026-10-10,"QCM pertinent, modèle historique conservé",049cfa9268485671af4464250ccd71c26ccc05bd1c42b900d3f6eeeecd4ccaf0
n2-prerogatives-pe40-moins-seize-nombre-001,P020,1,ACCEPT,Conservée : cadre et tâche précis ; distinction réglementaire et erreurs de chaque choix relues.,1,Une plongée,Confondre limitation et interdiction d’une seconde plongée.,Deux plongées sont possibles avec les restrictions associées.,"Question, choix et explication relus après rédaction : ISOLATION/CREDIBILITY/LENGTH/WHY/SENSE ; clé unique sous les conditions explicites.","FFESSM — MFT N2 mai 2026, p.3–4 (prérogatives/accès/délivrance), p.5 et 14 (assistance PA20) : https://api.ffessm.fr/V1/Commissions/ManuelFormationList/Download/d7c761c8-79ed-42f2-a675-90e4c6095a56",2026-10-10,"QCM pertinent, modèle historique conservé",b894ed0a49a5c59d6352a41a8732f10a0c678c193fb4464c30e8216763ca5d05
n2-prerogatives-pe40-moins-seize-nombre-001,P020,1,ACCEPT,Conservée : cadre et tâche précis ; distinction réglementaire et erreurs de chaque choix relues.,2,Trois plongées,Transférer le chiffre de trois heures au nombre de plongées.,Trois est l’intervalle en heures ; le nombre maximal est deux.,"Question, choix et explication relus après rédaction : ISOLATION/CREDIBILITY/LENGTH/WHY/SENSE ; clé unique sous les conditions explicites.","FFESSM — MFT N2 mai 2026, p.3–4 (prérogatives/accès/délivrance), p.5 et 14 (assistance PA20) : https://api.ffessm.fr/V1/Commissions/ManuelFormationList/Download/d7c761c8-79ed-42f2-a675-90e4c6095a56",2026-10-10,"QCM pertinent, modèle historique conservé",b894ed0a49a5c59d6352a41a8732f10a0c678c193fb4464c30e8216763ca5d05
n2-prerogatives-pe40-moins-seize-nombre-001,P020,1,ACCEPT,Conservée : cadre et tâche précis ; distinction réglementaire et erreurs de chaque choix relues.,3,Quatre plongées,Confondre petits espacements multiples et plafond journalier.,Le maximum reste deux indépendamment de plongées plus courtes.,"Question, choix et explication relus après rédaction : ISOLATION/CREDIBILITY/LENGTH/WHY/SENSE ; clé unique sous les conditions explicites.","FFESSM — MFT N2 mai 2026, p.3–4 (prérogatives/accès/délivrance), p.5 et 14 (assistance PA20) : https://api.ffessm.fr/V1/Commissions/ManuelFormationList/Download/d7c761c8-79ed-42f2-a675-90e4c6095a56",2026-10-10,"QCM pertinent, modèle historique conservé",b894ed0a49a5c59d6352a41a8732f10a0c678c193fb4464c30e8216763ca5d05
n2-prerogatives-pe40-moins-seize-intervalle-001,P020,1,ACCEPT,Conservée : cadre et tâche précis ; distinction réglementaire et erreurs de chaque choix relues.,1,Une heure,Transférer un intervalle court général aux restrictions des moins de seize ans.,Le minimum fédéral de ce cas est trois heures.,"Question, choix et explication relus après rédaction : ISOLATION/CREDIBILITY/LENGTH/WHY/SENSE ; clé unique sous les conditions explicites.","FFESSM — MFT N2 mai 2026, p.3–4 (prérogatives/accès/délivrance), p.5 et 14 (assistance PA20) : https://api.ffessm.fr/V1/Commissions/ManuelFormationList/Download/d7c761c8-79ed-42f2-a675-90e4c6095a56",2026-10-10,"QCM pertinent, modèle historique conservé",e2e0cfe821bf41ead8b6d6b2a5c3f099e43a4c4d0d074a43e95e726d924407b8
n2-prerogatives-pe40-moins-seize-intervalle-001,P020,1,ACCEPT,Conservée : cadre et tâche précis ; distinction réglementaire et erreurs de chaque choix relues.,2,Deux heures,Confondre deux plongées et deux heures.,"Le nombre est deux, l’intervalle minimal est trois heures.","Question, choix et explication relus après rédaction : ISOLATION/CREDIBILITY/LENGTH/WHY/SENSE ; clé unique sous les conditions explicites.","FFESSM — MFT N2 mai 2026, p.3–4 (prérogatives/accès/délivrance), p.5 et 14 (assistance PA20) : https://api.ffessm.fr/V1/Commissions/ManuelFormationList/Download/d7c761c8-79ed-42f2-a675-90e4c6095a56",2026-10-10,"QCM pertinent, modèle historique conservé",e2e0cfe821bf41ead8b6d6b2a5c3f099e43a4c4d0d074a43e95e726d924407b8
n2-prerogatives-pe40-moins-seize-intervalle-001,P020,1,ACCEPT,Conservée : cadre et tâche précis ; distinction réglementaire et erreurs de chaque choix relues.,3,Quatre heures,Confondre limite de profondeur PE40 et durée d’intervalle.,"La durée minimale est trois heures, pas quatre.","Question, choix et explication relus après rédaction : ISOLATION/CREDIBILITY/LENGTH/WHY/SENSE ; clé unique sous les conditions explicites.","FFESSM — MFT N2 mai 2026, p.3–4 (prérogatives/accès/délivrance), p.5 et 14 (assistance PA20) : https://api.ffessm.fr/V1/Commissions/ManuelFormationList/Download/d7c761c8-79ed-42f2-a675-90e4c6095a56",2026-10-10,"QCM pertinent, modèle historique conservé",e2e0cfe821bf41ead8b6d6b2a5c3f099e43a4c4d0d074a43e95e726d924407b8
n2-prerogatives-pe40-moins-seize-seconde-001,P021,1,REVISE,CREDIBILITY/SENSE : retirer 25 m sans confusion identifiée ; profondeur maximale remplace plafond pour éviter le sens ordinateur.,1,30 m,Confondre seuil de la première plongée et plafond de la seconde.,Dépasser 30 m à la première impose 20 m à la seconde.,"Question, choix et explication relus après rédaction : ISOLATION/CREDIBILITY/LENGTH/WHY/SENSE ; clé unique sous les conditions explicites.","FFESSM — MFT N2 mai 2026, p.3–4 (prérogatives/accès/délivrance), p.5 et 14 (assistance PA20) : https://api.ffessm.fr/V1/Commissions/ManuelFormationList/Download/d7c761c8-79ed-42f2-a675-90e4c6095a56",2026-10-10,"QCM pertinent, modèle historique conservé",0dcf193e3dc0cb9d62e09b3ee80036a700a8d871d8d213c9d036b633a7f8e438
n2-prerogatives-pe40-moins-seize-seconde-001,P021,1,REVISE,CREDIBILITY/SENSE : retirer 25 m sans confusion identifiée ; profondeur maximale remplace plafond pour éviter le sens ordinateur.,2,40 m,Réutiliser la limite générale de PE40 malgré la restriction d’âge et de succession.,La restriction particulière prévaut sur le plafond général de 40 m.,"Question, choix et explication relus après rédaction : ISOLATION/CREDIBILITY/LENGTH/WHY/SENSE ; clé unique sous les conditions explicites.","FFESSM — MFT N2 mai 2026, p.3–4 (prérogatives/accès/délivrance), p.5 et 14 (assistance PA20) : https://api.ffessm.fr/V1/Commissions/ManuelFormationList/Download/d7c761c8-79ed-42f2-a675-90e4c6095a56",2026-10-10,"QCM pertinent, modèle historique conservé",0dcf193e3dc0cb9d62e09b3ee80036a700a8d871d8d213c9d036b633a7f8e438
n2-prerogatives-documents-formation-001,P022,1,ACCEPT,Conservée : cadre et tâche précis ; distinction réglementaire et erreurs de chaque choix relues.,1,Carte N1 + CACI conforme aux règles fédérales,Recontrôler le niveau et le médical mais oublier l’affiliation.,La carte N1 ne remplace pas la licence valide ; le niveau est déjà vérifié au recto.,"Question, choix et explication relus après rédaction : ISOLATION/CREDIBILITY/LENGTH/WHY/SENSE ; clé unique sous les conditions explicites.","FFESSM — MFT N2 mai 2026, p.3–4 (prérogatives/accès/délivrance), p.5 et 14 (assistance PA20) : https://api.ffessm.fr/V1/Commissions/ManuelFormationList/Download/d7c761c8-79ed-42f2-a675-90e4c6095a56",2026-10-10,"QCM pertinent, modèle historique conservé",6d52b3a4cffd361389e4993701282ef8934f38e8d6c964fcad936d0580c0f91d
n2-prerogatives-documents-formation-001,P022,1,ACCEPT,Conservée : cadre et tâche précis ; distinction réglementaire et erreurs de chaque choix relues.,2,Licence FFESSM valide + carnet de plongée,Utiliser le carnet comme substitut au justificatif médical.,"Le carnet retrace l’expérience, pas l’absence de contre-indication.","Question, choix et explication relus après rédaction : ISOLATION/CREDIBILITY/LENGTH/WHY/SENSE ; clé unique sous les conditions explicites.","FFESSM — MFT N2 mai 2026, p.3–4 (prérogatives/accès/délivrance), p.5 et 14 (assistance PA20) : https://api.ffessm.fr/V1/Commissions/ManuelFormationList/Download/d7c761c8-79ed-42f2-a675-90e4c6095a56",2026-10-10,"QCM pertinent, modèle historique conservé",6d52b3a4cffd361389e4993701282ef8934f38e8d6c964fcad936d0580c0f91d
n2-prerogatives-documents-formation-001,P022,1,ACCEPT,Conservée : cadre et tâche précis ; distinction réglementaire et erreurs de chaque choix relues.,3,Carte N1 + carnet de plongée,Ne garder que niveau et expérience.,Cette paire ne comporte ni licence ni CACI à vérifier encore.,"Question, choix et explication relus après rédaction : ISOLATION/CREDIBILITY/LENGTH/WHY/SENSE ; clé unique sous les conditions explicites.","FFESSM — MFT N2 mai 2026, p.3–4 (prérogatives/accès/délivrance), p.5 et 14 (assistance PA20) : https://api.ffessm.fr/V1/Commissions/ManuelFormationList/Download/d7c761c8-79ed-42f2-a675-90e4c6095a56",2026-10-10,"QCM pertinent, modèle historique conservé",6d52b3a4cffd361389e4993701282ef8934f38e8d6c964fcad936d0580c0f91d
n2-prerogatives-prerequis-niveau-001,P023,1,REVISE,CREDIBILITY : éviter exclusivement/sans équivalence qui trahit le leurre ; trois équivalences concurrentes. Seconde critique : préciser équivalence minimale ; une certification supérieure peut être recevable et ne doit pas être déclarée interdite.,1,Des aptitudes jugées équivalentes au PE40 FFESSM,Prendre une des qualifications visées pour le niveau d’entrée.,PE40 peut se préparer dans le cursus ; ce n’est pas le niveau préalable exigé.,"Question, choix et explication relus après rédaction : ISOLATION/CREDIBILITY/LENGTH/WHY/SENSE ; clé unique sous les conditions explicites.","FFESSM — MFT N2 mai 2026, p.3–4 (prérogatives/accès/délivrance), p.5 et 14 (assistance PA20) : https://api.ffessm.fr/V1/Commissions/ManuelFormationList/Download/d7c761c8-79ed-42f2-a675-90e4c6095a56",2026-10-10,"QCM pertinent, modèle historique conservé",f9650ccceed396ec3b204648aa237d815386bb8e03202cb4873ae896ba67419a
n2-prerogatives-prerequis-niveau-001,P023,1,REVISE,CREDIBILITY : éviter exclusivement/sans équivalence qui trahit le leurre ; trois équivalences concurrentes. Seconde critique : préciser équivalence minimale ; une certification supérieure peut être recevable et ne doit pas être déclarée interdite.,2,Des aptitudes jugées équivalentes au PA20 FFESSM,Prendre l’autonomie à acquérir pour un prérequis.,PA20 peut se préparer dans le cursus ; le niveau préalable est le N1 ou son équivalent.,"Question, choix et explication relus après rédaction : ISOLATION/CREDIBILITY/LENGTH/WHY/SENSE ; clé unique sous les conditions explicites.","FFESSM — MFT N2 mai 2026, p.3–4 (prérogatives/accès/délivrance), p.5 et 14 (assistance PA20) : https://api.ffessm.fr/V1/Commissions/ManuelFormationList/Download/d7c761c8-79ed-42f2-a675-90e4c6095a56",2026-10-10,"QCM pertinent, modèle historique conservé",f9650ccceed396ec3b204648aa237d815386bb8e03202cb4873ae896ba67419a
n2-prerogatives-experience-naturel-001,P024,1,ACCEPT,Conservée : cadre et tâche précis ; distinction réglementaire et erreurs de chaque choix relues.,1,Deux,Sous-estimer l’expérience minimale avec deux plongées.,Le MFT demande au moins quatre plongées attestées en milieu naturel.,"Question, choix et explication relus après rédaction : ISOLATION/CREDIBILITY/LENGTH/WHY/SENSE ; clé unique sous les conditions explicites.","FFESSM — MFT N2 mai 2026, p.3–4 (prérogatives/accès/délivrance), p.5 et 14 (assistance PA20) : https://api.ffessm.fr/V1/Commissions/ManuelFormationList/Download/d7c761c8-79ed-42f2-a675-90e4c6095a56",2026-10-10,"QCM pertinent, modèle historique conservé",c14c959eed104b42a8b4370e079928736d797560a62ed327c0744c944d71692a
n2-prerogatives-experience-naturel-001,P024,1,ACCEPT,Conservée : cadre et tâche précis ; distinction réglementaire et erreurs de chaque choix relues.,2,Six,Confondre minimum d’entrée et volume de formation supplémentaire.,"Le minimum demandé pour débuter est quatre, pas six.","Question, choix et explication relus après rédaction : ISOLATION/CREDIBILITY/LENGTH/WHY/SENSE ; clé unique sous les conditions explicites.","FFESSM — MFT N2 mai 2026, p.3–4 (prérogatives/accès/délivrance), p.5 et 14 (assistance PA20) : https://api.ffessm.fr/V1/Commissions/ManuelFormationList/Download/d7c761c8-79ed-42f2-a675-90e4c6095a56",2026-10-10,"QCM pertinent, modèle historique conservé",c14c959eed104b42a8b4370e079928736d797560a62ed327c0744c944d71692a
n2-prerogatives-experience-naturel-001,P024,1,ACCEPT,Conservée : cadre et tâche précis ; distinction réglementaire et erreurs de chaque choix relues.,3,Huit,Confondre minimum d’entrée et nombre de plongées d’un parcours.,"Le minimum d’accès est quatre, pas huit ; la certification exige des compétences.","Question, choix et explication relus après rédaction : ISOLATION/CREDIBILITY/LENGTH/WHY/SENSE ; clé unique sous les conditions explicites.","FFESSM — MFT N2 mai 2026, p.3–4 (prérogatives/accès/délivrance), p.5 et 14 (assistance PA20) : https://api.ffessm.fr/V1/Commissions/ManuelFormationList/Download/d7c761c8-79ed-42f2-a675-90e4c6095a56",2026-10-10,"QCM pertinent, modèle historique conservé",c14c959eed104b42a8b4370e079928736d797560a62ed327c0744c944d71692a
n2-prerogatives-cmas-etoiles-001,P026,1,ACCEPT,Conservée : cadre et tâche précis ; distinction réglementaire et erreurs de chaque choix relues.,1,Plongeur une étoile,Transférer la référence associée au niveau précédent.,"Le N2 est associé à deux étoiles, pas une.","Question, choix et explication relus après rédaction : ISOLATION/CREDIBILITY/LENGTH/WHY/SENSE ; clé unique sous les conditions explicites.","FFESSM — MFT N2 mai 2026, p.3–4 (prérogatives/accès/délivrance), p.5 et 14 (assistance PA20) : https://api.ffessm.fr/V1/Commissions/ManuelFormationList/Download/d7c761c8-79ed-42f2-a675-90e4c6095a56 ; FFESSM — présentation N2 et certification CMAS ; utilisée pour la correspondance, pas pour les âges : https://ffessm.fr/plongeur-niveau-2",2026-10-10,"QCM pertinent, modèle historique conservé",cb0c0deff59351bb486d6f3cd1bb943d6178b2c9711785f556a1462c09f04385
n2-prerogatives-cmas-etoiles-001,P026,1,ACCEPT,Conservée : cadre et tâche précis ; distinction réglementaire et erreurs de chaque choix relues.,2,Plongeur trois étoiles,Transférer la référence d’un niveau supérieur.,"Le N2 est associé à deux étoiles, pas trois.","Question, choix et explication relus après rédaction : ISOLATION/CREDIBILITY/LENGTH/WHY/SENSE ; clé unique sous les conditions explicites.","FFESSM — MFT N2 mai 2026, p.3–4 (prérogatives/accès/délivrance), p.5 et 14 (assistance PA20) : https://api.ffessm.fr/V1/Commissions/ManuelFormationList/Download/d7c761c8-79ed-42f2-a675-90e4c6095a56 ; FFESSM — présentation N2 et certification CMAS ; utilisée pour la correspondance, pas pour les âges : https://ffessm.fr/plongeur-niveau-2",2026-10-10,"QCM pertinent, modèle historique conservé",cb0c0deff59351bb486d6f3cd1bb943d6178b2c9711785f556a1462c09f04385
n2-prerogatives-etranger-regles-001,P027,1,REVISE,ISOLATION/CREDIBILITY : cas local concret avec deux profondeurs réellement associées au N2.,1,"40 m, dans les conditions des prérogatives françaises PE40",Confondre reconnaissance de la certification et transfert des prérogatives françaises.,La limite PE40 française n’annule pas la limite de la structure d’accueil.,"Question, choix et explication relus après rédaction : ISOLATION/CREDIBILITY/LENGTH/WHY/SENSE ; clé unique sous les conditions explicites.","FFESSM — MFT N2 mai 2026, p.3–4 (prérogatives/accès/délivrance), p.5 et 14 (assistance PA20) : https://api.ffessm.fr/V1/Commissions/ManuelFormationList/Download/d7c761c8-79ed-42f2-a675-90e4c6095a56 ; FFESSM — présentation N2 : https://ffessm.fr/plongeur-niveau-2",2026-10-10,"QCM pertinent, modèle historique conservé",01144850731e6eba14f7e6a7a226baaea2d7463a53fdf7fab28e9112fd93c1f6
n2-prerogatives-etranger-regles-001,P027,1,REVISE,ISOLATION/CREDIBILITY : cas local concret avec deux profondeurs réellement associées au N2.,2,"20 m, dans les conditions françaises d’autonomie PA20",Confondre exploration autonome et sortie encadrée à l’étranger.,"Le cas concerne une sortie encadrée limitée à 30 m, pas l’autonomie PA20 en France.","Question, choix et explication relus après rédaction : ISOLATION/CREDIBILITY/LENGTH/WHY/SENSE ; clé unique sous les conditions explicites.","FFESSM — MFT N2 mai 2026, p.3–4 (prérogatives/accès/délivrance), p.5 et 14 (assistance PA20) : https://api.ffessm.fr/V1/Commissions/ManuelFormationList/Download/d7c761c8-79ed-42f2-a675-90e4c6095a56 ; FFESSM — présentation N2 : https://ffessm.fr/plongeur-niveau-2",2026-10-10,"QCM pertinent, modèle historique conservé",01144850731e6eba14f7e6a7a226baaea2d7463a53fdf7fab28e9112fd93c1f6
n2-organisation-palanquee-001,P028,2,ACCEPT,Conservée : cadre et tâche précis ; distinction réglementaire et erreurs de chaque choix relues.,1,"Durée et trajet communs, profondeur choisie séparément",Admettre une profondeur individuelle dans un trajet commun.,La profondeur fait aussi partie des caractéristiques communes.,"Question, choix et explication relus après rédaction : ISOLATION/CREDIBILITY/LENGTH/WHY/SENSE ; clé unique sous les conditions explicites.","Code du sport — A322-72/73/74/78/80, section en vigueur affichée au 2026-10-08, consultation 2026-10-10 ; dispositions citées datées 2012 sauf A322-73 depuis 2025-10-31 : https://www.legifrance.gouv.fr/codes/section_lc/LEGITEXT000006071318/LEGISCTA000019261109/",2026-10-10,"QCM pertinent, modèle historique conservé",a9e536e5712c51ea5106e294d60702e2c7cde8263dd32613e2a06d452ab750c1
n2-organisation-palanquee-001,P028,2,ACCEPT,Conservée : cadre et tâche précis ; distinction réglementaire et erreurs de chaque choix relues.,2,"Profondeur et trajet communs, durée choisie séparément",Admettre une durée individuelle dans un trajet commun.,La durée fait aussi partie des caractéristiques communes.,"Question, choix et explication relus après rédaction : ISOLATION/CREDIBILITY/LENGTH/WHY/SENSE ; clé unique sous les conditions explicites.","Code du sport — A322-72/73/74/78/80, section en vigueur affichée au 2026-10-08, consultation 2026-10-10 ; dispositions citées datées 2012 sauf A322-73 depuis 2025-10-31 : https://www.legifrance.gouv.fr/codes/section_lc/LEGITEXT000006071318/LEGISCTA000019261109/",2026-10-10,"QCM pertinent, modèle historique conservé",a9e536e5712c51ea5106e294d60702e2c7cde8263dd32613e2a06d452ab750c1
n2-organisation-palanquee-001,P028,2,ACCEPT,Conservée : cadre et tâche précis ; distinction réglementaire et erreurs de chaque choix relues.,3,"Durée et profondeur communes, trajet choisi séparément",Admettre des trajets distincts à durée/profondeur communes.,Le trajet fait aussi partie de la plongée commune définissant la palanquée.,"Question, choix et explication relus après rédaction : ISOLATION/CREDIBILITY/LENGTH/WHY/SENSE ; clé unique sous les conditions explicites.","Code du sport — A322-72/73/74/78/80, section en vigueur affichée au 2026-10-08, consultation 2026-10-10 ; dispositions citées datées 2012 sauf A322-73 depuis 2025-10-31 : https://www.legifrance.gouv.fr/codes/section_lc/LEGITEXT000006071318/LEGISCTA000019261109/",2026-10-10,"QCM pertinent, modèle historique conservé",a9e536e5712c51ea5106e294d60702e2c7cde8263dd32613e2a06d452ab750c1
n2-organisation-melanges-contraintes-001,P030,2,ACCEPT,Conservée : cadre et tâche précis ; distinction réglementaire et erreurs de chaque choix relues.,1,Les aptitudes les plus restrictives ; chaque mélange limite seulement son utilisateur,Limiter la règle collective aux aptitudes.,Le mélange le plus contraignant limite aussi tout le groupe.,"Question, choix et explication relus après rédaction : ISOLATION/CREDIBILITY/LENGTH/WHY/SENSE ; clé unique sous les conditions explicites.","Code du sport — A322-72/73/74/78/80, section en vigueur affichée au 2026-10-08, consultation 2026-10-10 ; dispositions citées datées 2012 sauf A322-73 depuis 2025-10-31 : https://www.legifrance.gouv.fr/codes/section_lc/LEGITEXT000006071318/LEGISCTA000019261109/",2026-10-10,"QCM pertinent, modèle historique conservé",2c06099e94d63e62980758f6a2937fc31b4989539e59718de36ab231ff417282
n2-organisation-melanges-contraintes-001,P030,2,ACCEPT,Conservée : cadre et tâche précis ; distinction réglementaire et erreurs de chaque choix relues.,2,Le mélange le plus contraignant ; chaque aptitude limite seulement son titulaire,Limiter la règle collective au mélange.,Les aptitudes les plus restrictives limitent aussi tout le groupe.,"Question, choix et explication relus après rédaction : ISOLATION/CREDIBILITY/LENGTH/WHY/SENSE ; clé unique sous les conditions explicites.","Code du sport — A322-72/73/74/78/80, section en vigueur affichée au 2026-10-08, consultation 2026-10-10 ; dispositions citées datées 2012 sauf A322-73 depuis 2025-10-31 : https://www.legifrance.gouv.fr/codes/section_lc/LEGITEXT000006071318/LEGISCTA000019261109/",2026-10-10,"QCM pertinent, modèle historique conservé",2c06099e94d63e62980758f6a2937fc31b4989539e59718de36ab231ff417282
n2-organisation-melanges-contraintes-001,P030,2,ACCEPT,Conservée : cadre et tâche précis ; distinction réglementaire et erreurs de chaque choix relues.,3,Les aptitudes et le mélange du plongeur qui conduit le groupe,Prendre le conducteur comme référence pour le groupe.,Les maxima ne sont pas ceux du mieux qualifié ou de celui qui conduit.,"Question, choix et explication relus après rédaction : ISOLATION/CREDIBILITY/LENGTH/WHY/SENSE ; clé unique sous les conditions explicites.","Code du sport — A322-72/73/74/78/80, section en vigueur affichée au 2026-10-08, consultation 2026-10-10 ; dispositions citées datées 2012 sauf A322-73 depuis 2025-10-31 : https://www.legifrance.gouv.fr/codes/section_lc/LEGITEXT000006071318/LEGISCTA000019261109/",2026-10-10,"QCM pertinent, modèle historique conservé",2c06099e94d63e62980758f6a2937fc31b4989539e59718de36ab231ff417282
n2-organisation-dp-parametres-001,P032,2,ACCEPT,Conservée : cadre et tâche précis ; distinction réglementaire et erreurs de chaque choix relues.,1,Le guide de palanquée,Confondre conduite immergée et définition des caractéristiques de la sortie.,Le GP adapte le déroulement dans le cadre fixé par le DP.,"Question, choix et explication relus après rédaction : ISOLATION/CREDIBILITY/LENGTH/WHY/SENSE ; clé unique sous les conditions explicites.","Code du sport — A322-72/73/74/78/80, section en vigueur affichée au 2026-10-08, consultation 2026-10-10 ; dispositions citées datées 2012 sauf A322-73 depuis 2025-10-31 : https://www.legifrance.gouv.fr/codes/section_lc/LEGITEXT000006071318/LEGISCTA000019261109/",2026-10-10,"QCM pertinent, modèle historique conservé",58637f3ce172fded46ee68bcf7a60fef070a5b0faab7afd7a1a85338cca7d04e
n2-organisation-dp-parametres-001,P032,2,ACCEPT,Conservée : cadre et tâche précis ; distinction réglementaire et erreurs de chaque choix relues.,2,Les équipiers autonomes,Confondre planification autonome et fixation du cadre global.,Les autonomes planifient dans les caractéristiques fixées par le DP.,"Question, choix et explication relus après rédaction : ISOLATION/CREDIBILITY/LENGTH/WHY/SENSE ; clé unique sous les conditions explicites.","Code du sport — A322-72/73/74/78/80, section en vigueur affichée au 2026-10-08, consultation 2026-10-10 ; dispositions citées datées 2012 sauf A322-73 depuis 2025-10-31 : https://www.legifrance.gouv.fr/codes/section_lc/LEGITEXT000006071318/LEGISCTA000019261109/",2026-10-10,"QCM pertinent, modèle historique conservé",58637f3ce172fded46ee68bcf7a60fef070a5b0faab7afd7a1a85338cca7d04e
n2-organisation-dp-parametres-001,P032,2,ACCEPT,Conservée : cadre et tâche précis ; distinction réglementaire et erreurs de chaque choix relues.,3,L’encadrant le plus qualifié présent,Confondre rang de qualification et fonction désignée.,Le plus qualifié n’est pas nécessairement le DP responsable.,"Question, choix et explication relus après rédaction : ISOLATION/CREDIBILITY/LENGTH/WHY/SENSE ; clé unique sous les conditions explicites.","Code du sport — A322-72/73/74/78/80, section en vigueur affichée au 2026-10-08, consultation 2026-10-10 ; dispositions citées datées 2012 sauf A322-73 depuis 2025-10-31 : https://www.legifrance.gouv.fr/codes/section_lc/LEGITEXT000006071318/LEGISCTA000019261109/",2026-10-10,"QCM pertinent, modèle historique conservé",58637f3ce172fded46ee68bcf7a60fef070a5b0faab7afd7a1a85338cca7d04e
n2-organisation-dp-secours-001,P033,2,ACCEPT,Conservée : cadre et tâche précis ; distinction réglementaire et erreurs de chaque choix relues.,1,Le guide de palanquée,Confondre responsabilité de la palanquée et organisation technique sur site.,Le GP conduit sa palanquée ; la responsabilité technique visée relève du DP.,"Question, choix et explication relus après rédaction : ISOLATION/CREDIBILITY/LENGTH/WHY/SENSE ; clé unique sous les conditions explicites.","Code du sport — A322-72/73/74/78/80, section en vigueur affichée au 2026-10-08, consultation 2026-10-10 ; dispositions citées datées 2012 sauf A322-73 depuis 2025-10-31 : https://www.legifrance.gouv.fr/codes/section_lc/LEGITEXT000006071318/LEGISCTA000019261109/",2026-10-10,"QCM pertinent, modèle historique conservé",9c97b9155673e0278e733cd47faae893189869098142b36d08d44fda3a447bc9
n2-organisation-dp-secours-001,P033,2,ACCEPT,Conservée : cadre et tâche précis ; distinction réglementaire et erreurs de chaque choix relues.,2,Le chef de bord,Confondre navigation et organisation de la plongée.,Le chef de bord a ses fonctions nautiques ; la fonction désignée ici est DP.,"Question, choix et explication relus après rédaction : ISOLATION/CREDIBILITY/LENGTH/WHY/SENSE ; clé unique sous les conditions explicites.","Code du sport — A322-72/73/74/78/80, section en vigueur affichée au 2026-10-08, consultation 2026-10-10 ; dispositions citées datées 2012 sauf A322-73 depuis 2025-10-31 : https://www.legifrance.gouv.fr/codes/section_lc/LEGITEXT000006071318/LEGISCTA000019261109/",2026-10-10,"QCM pertinent, modèle historique conservé",9c97b9155673e0278e733cd47faae893189869098142b36d08d44fda3a447bc9
n2-organisation-dp-secours-001,P033,2,ACCEPT,Conservée : cadre et tâche précis ; distinction réglementaire et erreurs de chaque choix relues.,3,L’encadrant le plus qualifié présent,Confondre qualification supérieure et responsabilité fonctionnelle.,"Le DP, pas nécessairement le plus qualifié présent, porte cette responsabilité.","Question, choix et explication relus après rédaction : ISOLATION/CREDIBILITY/LENGTH/WHY/SENSE ; clé unique sous les conditions explicites.","Code du sport — A322-72/73/74/78/80, section en vigueur affichée au 2026-10-08, consultation 2026-10-10 ; dispositions citées datées 2012 sauf A322-73 depuis 2025-10-31 : https://www.legifrance.gouv.fr/codes/section_lc/LEGITEXT000006071318/LEGISCTA000019261109/",2026-10-10,"QCM pertinent, modèle historique conservé",9c97b9155673e0278e733cd47faae893189869098142b36d08d44fda3a447bc9
n2-organisation-fiche-securite-001,P035,2,REVISE,CREDIBILITY/ISOLATION : même nombre de groupes d’informations ; retirer le contexte N3 sans DP du recto N2.,1,Les paramètres prévus avant immersion et ceux des plongées précédentes,Confondre fiche de sortie et historique individuel de désaturation.,"L’obligation porte sur les paramètres prévus et réalisés de la sortie, pas sur les précédentes à leur place.","Question, choix et explication relus après rédaction : ISOLATION/CREDIBILITY/LENGTH/WHY/SENSE ; clé unique sous les conditions explicites.","Code du sport — A322-72/73/74/78/80, section en vigueur affichée au 2026-10-08, consultation 2026-10-10 ; dispositions citées datées 2012 sauf A322-73 depuis 2025-10-31 : https://www.legifrance.gouv.fr/codes/section_lc/LEGITEXT000006071318/LEGISCTA000019261109/",2026-10-10,"QCM pertinent, modèle historique conservé",8e29899cd13acd6adf7c3ff8d46e2805e40eab8e71a1910e5e588248d7b10843
n2-organisation-fiche-securite-001,P035,2,REVISE,CREDIBILITY/ISOLATION : même nombre de groupes d’informations ; retirer le contexte N3 sans DP du recto N2.,2,Les paramètres réellement réalisés et ceux des plongées précédentes,Confondre carnet historique et fiche préparée par le DP.,"Les paramètres prévus sont également requis, avant de connaître les paramètres réalisés.","Question, choix et explication relus après rédaction : ISOLATION/CREDIBILITY/LENGTH/WHY/SENSE ; clé unique sous les conditions explicites.","Code du sport — A322-72/73/74/78/80, section en vigueur affichée au 2026-10-08, consultation 2026-10-10 ; dispositions citées datées 2012 sauf A322-73 depuis 2025-10-31 : https://www.legifrance.gouv.fr/codes/section_lc/LEGITEXT000006071318/LEGISCTA000019261109/",2026-10-10,"QCM pertinent, modèle historique conservé",8e29899cd13acd6adf7c3ff8d46e2805e40eab8e71a1910e5e588248d7b10843
n2-organisation-guide-conduite-001,P038,2,REVISE,ISOLATION/CREDIBILITY : application de deux limites réelles plutôt que règle abstraite seule nuancée.,1,Maintenir l’objectif de 30 m en laissant au DP toute adaptation du profil,Confondre limite autorisée et cible que seul le DP peut modifier.,L’adaptation en immersion relève du guide dans le cadre fixé.,"Question, choix et explication relus après rédaction : ISOLATION/CREDIBILITY/LENGTH/WHY/SENSE ; clé unique sous les conditions explicites.","Code du sport — A322-72/73/74/78/80, section en vigueur affichée au 2026-10-08, consultation 2026-10-10 ; dispositions citées datées 2012 sauf A322-73 depuis 2025-10-31 : https://www.legifrance.gouv.fr/codes/section_lc/LEGITEXT000006071318/LEGISCTA000019261109/",2026-10-10,"QCM pertinent, modèle historique conservé",7987bd82b7a5234cc65affbe1b8d71f1739f841db8b26f43dd7f8bbdf4140029
n2-organisation-guide-conduite-001,P038,2,REVISE,ISOLATION/CREDIBILITY : application de deux limites réelles plutôt que règle abstraite seule nuancée.,2,Porter l’objectif à 40 m si les aptitudes PE40 du groupe le permettent,Confondre maximum d’aptitude et maximum autorisé pour cette plongée.,Les 30 m fixés par le DP ne peuvent pas être portés à 40 m par le guide.,"Question, choix et explication relus après rédaction : ISOLATION/CREDIBILITY/LENGTH/WHY/SENSE ; clé unique sous les conditions explicites.","Code du sport — A322-72/73/74/78/80, section en vigueur affichée au 2026-10-08, consultation 2026-10-10 ; dispositions citées datées 2012 sauf A322-73 depuis 2025-10-31 : https://www.legifrance.gouv.fr/codes/section_lc/LEGITEXT000006071318/LEGISCTA000019261109/",2026-10-10,"QCM pertinent, modèle historique conservé",7987bd82b7a5234cc65affbe1b8d71f1739f841db8b26f43dd7f8bbdf4140029
n2-organisation-autonomie-collective-001,P039,2,REVISE,CREDIBILITY : compétences réellement voisines PA20/PE40 ; retirer le contrôle de matériel réservé au DP.,1,Intervenir en relais d’un guide qui conduit la palanquée,Transférer la compétence PE40 de relais dans la conduite autonome.,PA20 inclut l’assistance sans guide dirigeant la palanquée.,"Question, choix et explication relus après rédaction : ISOLATION/CREDIBILITY/LENGTH/WHY/SENSE ; clé unique sous les conditions explicites.","FFESSM — MFT N2 mai 2026, p.3–4 (prérogatives/accès/délivrance), p.5 et 14 (assistance PA20) : https://api.ffessm.fr/V1/Commissions/ManuelFormationList/Download/d7c761c8-79ed-42f2-a675-90e4c6095a56 ; Code du sport — A322-72/73/74/78/80, section en vigueur affichée au 2026-10-08, consultation 2026-10-10 ; dispositions citées datées 2012 sauf A322-73 depuis 2025-10-31 : https://www.legifrance.gouv.fr/codes/section_lc/LEGITEXT000006071318/LEGISCTA000019261109/",2026-10-10,"QCM pertinent, modèle historique conservé",945aab72862d9e3d349997738c72f7363d7cd37fc20f55cdeb73f69f8681a5b9
n2-organisation-autonomie-collective-001,P039,2,REVISE,CREDIBILITY : compétences réellement voisines PA20/PE40 ; retirer le contrôle de matériel réservé au DP.,2,Signaler au guide la difficulté et suivre sa conduite de la palanquée,Transférer la communication avec le guide à la palanquée autonome.,Il n’y a pas de guide conduisant cette palanquée ; signaler ne remplace pas la compétence d’assistance.,"Question, choix et explication relus après rédaction : ISOLATION/CREDIBILITY/LENGTH/WHY/SENSE ; clé unique sous les conditions explicites.","FFESSM — MFT N2 mai 2026, p.3–4 (prérogatives/accès/délivrance), p.5 et 14 (assistance PA20) : https://api.ffessm.fr/V1/Commissions/ManuelFormationList/Download/d7c761c8-79ed-42f2-a675-90e4c6095a56 ; Code du sport — A322-72/73/74/78/80, section en vigueur affichée au 2026-10-08, consultation 2026-10-10 ; dispositions citées datées 2012 sauf A322-73 depuis 2025-10-31 : https://www.legifrance.gouv.fr/codes/section_lc/LEGITEXT000006071318/LEGISCTA000019261109/",2026-10-10,"QCM pertinent, modèle historique conservé",945aab72862d9e3d349997738c72f7363d7cd37fc20f55cdeb73f69f8681a5b9
n2-organisation-plan-secours-001,P041,2,REVISE,"CREDIBILITY : listes complètes de même taille ; question de liste obligatoire, pas de personnes pouvant être informées.",1,"Le DP, les personnes encadrant les palanquées et les responsables légaux des mineurs",Confondre destinataires du plan de secours et autorisation des mineurs.,Les autonomes sont destinataires ; les responsables légaux ne les remplacent pas dans la liste obligatoire.,"Question, choix et explication relus après rédaction : ISOLATION/CREDIBILITY/LENGTH/WHY/SENSE ; clé unique sous les conditions explicites.","Code du sport — A322-72/73/74/78/80, section en vigueur affichée au 2026-10-08, consultation 2026-10-10 ; dispositions citées datées 2012 sauf A322-73 depuis 2025-10-31 : https://www.legifrance.gouv.fr/codes/section_lc/LEGITEXT000006071318/LEGISCTA000019261109/",2026-10-10,"QCM pertinent, modèle historique conservé",ceab66aad7263f7058f1a2e32e561f692041ea06785a05f79e656977c392e799
n2-organisation-plan-secours-001,P041,2,REVISE,"CREDIBILITY : listes complètes de même taille ; question de liste obligatoire, pas de personnes pouvant être informées.",2,"Le DP, les plongeurs autonomes et les responsables légaux des mineurs",Omettre les encadrants en ajoutant un destinataire lié aux mineurs.,Les encadrants sont expressément destinataires du plan.,"Question, choix et explication relus après rédaction : ISOLATION/CREDIBILITY/LENGTH/WHY/SENSE ; clé unique sous les conditions explicites.","Code du sport — A322-72/73/74/78/80, section en vigueur affichée au 2026-10-08, consultation 2026-10-10 ; dispositions citées datées 2012 sauf A322-73 depuis 2025-10-31 : https://www.legifrance.gouv.fr/codes/section_lc/LEGITEXT000006071318/LEGISCTA000019261109/",2026-10-10,"QCM pertinent, modèle historique conservé",ceab66aad7263f7058f1a2e32e561f692041ea06785a05f79e656977c392e799
n2-organisation-vhf-001,P043,2,REVISE,"CREDIBILITY : comparer des champs d’application voisins plutôt que dispensations inventées selon réseau, côte ou paliers.",1,"En milieu naturel, au départ de toute embarcation support de plongée",Transférer à la VHF le champ du moyen de rappel.,Le moyen de rappel vise toute embarcation en milieu naturel ; la VHF vise la mer au départ d’une embarcation.,"Question, choix et explication relus après rédaction : ISOLATION/CREDIBILITY/LENGTH/WHY/SENSE ; clé unique sous les conditions explicites.","Code du sport — A322-72/73/74/78/80, section en vigueur affichée au 2026-10-08, consultation 2026-10-10 ; dispositions citées datées 2012 sauf A322-73 depuis 2025-10-31 : https://www.legifrance.gouv.fr/codes/section_lc/LEGITEXT000006071318/LEGISCTA000019261109/",2026-10-10,"QCM pertinent, modèle historique conservé",7959554088ffdff718f0fe1d61e24b41d1f27df1fc1c79b2e0d2c581108070b1
n2-organisation-vhf-001,P043,2,REVISE,"CREDIBILITY : comparer des champs d’application voisins plutôt que dispensations inventées selon réseau, côte ou paliers.",2,"En mer, pour toute mise à l’eau même depuis le rivage",Oublier la condition de départ depuis une embarcation.,Une mise à l’eau du bord n’entre pas dans cette exigence VHF spécifique.,"Question, choix et explication relus après rédaction : ISOLATION/CREDIBILITY/LENGTH/WHY/SENSE ; clé unique sous les conditions explicites.","Code du sport — A322-72/73/74/78/80, section en vigueur affichée au 2026-10-08, consultation 2026-10-10 ; dispositions citées datées 2012 sauf A322-73 depuis 2025-10-31 : https://www.legifrance.gouv.fr/codes/section_lc/LEGITEXT000006071318/LEGISCTA000019261109/",2026-10-10,"QCM pertinent, modèle historique conservé",7959554088ffdff718f0fe1d61e24b41d1f27df1fc1c79b2e0d2c581108070b1
n2-organisation-eau-couverture-001,P044,2,REVISE,"CREDIBILITY : trois paires de fournitures plausibles, sans facultatif ajouté seulement aux mauvaises réponses.",1,Eau douce potable et couverture chauffante électrique,Confondre deux dispositifs de protection/réchauffement.,"L’obligation nomme une couverture isothermique, pas une couverture électrique en remplacement.","Question, choix et explication relus après rédaction : ISOLATION/CREDIBILITY/LENGTH/WHY/SENSE ; clé unique sous les conditions explicites.","Code du sport — A322-72/73/74/78/80, section en vigueur affichée au 2026-10-08, consultation 2026-10-10 ; dispositions citées datées 2012 sauf A322-73 depuis 2025-10-31 : https://www.legifrance.gouv.fr/codes/section_lc/LEGITEXT000006071318/LEGISCTA000019261109/",2026-10-10,"QCM pertinent, modèle historique conservé",338239dc04ee14b0085751fc2b42c7d4022cdf8a7b814af07c80c0d5e3944bf3
n2-organisation-eau-couverture-001,P044,2,REVISE,"CREDIBILITY : trois paires de fournitures plausibles, sans facultatif ajouté seulement aux mauvaises réponses.",2,Sérum physiologique et couverture isothermique,Confondre liquide médical et eau potable disponible.,"Le texte exige de l’eau douce potable, pas du sérum à sa place.","Question, choix et explication relus après rédaction : ISOLATION/CREDIBILITY/LENGTH/WHY/SENSE ; clé unique sous les conditions explicites.","Code du sport — A322-72/73/74/78/80, section en vigueur affichée au 2026-10-08, consultation 2026-10-10 ; dispositions citées datées 2012 sauf A322-73 depuis 2025-10-31 : https://www.legifrance.gouv.fr/codes/section_lc/LEGITEXT000006071318/LEGISCTA000019261109/",2026-10-10,"QCM pertinent, modèle historique conservé",338239dc04ee14b0085751fc2b42c7d4022cdf8a7b814af07c80c0d5e3944bf3
n2-organisation-oxygene-capacite-001,P045,2,ACCEPT,Conservée : cadre et tâche précis ; distinction réglementaire et erreurs de chaque choix relues.,1,Jusqu’au retour du bateau au port,Prendre le retour au port pour la fin du besoin de réserve.,Le port ne garantit pas l’arrivée des secours médicaux.,"Question, choix et explication relus après rédaction : ISOLATION/CREDIBILITY/LENGTH/WHY/SENSE ; clé unique sous les conditions explicites.","Code du sport — A322-72/73/74/78/80, section en vigueur affichée au 2026-10-08, consultation 2026-10-10 ; dispositions citées datées 2012 sauf A322-73 depuis 2025-10-31 : https://www.legifrance.gouv.fr/codes/section_lc/LEGITEXT000006071318/LEGISCTA000019261109/",2026-10-10,"QCM pertinent, modèle historique conservé",19fe0ee72a055fd2b79366349508dd25ddebd46982bac4989c854ea7bc25afe7
n2-organisation-oxygene-capacite-001,P045,2,ACCEPT,Conservée : cadre et tâche précis ; distinction réglementaire et erreurs de chaque choix relues.,2,Jusqu’au début du transport vers le centre de soins,Prendre une étape logistique pour le relais médical.,Le début d’un transport ne garantit pas que les secours médicaux ont pris le relais.,"Question, choix et explication relus après rédaction : ISOLATION/CREDIBILITY/LENGTH/WHY/SENSE ; clé unique sous les conditions explicites.","Code du sport — A322-72/73/74/78/80, section en vigueur affichée au 2026-10-08, consultation 2026-10-10 ; dispositions citées datées 2012 sauf A322-73 depuis 2025-10-31 : https://www.legifrance.gouv.fr/codes/section_lc/LEGITEXT000006071318/LEGISCTA000019261109/",2026-10-10,"QCM pertinent, modèle historique conservé",19fe0ee72a055fd2b79366349508dd25ddebd46982bac4989c854ea7bc25afe7
n2-organisation-fiche-evacuation-001,P047,2,REVISE,CREDIBILITY : documents réellement liés à plongée/médecine/accident plutôt que disponibilité anticipée opposée à improvisation évidente.,1,Le modèle fédéral de déclaration d’accident à l’assureur,Confondre transmission de secours et formalité d’assurance après accident.,La déclaration à l’assureur ne remplace pas les fiches réglementaires d’évacuation.,"Question, choix et explication relus après rédaction : ISOLATION/CREDIBILITY/LENGTH/WHY/SENSE ; clé unique sous les conditions explicites.","Code du sport — A322-72/73/74/78/80, section en vigueur affichée au 2026-10-08, consultation 2026-10-10 ; dispositions citées datées 2012 sauf A322-73 depuis 2025-10-31 : https://www.legifrance.gouv.fr/codes/section_lc/LEGITEXT000006071318/LEGISCTA000019261109/",2026-10-10,"QCM pertinent, modèle historique conservé",17d79d0d1518e0f55dfa458e47dd6e710a614149b131e89ee40ed391a3e3e428
n2-organisation-fiche-evacuation-001,P047,2,REVISE,CREDIBILITY : documents réellement liés à plongée/médecine/accident plutôt que disponibilité anticipée opposée à improvisation évidente.,2,Le modèle médical de certificat d’absence de contre-indication,Confondre document médical d’accès et document de secours.,Le CACI atteste une absence de contre-indication ; ce n’est pas la fiche de prise en charge requise.,"Question, choix et explication relus après rédaction : ISOLATION/CREDIBILITY/LENGTH/WHY/SENSE ; clé unique sous les conditions explicites.","Code du sport — A322-72/73/74/78/80, section en vigueur affichée au 2026-10-08, consultation 2026-10-10 ; dispositions citées datées 2012 sauf A322-73 depuis 2025-10-31 : https://www.legifrance.gouv.fr/codes/section_lc/LEGITEXT000006071318/LEGISCTA000019261109/",2026-10-10,"QCM pertinent, modèle historique conservé",17d79d0d1518e0f55dfa458e47dd6e710a614149b131e89ee40ed391a3e3e428
n2-organisation-bloc-secours-001,P048,2,REVISE,CREDIBILITY : distinguer équipements proches ; retirer le bloc personnel supplémentaire sans détendeur redondant.,1,Un bloc d’air disponible avec un premier étage monté mais sans deuxième étage,Prendre un raccordement au bloc pour un détendeur complet.,Il manque le deuxième étage qui fournit le gaz au plongeur.,"Question, choix et explication relus après rédaction : ISOLATION/CREDIBILITY/LENGTH/WHY/SENSE ; clé unique sous les conditions explicites.","Code du sport — A322-72/73/74/78/80, section en vigueur affichée au 2026-10-08, consultation 2026-10-10 ; dispositions citées datées 2012 sauf A322-73 depuis 2025-10-31 : https://www.legifrance.gouv.fr/codes/section_lc/LEGITEXT000006071318/LEGISCTA000019261109/",2026-10-10,"QCM pertinent, modèle historique conservé",6dfc0800b272a4d88493f6bfc5216d02290a14307d2986d3b3484402bc303853
n2-organisation-bloc-secours-001,P048,2,REVISE,CREDIBILITY : distinguer équipements proches ; retirer le bloc personnel supplémentaire sans détendeur redondant.,2,Un bloc d’oxygène médical disponible avec son manodétendeur d’oxygénothérapie,Confondre réserve de gaz d’assistance et ensemble d’oxygénothérapie.,L’oxygène médical sert à une autre fonction et ne remplace pas le bloc d’air exigé.,"Question, choix et explication relus après rédaction : ISOLATION/CREDIBILITY/LENGTH/WHY/SENSE ; clé unique sous les conditions explicites.","Code du sport — A322-72/73/74/78/80, section en vigueur affichée au 2026-10-08, consultation 2026-10-10 ; dispositions citées datées 2012 sauf A322-73 depuis 2025-10-31 : https://www.legifrance.gouv.fr/codes/section_lc/LEGITEXT000006071318/LEGISCTA000019261109/",2026-10-10,"QCM pertinent, modèle historique conservé",6dfc0800b272a4d88493f6bfc5216d02290a14307d2986d3b3484402bc303853
n2-organisation-rappel-bateau-001,P049,2,ACCEPT,Conservée : cadre et tâche précis ; distinction réglementaire et erreurs de chaque choix relues.,1,Toute plongée en mer au départ d’une embarcation,Transférer le champ de la VHF au rappel.,"Le rappel vise le milieu naturel, donc aussi les départs d’une embarcation en eau douce.","Question, choix et explication relus après rédaction : ISOLATION/CREDIBILITY/LENGTH/WHY/SENSE ; clé unique sous les conditions explicites.","Code du sport — A322-72/73/74/78/80, section en vigueur affichée au 2026-10-08, consultation 2026-10-10 ; dispositions citées datées 2012 sauf A322-73 depuis 2025-10-31 : https://www.legifrance.gouv.fr/codes/section_lc/LEGITEXT000006071318/LEGISCTA000019261109/",2026-10-10,"QCM pertinent, modèle historique conservé",b4ffe8167d20b34d7492cf56344567b61a3517dd586653f3224b0fe51973fdf5
n2-organisation-rappel-bateau-001,P049,2,ACCEPT,Conservée : cadre et tâche précis ; distinction réglementaire et erreurs de chaque choix relues.,2,Toute plongée autonome au départ d’une embarcation,Limiter le rappel à la plongée autonome.,La règle ne distingue pas encadré et autonome dans ce champ.,"Question, choix et explication relus après rédaction : ISOLATION/CREDIBILITY/LENGTH/WHY/SENSE ; clé unique sous les conditions explicites.","Code du sport — A322-72/73/74/78/80, section en vigueur affichée au 2026-10-08, consultation 2026-10-10 ; dispositions citées datées 2012 sauf A322-73 depuis 2025-10-31 : https://www.legifrance.gouv.fr/codes/section_lc/LEGITEXT000006071318/LEGISCTA000019261109/",2026-10-10,"QCM pertinent, modèle historique conservé",b4ffe8167d20b34d7492cf56344567b61a3517dd586653f3224b0fe51973fdf5
n2-organisation-tables-assistance-001,P050,2,ACCEPT,Conservée : cadre et tâche précis ; distinction réglementaire et erreurs de chaque choix relues.,1,10 m,Transférer un repère usuel de profondeur à ce seuil d’assistance.,"Le seuil légal est au-delà de six mètres, pas dix.","Question, choix et explication relus après rédaction : ISOLATION/CREDIBILITY/LENGTH/WHY/SENSE ; clé unique sous les conditions explicites.","Code du sport — A322-72/73/74/78/80, section en vigueur affichée au 2026-10-08, consultation 2026-10-10 ; dispositions citées datées 2012 sauf A322-73 depuis 2025-10-31 : https://www.legifrance.gouv.fr/codes/section_lc/LEGITEXT000006071318/LEGISCTA000019261109/",2026-10-10,"QCM pertinent, modèle historique conservé",81c3aca4e9d7d7d0fc0b4c66cbe5c2ca53cb192dbe2dd976ef4304079c79965f
n2-organisation-tables-assistance-001,P050,2,ACCEPT,Conservée : cadre et tâche précis ; distinction réglementaire et erreurs de chaque choix relues.,2,20 m,Transférer la limite PA20 au matériel collectif.,"Le seuil est six mètres, pas vingt.","Question, choix et explication relus après rédaction : ISOLATION/CREDIBILITY/LENGTH/WHY/SENSE ; clé unique sous les conditions explicites.","Code du sport — A322-72/73/74/78/80, section en vigueur affichée au 2026-10-08, consultation 2026-10-10 ; dispositions citées datées 2012 sauf A322-73 depuis 2025-10-31 : https://www.legifrance.gouv.fr/codes/section_lc/LEGITEXT000006071318/LEGISCTA000019261109/",2026-10-10,"QCM pertinent, modèle historique conservé",81c3aca4e9d7d7d0fc0b4c66cbe5c2ca53cb192dbe2dd976ef4304079c79965f
n2-organisation-tables-assistance-001,P050,2,ACCEPT,Conservée : cadre et tâche précis ; distinction réglementaire et erreurs de chaque choix relues.,3,40 m,Transférer la limite PE40 au matériel collectif.,"Le seuil est six mètres, pas quarante.","Question, choix et explication relus après rédaction : ISOLATION/CREDIBILITY/LENGTH/WHY/SENSE ; clé unique sous les conditions explicites.","Code du sport — A322-72/73/74/78/80, section en vigueur affichée au 2026-10-08, consultation 2026-10-10 ; dispositions citées datées 2012 sauf A322-73 depuis 2025-10-31 : https://www.legifrance.gouv.fr/codes/section_lc/LEGITEXT000006071318/LEGISCTA000019261109/",2026-10-10,"QCM pertinent, modèle historique conservé",81c3aca4e9d7d7d0fc0b4c66cbe5c2ca53cb192dbe2dd976ef4304079c79965f
n2-organisation-gilet-surface-001,P052,2,ACCEPT,Conservée : cadre et tâche précis ; distinction réglementaire et erreurs de chaque choix relues.,1,Un système individuel gonflable uniquement à la bouche,Assimiler possibilité de gonflage oral et exigence de gonflage comprimé.,Le système individuel doit être gonflable au gaz comprimé.,"Question, choix et explication relus après rédaction : ISOLATION/CREDIBILITY/LENGTH/WHY/SENSE ; clé unique sous les conditions explicites.","Code du sport — A322-72/73/74/78/80, section en vigueur affichée au 2026-10-08, consultation 2026-10-10 ; dispositions citées datées 2012 sauf A322-73 depuis 2025-10-31 : https://www.legifrance.gouv.fr/codes/section_lc/LEGITEXT000006071318/LEGISCTA000019261109/",2026-10-10,"QCM pertinent, modèle historique conservé",83821841510df25234a21e3f1569e8f70da1e62627d078dbb1e4c18ae3b42681
n2-organisation-gilet-surface-001,P052,2,ACCEPT,Conservée : cadre et tâche précis ; distinction réglementaire et erreurs de chaque choix relues.,2,Un système au gaz comprimé porté seulement par le guide,Transférer l’obligation de chaque plongeur à son seul guide.,Chaque plongeur en circuit ouvert doit en être muni.,"Question, choix et explication relus après rédaction : ISOLATION/CREDIBILITY/LENGTH/WHY/SENSE ; clé unique sous les conditions explicites.","Code du sport — A322-72/73/74/78/80, section en vigueur affichée au 2026-10-08, consultation 2026-10-10 ; dispositions citées datées 2012 sauf A322-73 depuis 2025-10-31 : https://www.legifrance.gouv.fr/codes/section_lc/LEGITEXT000006071318/LEGISCTA000019261109/",2026-10-10,"QCM pertinent, modèle historique conservé",83821841510df25234a21e3f1569e8f70da1e62627d078dbb1e4c18ae3b42681
n2-organisation-gilet-surface-001,P052,2,ACCEPT,Conservée : cadre et tâche précis ; distinction réglementaire et erreurs de chaque choix relues.,3,Un parachute gonflable commun à la palanquée,Confondre signalisation collective et maintien individuel en surface.,Le parachute de palanquée ne remplace pas le système individuel requis.,"Question, choix et explication relus après rédaction : ISOLATION/CREDIBILITY/LENGTH/WHY/SENSE ; clé unique sous les conditions explicites.","Code du sport — A322-72/73/74/78/80, section en vigueur affichée au 2026-10-08, consultation 2026-10-10 ; dispositions citées datées 2012 sauf A322-73 depuis 2025-10-31 : https://www.legifrance.gouv.fr/codes/section_lc/LEGITEXT000006071318/LEGISCTA000019261109/",2026-10-10,"QCM pertinent, modèle historique conservé",83821841510df25234a21e3f1569e8f70da1e62627d078dbb1e4c18ae3b42681
n2-organisation-gaz-equipier-001,P053,2,REVISE,"ISOLATION/CREDIBILITY : minimum explicitement demandé ; tous les choix alimentent vraiment un embout distinct, deux exigences trop fortes. Dernière lecture : trois configurations de même forme ; la notion de minimum figure au recto, pas obligatoire dans les seuls leurres.",1,Un détendeur complet supplémentaire raccordé à une autre sortie du bloc,Transférer à chaque autonome la configuration respiratoire de l’encadrant.,Deux sorties indépendantes ne sont pas le minimum de cet autonome.,"Question, choix et explication relus après rédaction : ISOLATION/CREDIBILITY/LENGTH/WHY/SENSE ; clé unique sous les conditions explicites.","Code du sport — A322-72/73/74/78/80, section en vigueur affichée au 2026-10-08, consultation 2026-10-10 ; dispositions citées datées 2012 sauf A322-73 depuis 2025-10-31 : https://www.legifrance.gouv.fr/codes/section_lc/LEGITEXT000006071318/LEGISCTA000019261109/",2026-10-10,"QCM pertinent, modèle historique conservé",f44ad84eccc29b9f27f61b2948d1d37c28f3c901b8d120cf9e3949083f22b120
n2-organisation-gaz-equipier-001,P053,2,REVISE,"ISOLATION/CREDIBILITY : minimum explicitement demandé ; tous les choix alimentent vraiment un embout distinct, deux exigences trop fortes. Dernière lecture : trois configurations de même forme ; la notion de minimum figure au recto, pas obligatoire dans les seuls leurres.",2,Un détendeur complet supplémentaire raccordé à un deuxième bloc,Confondre deuxième source accessible et obligation d’un bloc supplémentaire.,"La règle impose un embout distinct alimenté, pas un deuxième bloc à chaque autonome.","Question, choix et explication relus après rédaction : ISOLATION/CREDIBILITY/LENGTH/WHY/SENSE ; clé unique sous les conditions explicites.","Code du sport — A322-72/73/74/78/80, section en vigueur affichée au 2026-10-08, consultation 2026-10-10 ; dispositions citées datées 2012 sauf A322-73 depuis 2025-10-31 : https://www.legifrance.gouv.fr/codes/section_lc/LEGITEXT000006071318/LEGISCTA000019261109/",2026-10-10,"QCM pertinent, modèle historique conservé",f44ad84eccc29b9f27f61b2948d1d37c28f3c901b8d120cf9e3949083f22b120
n2-organisation-parametres-personnels-001,P054,2,REVISE,"LENGTH/CREDIBILITY : répartition de matériel dans chaque choix, retirer le oui/non et la redondance du profil seul.",1,"Un équipier porte les équipements communs, si leurs plongées précédentes sont identiques",Assimiler historique identique et droit à un contrôle partagé.,"L’obligation est individuelle, sans exception d’historique identique.","Question, choix et explication relus après rédaction : ISOLATION/CREDIBILITY/LENGTH/WHY/SENSE ; clé unique sous les conditions explicites.","Code du sport — A322-72/73/74/78/80, section en vigueur affichée au 2026-10-08, consultation 2026-10-10 ; dispositions citées datées 2012 sauf A322-73 depuis 2025-10-31 : https://www.legifrance.gouv.fr/codes/section_lc/LEGITEXT000006071318/LEGISCTA000019261109/",2026-10-10,"QCM pertinent, modèle historique conservé",edc3a926143f1e7a591bce2410383d3be3c7259f59aa81897d281462948f1c85
n2-organisation-parametres-personnels-001,P054,2,REVISE,"LENGTH/CREDIBILITY : répartition de matériel dans chaque choix, retirer le oui/non et la redondance du profil seul.",2,"Un équipier porte les équipements communs, si tous deux restent sans palier obligatoire",Limiter le contrôle personnel au cas de paliers obligatoires.,"Le contrôle porte aussi sur profondeur, durée et remontée sans palier.","Question, choix et explication relus après rédaction : ISOLATION/CREDIBILITY/LENGTH/WHY/SENSE ; clé unique sous les conditions explicites.","Code du sport — A322-72/73/74/78/80, section en vigueur affichée au 2026-10-08, consultation 2026-10-10 ; dispositions citées datées 2012 sauf A322-73 depuis 2025-10-31 : https://www.legifrance.gouv.fr/codes/section_lc/LEGITEXT000006071318/LEGISCTA000019261109/",2026-10-10,"QCM pertinent, modèle historique conservé",edc3a926143f1e7a591bce2410383d3be3c7259f59aa81897d281462948f1c85
n2-organisation-encadrant-detendeurs-001,P055,2,ACCEPT,Conservée : cadre et tâche précis ; distinction réglementaire et erreurs de chaque choix relues.,1,"Deux sorties indépendantes, avec un seul détendeur complet monté",Compter les sorties disponibles plutôt que les ensembles montés.,Deux sorties sans deux détendeurs complets ne suffisent pas.,"Question, choix et explication relus après rédaction : ISOLATION/CREDIBILITY/LENGTH/WHY/SENSE ; clé unique sous les conditions explicites.","Code du sport — A322-72/73/74/78/80, section en vigueur affichée au 2026-10-08, consultation 2026-10-10 ; dispositions citées datées 2012 sauf A322-73 depuis 2025-10-31 : https://www.legifrance.gouv.fr/codes/section_lc/LEGITEXT000006071318/LEGISCTA000019261109/",2026-10-10,"QCM pertinent, modèle historique conservé",8632d7f6989d07a3df33f980fafc53e2dba9f2317b02f2aa8c47122505754179
n2-organisation-encadrant-detendeurs-001,P055,2,ACCEPT,Conservée : cadre et tâche précis ; distinction réglementaire et erreurs de chaque choix relues.,2,Une sortie équipée d’un premier étage et de deux deuxièmes étages,Compter deux deuxièmes étages comme deux détendeurs complets.,Un seul premier étage ne constitue pas deux ensembles complets indépendants.,"Question, choix et explication relus après rédaction : ISOLATION/CREDIBILITY/LENGTH/WHY/SENSE ; clé unique sous les conditions explicites.","Code du sport — A322-72/73/74/78/80, section en vigueur affichée au 2026-10-08, consultation 2026-10-10 ; dispositions citées datées 2012 sauf A322-73 depuis 2025-10-31 : https://www.legifrance.gouv.fr/codes/section_lc/LEGITEXT000006071318/LEGISCTA000019261109/",2026-10-10,"QCM pertinent, modèle historique conservé",8632d7f6989d07a3df33f980fafc53e2dba9f2317b02f2aa8c47122505754179
n2-organisation-encadrant-detendeurs-001,P055,2,ACCEPT,Conservée : cadre et tâche précis ; distinction réglementaire et erreurs de chaque choix relues.,3,Une sortie équipée d’un premier étage et de trois deuxièmes étages,Faire dépendre la conformité du nombre d’embouts sur un premier étage.,Trois deuxièmes étages ne remplacent pas deux sorties avec deux ensembles complets.,"Question, choix et explication relus après rédaction : ISOLATION/CREDIBILITY/LENGTH/WHY/SENSE ; clé unique sous les conditions explicites.","Code du sport — A322-72/73/74/78/80, section en vigueur affichée au 2026-10-08, consultation 2026-10-10 ; dispositions citées datées 2012 sauf A322-73 depuis 2025-10-31 : https://www.legifrance.gouv.fr/codes/section_lc/LEGITEXT000006071318/LEGISCTA000019261109/",2026-10-10,"QCM pertinent, modèle historique conservé",8632d7f6989d07a3df33f980fafc53e2dba9f2317b02f2aa8c47122505754179
n2-organisation-parachute-palanquee-001,P056,2,ACCEPT,Conservée : cadre et tâche précis ; distinction réglementaire et erreurs de chaque choix relues.,1,Au moins un parachute par plongeur,Étendre l’obligation de la palanquée à chaque personne.,"Un parachute individuel peut être utile, mais le minimum exigé est un par palanquée.","Question, choix et explication relus après rédaction : ISOLATION/CREDIBILITY/LENGTH/WHY/SENSE ; clé unique sous les conditions explicites.","Code du sport — A322-72/73/74/78/80, section en vigueur affichée au 2026-10-08, consultation 2026-10-10 ; dispositions citées datées 2012 sauf A322-73 depuis 2025-10-31 : https://www.legifrance.gouv.fr/codes/section_lc/LEGITEXT000006071318/LEGISCTA000019261109/",2026-10-10,"QCM pertinent, modèle historique conservé",02ca29a2c4710437ea11e8eb761cbdf20506300344cec20dd171d9b4d5f233de
n2-organisation-parachute-palanquee-001,P056,2,ACCEPT,Conservée : cadre et tâche précis ; distinction réglementaire et erreurs de chaque choix relues.,2,Au moins un parachute pour toutes les palanquées du bateau,Confondre équipement du site et équipement de chaque palanquée.,Un seul parachute commun à toutes les palanquées ne satisfait pas le minimum de chacune.,"Question, choix et explication relus après rédaction : ISOLATION/CREDIBILITY/LENGTH/WHY/SENSE ; clé unique sous les conditions explicites.","Code du sport — A322-72/73/74/78/80, section en vigueur affichée au 2026-10-08, consultation 2026-10-10 ; dispositions citées datées 2012 sauf A322-73 depuis 2025-10-31 : https://www.legifrance.gouv.fr/codes/section_lc/LEGITEXT000006071318/LEGISCTA000019261109/",2026-10-10,"QCM pertinent, modèle historique conservé",02ca29a2c4710437ea11e8eb761cbdf20506300344cec20dd171d9b4d5f233de
n2-documents-caci-validite-medecin-001,P061,2,ACCEPT,Conservée : cadre et tâche précis ; distinction réglementaire et erreurs de chaque choix relues.,1,Moins d’un an ; médecin fédéral obligatoire,Transférer un médecin spécialisé requis dans certains cas au cas général adulte à l’air.,Un médecin fédéral n’est pas obligatoire dans ce contexte explicite.,"Question, choix et explication relus après rédaction : ISOLATION/CREDIBILITY/LENGTH/WHY/SENSE ; clé unique sous les conditions explicites.","FFESSM CMPN — certificat médical et pratique, modalités 2026, sections contraintes particulières et recevabilité : https://medical.ffessm.fr/certificat-medical-et-pratique-de-l-activite  ; FFESSM CMPN — plongée avec bouteille, CACI de moins d’un an : https://medical.ffessm.fr/je-veux-pratiquer-la-plongee-avec-bouteille-recycleur ",2026-10-10,"QCM pertinent, modèle historique conservé",976c73f9b6fa9e4604c2fca9c8a12254daa128f4ba7c37454478f1adca1ce730
n2-documents-caci-validite-medecin-001,P061,2,ACCEPT,Conservée : cadre et tâche précis ; distinction réglementaire et erreurs de chaque choix relues.,2,Moins de deux ans ; médecin fédéral non obligatoire,Transférer une périodicité d’autres pratiques à la plongée en scaphandre.,Le CACI doit dater de moins d’un an.,"Question, choix et explication relus après rédaction : ISOLATION/CREDIBILITY/LENGTH/WHY/SENSE ; clé unique sous les conditions explicites.","FFESSM CMPN — certificat médical et pratique, modalités 2026, sections contraintes particulières et recevabilité : https://medical.ffessm.fr/certificat-medical-et-pratique-de-l-activite  ; FFESSM CMPN — plongée avec bouteille, CACI de moins d’un an : https://medical.ffessm.fr/je-veux-pratiquer-la-plongee-avec-bouteille-recycleur ",2026-10-10,"QCM pertinent, modèle historique conservé",976c73f9b6fa9e4604c2fca9c8a12254daa128f4ba7c37454478f1adca1ce730
n2-documents-caci-validite-medecin-001,P061,2,ACCEPT,Conservée : cadre et tâche précis ; distinction réglementaire et erreurs de chaque choix relues.,3,Moins de trois ans ; médecin fédéral obligatoire,Cumuler une durée plus longue et une spécialité non requise.,"Dans ce contexte, ni trois ans ni l’obligation de médecin fédéral ne conviennent.","Question, choix et explication relus après rédaction : ISOLATION/CREDIBILITY/LENGTH/WHY/SENSE ; clé unique sous les conditions explicites.","FFESSM CMPN — certificat médical et pratique, modalités 2026, sections contraintes particulières et recevabilité : https://medical.ffessm.fr/certificat-medical-et-pratique-de-l-activite  ; FFESSM CMPN — plongée avec bouteille, CACI de moins d’un an : https://medical.ffessm.fr/je-veux-pratiquer-la-plongee-avec-bouteille-recycleur ",2026-10-10,"QCM pertinent, modèle historique conservé",976c73f9b6fa9e4604c2fca9c8a12254daa128f4ba7c37454478f1adca1ce730
n2-documents-licence-affiliation-001,P063,2,REVISE,CREDIBILITY/LENGTH : trois fonctions documentaires comparables ; retirer la validation de plongée par le DP trop éloignée.,1,Ses aptitudes d’exploration pour la période couverte,Confondre licence de pratique et brevet de niveau.,"Les aptitudes relèvent de la certification, pas de la seule licence.","Question, choix et explication relus après rédaction : ISOLATION/CREDIBILITY/LENGTH/WHY/SENSE ; clé unique sous les conditions explicites.","FFESSM — prendre sa licence, affiliation et assurances : https://ffessm.fr/pratiquer/prendre-sa-licence-une-facon-d-etre-un-engagement ",2026-10-10,"QCM pertinent, modèle historique conservé",657e77227d5918829ed0a2e8915ab637020360e08732f31ea3f17458934d535a
n2-documents-licence-affiliation-001,P063,2,REVISE,CREDIBILITY/LENGTH : trois fonctions documentaires comparables ; retirer la validation de plongée par le DP trop éloignée.,2,Son absence de contre-indication pour la période couverte,Confondre licence et justificatif médical présenté pour pratiquer.,Le CACI est un document distinct ; la licence seule n’atteste pas l’absence de contre-indication.,"Question, choix et explication relus après rédaction : ISOLATION/CREDIBILITY/LENGTH/WHY/SENSE ; clé unique sous les conditions explicites.","FFESSM — prendre sa licence, affiliation et assurances : https://ffessm.fr/pratiquer/prendre-sa-licence-une-facon-d-etre-un-engagement ",2026-10-10,"QCM pertinent, modèle historique conservé",657e77227d5918829ed0a2e8915ab637020360e08732f31ea3f17458934d535a
n2-documents-assurance-rc-aia-001,P064,2,ACCEPT,Conservée : cadre et tâche précis ; distinction réglementaire et erreurs de chaque choix relues.,1,RC : propres blessures ; individuelle accident : dommages causés à autrui,Inverser le bénéficiaire de chaque garantie.,RC concerne les dommages causés à autrui ; individuelle concerne les blessures propres selon contrat.,"Question, choix et explication relus après rédaction : ISOLATION/CREDIBILITY/LENGTH/WHY/SENSE ; clé unique sous les conditions explicites.","FFESSM — prendre sa licence, affiliation et assurances : https://ffessm.fr/pratiquer/prendre-sa-licence-une-facon-d-etre-un-engagement ",2026-10-10,"QCM pertinent, modèle historique conservé",3d434f2a10106cb65b7aaffd4eb7d6feafe91ac667f0ef14db19c0f623646571
n2-documents-assurance-rc-aia-001,P064,2,ACCEPT,Conservée : cadre et tâche précis ; distinction réglementaire et erreurs de chaque choix relues.,2,"RC et individuelle accident : mêmes blessures personnelles, seuls les plafonds diffèrent",Confondre différence de risque couvert et différence de plafond.,Les garanties ne couvrent pas la même catégorie de risque.,"Question, choix et explication relus après rédaction : ISOLATION/CREDIBILITY/LENGTH/WHY/SENSE ; clé unique sous les conditions explicites.","FFESSM — prendre sa licence, affiliation et assurances : https://ffessm.fr/pratiquer/prendre-sa-licence-une-facon-d-etre-un-engagement ",2026-10-10,"QCM pertinent, modèle historique conservé",3d434f2a10106cb65b7aaffd4eb7d6feafe91ac667f0ef14db19c0f623646571
n2-documents-zones-reglementees-001,P069,2,REVISE,CREDIBILITY : deux cadres réglementaires réels plutôt qu’un seul brevet et une règle locale seule prudente.,1,La réglementation de la pêche sous-marine dans ce secteur,Confondre deux activités réglementées sur la même zone.,Le régime de pêche ne détermine pas à lui seul celui de la plongée d’observation.,"Question, choix et explication relus après rédaction : ISOLATION/CREDIBILITY/LENGTH/WHY/SENSE ; clé unique sous les conditions explicites.","Ministère chargé de la mer — règles de sécurité des loisirs nautiques, mise à jour 19 juin 2026, réglementation locale et pavillons : https://www.mer.gouv.fr/regles-de-securite-pour-les-loisirs-nautiques-en-mer  ; Parc national de Port-Cros — autorisation de plongée dans les cœurs marins, : https://portcros-parcnational.fr/fr/le-parc-national-de-port-cros/la-reglementation/reglementation-en-mer/plongee-sous-marine",2026-10-10,"QCM pertinent, modèle historique conservé",182c60f70ff7a6f6d06c74639e77a2ba45bde2d795af3a5478c52b58847139af
n2-documents-zones-reglementees-001,P069,2,REVISE,CREDIBILITY : deux cadres réglementaires réels plutôt qu’un seul brevet et une règle locale seule prudente.,2,La réglementation générale des aptitudes PE et PA du Code du sport,Confondre aptitude du plongeur et autorisation d’accès au site.,PE/PA fixent des conditions d’évolution ; il faut aussi les règles propres au site.,"Question, choix et explication relus après rédaction : ISOLATION/CREDIBILITY/LENGTH/WHY/SENSE ; clé unique sous les conditions explicites.","Ministère chargé de la mer — règles de sécurité des loisirs nautiques, mise à jour 19 juin 2026, réglementation locale et pavillons : https://www.mer.gouv.fr/regles-de-securite-pour-les-loisirs-nautiques-en-mer  ; Parc national de Port-Cros — autorisation de plongée dans les cœurs marins, : https://portcros-parcnational.fr/fr/le-parc-national-de-port-cros/la-reglementation/reglementation-en-mer/plongee-sous-marine",2026-10-10,"QCM pertinent, modèle historique conservé",182c60f70ff7a6f6d06c74639e77a2ba45bde2d795af3a5478c52b58847139af
n2-documents-prelevements-observation-001,P070,2,REVISE,"ISOLATION : préciser le cadre de la Charte, plutôt que présenter un interdit légal général non établi.",1,La prélever comme souvenir après avoir vérifié qu’elle est vide,Limiter le principe de non-prélèvement aux organismes vivants.,"La recommandation porte sur tout prélèvement, pas seulement sur le vivant.","Question, choix et explication relus après rédaction : ISOLATION/CREDIBILITY/LENGTH/WHY/SENSE ; clé unique sous les conditions explicites.","FFESSM / Longitude 181 — Charte internationale du plongeur responsable, pendant la plongée : https://ffessm.fr/uploads/media/docs/0001/02/9f371fe9f28ac78676b403b3a3f7fadac26b709b.pdf ",2026-10-10,"QCM pertinent, modèle historique conservé",8bf6e3c3264fa0822452251401a3b31e4586e005375439e8bb0b98a6c8087c35
n2-documents-prelevements-observation-001,P070,2,REVISE,"ISOLATION : préciser le cadre de la Charte, plutôt que présenter un interdit légal général non établi.",2,La déplacer pour la photographie puis la déposer ailleurs sur le fond,Assimiler absence d’emport et absence d’impact.,Déplacer un élément naturel pour l’image ne correspond pas à l’observation sans déplacement.,"Question, choix et explication relus après rédaction : ISOLATION/CREDIBILITY/LENGTH/WHY/SENSE ; clé unique sous les conditions explicites.","FFESSM / Longitude 181 — Charte internationale du plongeur responsable, pendant la plongée : https://ffessm.fr/uploads/media/docs/0001/02/9f371fe9f28ac78676b403b3a3f7fadac26b709b.pdf ",2026-10-10,"QCM pertinent, modèle historique conservé",8bf6e3c3264fa0822452251401a3b31e4586e005375439e8bb0b98a6c8087c35
n2-documents-decouverte-archeologique-001,P071,2,REVISE,ISOLATION/WHY : préciser le retour au premier port et restituer les deux points de départ légaux du délai ; retirer le déplacement redondant.,1,Le laisser intact sur place et déclarer la découverte dans les sept jours,Transférer un délai administratif d’une semaine.,"Le délai prévu est de 48 heures, pas sept jours.","Question, choix et explication relus après rédaction : ISOLATION/CREDIBILITY/LENGTH/WHY/SENSE ; clé unique sous les conditions explicites.","Ministère de la Culture — découverte de bien culturel maritime, laisser en place et déclaration sous 48 h : https://www.culture.gouv.fr/catalogue-des-demarches-et-subventions/declaration-renouvellement/decouverte-de-bien-culturel-maritime ",2026-10-10,"QCM pertinent, modèle historique conservé",df9bec2beb43aa75794dcf337d4690bb46dab9d7d58aa8a4081cdfbf7620ed58
n2-documents-decouverte-archeologique-001,P071,2,REVISE,ISOLATION/WHY : préciser le retour au premier port et restituer les deux points de départ légaux du délai ; retirer le déplacement redondant.,2,Le ramener au port et déclarer la découverte dans les 48 heures,Confondre déclaration et remise d’un objet trouvé.,Le bien reste en place et intact ; le ramener détruit son contexte.,"Question, choix et explication relus après rédaction : ISOLATION/CREDIBILITY/LENGTH/WHY/SENSE ; clé unique sous les conditions explicites.","Ministère de la Culture — découverte de bien culturel maritime, laisser en place et déclaration sous 48 h : https://www.culture.gouv.fr/catalogue-des-demarches-et-subventions/declaration-renouvellement/decouverte-de-bien-culturel-maritime ",2026-10-10,"QCM pertinent, modèle historique conservé",df9bec2beb43aa75794dcf337d4690bb46dab9d7d58aa8a4081cdfbf7620ed58
n2-documents-peche-scaphandre-001,P073,2,ACCEPT,Conservée : cadre et tâche précis ; distinction réglementaire et erreurs de chaque choix relues.,1,Usage pour pêcher interdit ; présence des deux à bord autorisée si les utilisateurs sont différents,Confondre absence d’usage conjoint et détention simultanée.,Deux utilisateurs distincts n’écartent pas l’interdiction de détention simultanée à bord sauf dérogation.,"Question, choix et explication relus après rédaction : ISOLATION/CREDIBILITY/LENGTH/WHY/SENSE ; clé unique sous les conditions explicites.","Code rural et de la pêche maritime — R921-92 I, version depuis 2015-01-01 ; consultation de la section : https://www.legifrance.gouv.fr/codes/section_lc/LEGITEXT000006071367/LEGISCTA000029978103/",2026-10-10,"QCM pertinent, modèle historique conservé",fbe5fa937a81cb2582683b0c13ada3dba554f8f5a0683e3143488991ccf5d101
n2-documents-peche-scaphandre-001,P073,2,ACCEPT,Conservée : cadre et tâche précis ; distinction réglementaire et erreurs de chaque choix relues.,2,Usage pour pêcher autorisé hors réserve ; présence des deux à bord interdite sauf dérogation préfectorale,Transférer une permission hors réserve à un mode de pêche interdit.,La pêche avec appareil respiratoire est interdite indépendamment de la réserve.,"Question, choix et explication relus après rédaction : ISOLATION/CREDIBILITY/LENGTH/WHY/SENSE ; clé unique sous les conditions explicites.","Code rural et de la pêche maritime — R921-92 I, version depuis 2015-01-01 ; consultation de la section : https://www.legifrance.gouv.fr/codes/section_lc/LEGITEXT000006071367/LEGISCTA000029978103/",2026-10-10,"QCM pertinent, modèle historique conservé",fbe5fa937a81cb2582683b0c13ada3dba554f8f5a0683e3143488991ccf5d101
n2-documents-pavillon-alpha-001,P074,2,ACCEPT,Conservée : cadre et tâche précis ; distinction réglementaire et erreurs de chaque choix relues.,1,Rouge avec une diagonale blanche,Confondre deux pavillons associés aux plongeurs.,Rouge à diagonale blanche n’est pas Alpha.,"Question, choix et explication relus après rédaction : ISOLATION/CREDIBILITY/LENGTH/WHY/SENSE ; clé unique sous les conditions explicites.","Ministère chargé de la mer — règles de sécurité des loisirs nautiques, mise à jour 19 juin 2026, réglementation locale et pavillons : https://www.mer.gouv.fr/regles-de-securite-pour-les-loisirs-nautiques-en-mer ",2026-10-10,"QCM pertinent, modèle historique conservé",6058cda46c780db3c08ac9bdb72cb86f70ccacad46cd15e7977eeccf6bf705f6
n2-documents-pavillon-alpha-001,P074,2,ACCEPT,Conservée : cadre et tâche précis ; distinction réglementaire et erreurs de chaque choix relues.,2,Rouge avec une croix blanche,Confondre Alpha et le pavillon de plongée à croix blanche.,Alpha est bleu et blanc.,"Question, choix et explication relus après rédaction : ISOLATION/CREDIBILITY/LENGTH/WHY/SENSE ; clé unique sous les conditions explicites.","Ministère chargé de la mer — règles de sécurité des loisirs nautiques, mise à jour 19 juin 2026, réglementation locale et pavillons : https://www.mer.gouv.fr/regles-de-securite-pour-les-loisirs-nautiques-en-mer ",2026-10-10,"QCM pertinent, modèle historique conservé",6058cda46c780db3c08ac9bdb72cb86f70ccacad46cd15e7977eeccf6bf705f6
n2-documents-pavillon-alpha-001,P074,2,ACCEPT,Conservée : cadre et tâche précis ; distinction réglementaire et erreurs de chaque choix relues.,3,Jaune et bleu,Confondre un pavillon bicolore du code des signaux avec Alpha.,"Le bicolore jaune/bleu n’est pas Alpha, qui est bleu/blanc.","Question, choix et explication relus après rédaction : ISOLATION/CREDIBILITY/LENGTH/WHY/SENSE ; clé unique sous les conditions explicites.","Ministère chargé de la mer — règles de sécurité des loisirs nautiques, mise à jour 19 juin 2026, réglementation locale et pavillons : https://www.mer.gouv.fr/regles-de-securite-pour-les-loisirs-nautiques-en-mer ",2026-10-10,"QCM pertinent, modèle historique conservé",6058cda46c780db3c08ac9bdb72cb86f70ccacad46cd15e7977eeccf6bf705f6
n2-documents-distance-navires-locale-001,P076,2,ACCEPT,Conservée : cadre et tâche précis ; distinction réglementaire et erreurs de chaque choix relues.,1,Le règlement technique fédéral applicable au brevet,Transférer la formation fédérale à la police maritime.,Les distances d’approche et vitesses se vérifient dans les arrêtés maritimes du secteur.,"Question, choix et explication relus après rédaction : ISOLATION/CREDIBILITY/LENGTH/WHY/SENSE ; clé unique sous les conditions explicites.","Ministère chargé de la mer — règles de sécurité des loisirs nautiques, mise à jour 19 juin 2026, réglementation locale et pavillons : https://www.mer.gouv.fr/regles-de-securite-pour-les-loisirs-nautiques-en-mer ",2026-10-10,"QCM pertinent, modèle historique conservé",90ca42827ed0dd48bebc82eafff7914f7980dbd681465d1ed6847135dce8d98b
n2-documents-distance-navires-locale-001,P076,2,ACCEPT,Conservée : cadre et tâche précis ; distinction réglementaire et erreurs de chaque choix relues.,2,Les annexes du Code du sport définissant les aptitudes,Transférer les aptitudes de plongeur aux obligations des navires.,Les annexes PE/PA ne fixent pas ces distances de navigation.,"Question, choix et explication relus après rédaction : ISOLATION/CREDIBILITY/LENGTH/WHY/SENSE ; clé unique sous les conditions explicites.","Ministère chargé de la mer — règles de sécurité des loisirs nautiques, mise à jour 19 juin 2026, réglementation locale et pavillons : https://www.mer.gouv.fr/regles-de-securite-pour-les-loisirs-nautiques-en-mer ",2026-10-10,"QCM pertinent, modèle historique conservé",90ca42827ed0dd48bebc82eafff7914f7980dbd681465d1ed6847135dce8d98b
n2-documents-suivi-bloc-001,P078,2,REVISE,"CREDIBILITY : trois contrôles concurrents, sans oui/non et faux report automatique.",1,Une nouvelle inspection visuelle réussie par un technicien d’inspection visuelle,Confondre validité de l’inspection et validité de la requalification.,Une inspection visuelle seule ne renouvelle pas l’échéance de requalification.,"Question, choix et explication relus après rédaction : ISOLATION/CREDIBILITY/LENGTH/WHY/SENSE ; clé unique sous les conditions explicites.","Arrêté du 20 novembre 2017, art.18–25, inspections et requalifications : https://www.legifrance.gouv.fr/loda/id/JORFTEXT000036128632",2026-10-10,"QCM pertinent, modèle historique conservé",1b0848a2970f47e85cbf37148c8309d8f047de1234f015b1cf991e0501e6287f
n2-documents-suivi-bloc-001,P078,2,REVISE,"CREDIBILITY : trois contrôles concurrents, sans oui/non et faux report automatique.",2,Un essai d’étanchéité réussi pendant un gonflage à la pression de service,Confondre comportement lors du gonflage et épreuve réglementaire.,Un gonflage sans fuite n’est pas une requalification périodique.,"Question, choix et explication relus après rédaction : ISOLATION/CREDIBILITY/LENGTH/WHY/SENSE ; clé unique sous les conditions explicites.","Arrêté du 20 novembre 2017, art.18–25, inspections et requalifications : https://www.legifrance.gouv.fr/loda/id/JORFTEXT000036128632",2026-10-10,"QCM pertinent, modèle historique conservé",1b0848a2970f47e85cbf37148c8309d8f047de1234f015b1cf991e0501e6287f
n2-documents-federation-role-001,P079,2,ACCEPT,Conservée : cadre et tâche précis ; distinction réglementaire et erreurs de chaque choix relues.,1,Clubs et SCA : cursus ; FFESSM : activités locales,Inverser définition du cursus et réalisation locale.,La FFESSM définit son cursus ; les structures organisent les activités locales.,"Question, choix et explication relus après rédaction : ISOLATION/CREDIBILITY/LENGTH/WHY/SENSE ; clé unique sous les conditions explicites.","FFESSM — MFT N2 mai 2026, p.3–4 (prérogatives/accès/délivrance), p.5 et 14 (assistance PA20) : https://api.ffessm.fr/V1/Commissions/ManuelFormationList/Download/d7c761c8-79ed-42f2-a675-90e4c6095a56 ; FFESSM — réseau fédéral et licence : https://ffessm.fr/pratiquer/prendre-sa-licence-une-facon-d-etre-un-engagement ",2026-10-10,"QCM pertinent, modèle historique conservé",676df5a489ed0dd5b1c498334ac2fb85461acad32b22e2c35b8ee43642833f56
n2-documents-federation-role-001,P079,2,ACCEPT,Conservée : cadre et tâche précis ; distinction réglementaire et erreurs de chaque choix relues.,2,CMAS : cursus fédéral français ; FFESSM : activités locales,Confondre standards internationaux et élaboration du cursus fédéral français.,La CMAS définit des standards ; le cursus FFESSM est fédéral et réalisé localement.,"Question, choix et explication relus après rédaction : ISOLATION/CREDIBILITY/LENGTH/WHY/SENSE ; clé unique sous les conditions explicites.","FFESSM — MFT N2 mai 2026, p.3–4 (prérogatives/accès/délivrance), p.5 et 14 (assistance PA20) : https://api.ffessm.fr/V1/Commissions/ManuelFormationList/Download/d7c761c8-79ed-42f2-a675-90e4c6095a56 ; FFESSM — réseau fédéral et licence : https://ffessm.fr/pratiquer/prendre-sa-licence-une-facon-d-etre-un-engagement ",2026-10-10,"QCM pertinent, modèle historique conservé",676df5a489ed0dd5b1c498334ac2fb85461acad32b22e2c35b8ee43642833f56
n2-documents-cmas-role-001,P080,2,REVISE,SENSE/WHY : relier la référence internationale à son usage et expliciter ses limites sans préambule de source.,1,La certification confère une profondeur légale identique dans tous les pays,Confondre standard de formation et prérogative légale internationale.,Les règles de pratique dépendent du pays et de la structure.,"Question, choix et explication relus après rédaction : ISOLATION/CREDIBILITY/LENGTH/WHY/SENSE ; clé unique sous les conditions explicites.","CMAS — standards de formation, catégories plongeurs et moniteurs : https://www.cmas.org/standards.html ",2026-10-10,"QCM pertinent, modèle historique conservé",112a06035bbed2f0c56f264460da92669fe35279557eedc9cc7ec211aa201a82
n2-documents-cmas-role-001,P080,2,REVISE,SENSE/WHY : relier la référence internationale à son usage et expliciter ses limites sans préambule de source.,2,La certification se substitue aux qualifications propres à chaque organisme,Confondre référence commune et interchangeabilité complète des cursus.,Les standards n’abolissent pas les qualifications et conditions propres aux organismes.,"Question, choix et explication relus après rédaction : ISOLATION/CREDIBILITY/LENGTH/WHY/SENSE ; clé unique sous les conditions explicites.","CMAS — standards de formation, catégories plongeurs et moniteurs : https://www.cmas.org/standards.html ",2026-10-10,"QCM pertinent, modèle historique conservé",112a06035bbed2f0c56f264460da92669fe35279557eedc9cc7ec211aa201a82
