id,source_id,fichier,chapitre,decision,motif,recto_actuel,etat_n3,revue_n3
n2-prerogatives-n2-aptitudes-001,P001,cards/n2/01-prerogatives.yaml,01,H,Cursus et cas spécifiques N2/PA20/PE40 ; conserver dans N2. Les différences N3 sont dans N3-01.,Quelles aptitudes d’exploration le brevet N2 FFESSM atteste-t-il ?,hors_cible,
n2-prerogatives-qualifications-separees-001,P004,cards/n2/01-prerogatives.yaml,01,H,Cursus et cas spécifiques N2/PA20/PE40 ; conserver dans N2. Les différences N3 sont dans N3-01.,Un plongeur FFESSM obtient PA20 après avoir déjà obtenu PE40. Quel brevet peut alors lui être délivré ?,hors_cible,
n2-prerogatives-autonomie-dp-001,P006,cards/n2/01-prerogatives.yaml,01,H,Cursus et cas spécifiques N2/PA20/PE40 ; conserver dans N2. Les différences N3 sont dans N3-01.,"Pour une exploration PA20 organisée en France par un établissement, quelle organisation respecte le cadre de l’autonomie ?",hors_cible,
n2-prerogatives-pa20-effectif-001,P007,cards/n2/01-prerogatives.yaml,01,H,Cursus et cas spécifiques N2/PA20/PE40 ; conserver dans N2. Les différences N3 sont dans N3-01.,"Quelle plage d’effectifs est autorisée pour une palanquée d’exploration autonome PA20 en France, en comptant tous ses membres ?",hors_cible,
n2-prerogatives-pa20-equipiers-001,P008,cards/n2/01-prerogatives.yaml,01,H,Cursus et cas spécifiques N2/PA20/PE40 ; conserver dans N2. Les différences N3 sont dans N3-01.,"Pour explorer ensemble jusqu’à 20 m en autonomie en France, quelles aptitudes chaque membre de la palanquée doit-il au minimum justifier ?",hors_cible,
n2-prerogatives-aptitude-restrictive-001,P012,cards/n2/01-prerogatives.yaml,01,H,Cursus et cas spécifiques N2/PA20/PE40 ; conserver dans N2. Les différences N3 sont dans N3-01.,"En France, un PA20 et un plongeur ayant seulement PA12 plongent ensemble en autonomie. Le DP autorise cette palanquée. Quelle profondeur maximale leurs aptitudes permettent-elles pour le groupe ?",hors_cible,
n2-prerogatives-age-pe40-001,P013,cards/n2/01-prerogatives.yaml,01,H,Cursus et cas spécifiques N2/PA20/PE40 ; conserver dans N2. Les différences N3 sont dans N3-01.,"Dans le cursus FFESSM, quel est l’âge minimal pour entrer en formation et obtenir la qualification PE40 ?",hors_cible,
n2-prerogatives-age-certification-001,P014,cards/n2/01-prerogatives.yaml,01,H,Cursus et cas spécifiques N2/PA20/PE40 ; conserver dans N2. Les différences N3 sont dans N3-01.,"Dans le cursus FFESSM, quel est l’âge minimal de délivrance de PA20 ou du N2, une fois les compétences acquises ?",hors_cible,
n2-prerogatives-quinze-ans-n2-001,P016,cards/n2/01-prerogatives.yaml,01,H,Cursus et cas spécifiques N2/PA20/PE40 ; conserver dans N2. Les différences N3 sont dans N3-01.,"Un plongeur FFESSM de 15 ans vient d’obtenir son N2. À partir de quel âge pourra-t-il exercer l’autonomie PA20 en France, si les autres conditions sont remplies ?",hors_cible,
n2-prerogatives-mineur-autorisation-001,P017,cards/n2/01-prerogatives.yaml,01,H,Cursus et cas spécifiques N2/PA20/PE40 ; conserver dans N2. Les différences N3 sont dans N3-01.,"Pour un plongeur FFESSM de 16 ans, que doit viser l’autorisation du responsable légal nécessaire à une exploration PA20 ?",hors_cible,
n2-prerogatives-mineur-information-001,P018,cards/n2/01-prerogatives.yaml,01,H,Cursus et cas spécifiques N2/PA20/PE40 ; conserver dans N2. Les différences N3 sont dans N3-01.,Une palanquée PA20 FFESSM autorisée accueille un plongeur de 16 ans. Qui doit être informé de la présence d’un mineur ?,hors_cible,
n2-prerogatives-pe40-moins-seize-paliers-001,P019,cards/n2/01-prerogatives.yaml,01,H,Cursus et cas spécifiques N2/PA20/PE40 ; conserver dans N2. Les différences N3 sont dans N3-01.,"Pour un PE40 FFESSM âgé de moins de 16 ans, une plongée d’exploration peut-elle être planifiée avec des paliers de décompression obligatoires ?",hors_cible,
n2-prerogatives-pe40-moins-seize-nombre-001,P020,cards/n2/01-prerogatives.yaml,01,H,Cursus et cas spécifiques N2/PA20/PE40 ; conserver dans N2. Les différences N3 sont dans N3-01.,"Dans le cursus FFESSM, combien de plongées par jour au maximum peut effectuer un PE40 âgé de moins de 16 ans ?",hors_cible,
n2-prerogatives-pe40-moins-seize-intervalle-001,P020,cards/n2/01-prerogatives.yaml,01,H,Cursus et cas spécifiques N2/PA20/PE40 ; conserver dans N2. Les différences N3 sont dans N3-01.,"Dans le cursus FFESSM, quelle durée minimale doit séparer les deux plongées de la journée d’un PE40 âgé de moins de 16 ans ?",hors_cible,
n2-prerogatives-pe40-moins-seize-seconde-001,P021,cards/n2/01-prerogatives.yaml,01,H,Cursus et cas spécifiques N2/PA20/PE40 ; conserver dans N2. Les différences N3 sont dans N3-01.,"Un PE40 FFESSM de 15 ans a atteint 32 m à sa première plongée de la journée. Quel plafond s’applique à sa seconde plongée, si toutes les autres conditions sont réunies ?",hors_cible,
n2-prerogatives-documents-formation-001,P022,cards/n2/01-prerogatives.yaml,01,H,Cursus et cas spécifiques N2/PA20/PE40 ; conserver dans N2. Les différences N3 sont dans N3-01.,"Un candidat satisfait déjà aux conditions de niveau, d’expérience et d’âge pour la formation N2 FFESSM. Quelle paire de documents justifie son affiliation fédérale et l’absence de contre-indication médicale ?",hors_cible,
n2-prerogatives-prerequis-niveau-001,P023,cards/n2/01-prerogatives.yaml,01,H,Cursus et cas spécifiques N2/PA20/PE40 ; conserver dans N2. Les différences N3 sont dans N3-01.,Quel brevet ou certification doit-on avoir au minimum pour commencer une formation N2 FFESSM ?,hors_cible,
n2-prerogatives-experience-naturel-001,P024,cards/n2/01-prerogatives.yaml,01,H,Cursus et cas spécifiques N2/PA20/PE40 ; conserver dans N2. Les différences N3 sont dans N3-01.,"Combien de plongées attestées en milieu naturel sont demandées au minimum pour débuter une formation PA20, PE40 ou N2 FFESSM ?",hors_cible,
n2-prerogatives-cmas-etoiles-001,P026,cards/n2/01-prerogatives.yaml,01,H,Cursus et cas spécifiques N2/PA20/PE40 ; conserver dans N2. Les différences N3 sont dans N3-01.,À quelle certification CMAS le N2 FFESSM est-il associé dans le cursus fédéral ?,hors_cible,
n2-prerogatives-etranger-regles-001,P027,cards/n2/01-prerogatives.yaml,01,H,Cursus et cas spécifiques N2/PA20/PE40 ; conserver dans N2. Les différences N3 sont dans N3-01.,"À l’étranger, une structure reconnaît la carte N2/CMAS d’un plongeur. Comment déterminer dans quelles conditions il pourra y plonger ?",hors_cible,
n2-organisation-palanquee-001,P028,cards/n2/02-organisation.yaml,02,R,"Socle commun utile au N3 ; relire recto, verso et sources avant inclusion explicite, sans créer de doublon.","En France, quels paramètres doivent caractériser la plongée effectuée en commun par les membres d’une palanquée ?",partage_reviewed,docs/reviews/n3/00-reprises-n2.md
n2-organisation-melanges-contraintes-001,P030,cards/n2/02-organisation.yaml,02,R,"Socle commun utile au N3 ; relire recto, verso et sources avant inclusion explicite, sans créer de doublon.","En France, une palanquée regroupe des plongeurs aux aptitudes différentes utilisant des mélanges différents. Quelles contraintes fixent les limites de tout le groupe ?",partage_reviewed,docs/reviews/n3/00-reprises-n2.md
n2-organisation-dp-parametres-001,P032,cards/n2/02-organisation.yaml,02,A,Adapter le contexte N2/PA20 au champ commun ou traiter par un objectif N3 ; contrôler l’effet sur le recto N2 avant tout changement.,"Pour une plongée N2 organisée en France par un établissement, quelle fonction est chargée de fixer les paramètres prévus, notamment la profondeur et la durée ?",adaptation_a_revoir,
n2-organisation-dp-secours-001,P033,cards/n2/02-organisation.yaml,02,P,Acquis N2 ou détail périphérique : non inclus par défaut dans N3 ; conserver accessible dans N2 et réexaminer uniquement si un manque est démontré.,"Dans une plongée organisée en France par un établissement, quelle fonction porte la responsabilité technique de l’organisation de la sécurité et du déclenchement des secours ?",non_selectionnee,
n2-organisation-fiche-securite-001,P035,cards/n2/02-organisation.yaml,02,A,Adapter le contexte N2/PA20 au champ commun ou traiter par un objectif N3 ; contrôler l’effet sur le recto N2 avant tout changement.,"Sur la fiche de sécurité établie par le DP, quels paramètres de plongée faut-il inscrire en plus des noms, aptitudes et rôles des plongeurs ?",adaptation_a_revoir,
n2-organisation-guide-conduite-001,P038,cards/n2/02-organisation.yaml,02,P,Acquis N2 ou détail périphérique : non inclus par défaut dans N3 ; conserver accessible dans N2 et réexaminer uniquement si un manque est démontré.,"Pendant une exploration PE40 en milieu naturel, comment le guide doit-il conduire la palanquée dans le cadre fixé par le DP ?",non_selectionnee,
n2-organisation-autonomie-collective-001,P039,cards/n2/02-organisation.yaml,02,A,Adapter le contexte N2/PA20 au champ commun ou traiter par un objectif N3 ; contrôler l’effet sur le recto N2 avant tout changement.,"Dans la formation PA20 FFESSM, quelle responsabilité collective s’ajoute à la maîtrise de sa propre plongée ?",adaptation_a_revoir,
n2-organisation-plan-secours-001,P041,cards/n2/02-organisation.yaml,02,R,"Socle commun utile au N3 ; relire recto, verso et sources avant inclusion explicite, sans créer de doublon.","Pour une plongée organisée en France, quelle proposition réunit les exigences de préparation et de diffusion du plan de secours ?",partage_reviewed,docs/reviews/n3/00-reprises-n2.md
n2-organisation-vhf-001,P043,cards/n2/02-organisation.yaml,02,R,"Socle commun utile au N3 ; relire recto, verso et sources avant inclusion explicite, sans créer de doublon.","En France, un bateau support organise une plongée en mer et dispose d’un téléphone avec du réseau. Quelle exigence de communication reste applicable ?",partage_reviewed,docs/reviews/n3/00-reprises-n2.md
n2-organisation-eau-couverture-001,P044,cards/n2/02-organisation.yaml,02,P,Acquis N2 ou détail périphérique : non inclus par défaut dans N3 ; conserver accessible dans N2 et réexaminer uniquement si un manque est démontré.,"Pour une plongée organisée en France par un établissement, quelle combinaison d’eau et de protection thermique doit être disponible avec le matériel de secours ?",non_selectionnee,
n2-organisation-oxygene-capacite-001,P045,cards/n2/02-organisation.yaml,02,R,"Socle commun utile au N3 ; relire recto, verso et sources avant inclusion explicite, sans créer de doublon.","Pour une plongée organisée en France, jusqu’à quel moment la réserve d’oxygène médical doit-elle permettre une prise en charge adaptée de la victime ?",partage_reviewed,docs/reviews/n3/00-reprises-n2.md
n2-organisation-fiche-evacuation-001,P047,cards/n2/02-organisation.yaml,02,R,"Socle commun utile au N3 ; relire recto, verso et sources avant inclusion explicite, sans créer de doublon.","Quel document réglementaire doit être disponible, en plus du plan de secours, pour transmettre les renseignements relatifs à une victime de plongée ?",partage_reviewed,docs/reviews/n3/00-reprises-n2.md
n2-organisation-bloc-secours-001,P048,cards/n2/02-organisation.yaml,02,R,"Socle commun utile au N3 ; relire recto, verso et sources avant inclusion explicite, sans créer de doublon.","Pour une plongée organisée à l’air en France, quelle configuration répond à l’exigence de bouteille de secours disponible sur le site ?",partage_reviewed,docs/reviews/n3/00-reprises-n2.md
n2-organisation-rappel-bateau-001,P049,cards/n2/02-organisation.yaml,02,P,Acquis N2 ou détail périphérique : non inclus par défaut dans N3 ; conserver accessible dans N2 et réexaminer uniquement si un manque est démontré.,"Pour une plongée organisée en France, dans quel ensemble de situations un moyen de rappel des plongeurs depuis la surface est-il obligatoire ?",non_selectionnee,
n2-organisation-tables-assistance-001,P050,cards/n2/02-organisation.yaml,02,R,"Socle commun utile au N3 ; relire recto, verso et sources avant inclusion explicite, sans créer de doublon.","En milieu naturel en France, le jeu de tables collectif doit être disponible sur le lieu de mise à l’eau ou d’immersion dès que la profondeur prévue dépasse quel seuil ?",partage_reviewed,docs/reviews/n3/00-reprises-n2.md
n2-organisation-gilet-surface-001,P052,cards/n2/02-organisation.yaml,02,R,"Socle commun utile au N3 ; relire recto, verso et sources avant inclusion explicite, sans créer de doublon.","En milieu naturel en France, quelle exigence minimale s’applique au système permettant à chaque plongeur en circuit ouvert de regagner la surface et de s’y maintenir ?",partage_reviewed,docs/reviews/n3/00-reprises-n2.md
n2-organisation-gaz-equipier-001,P053,cards/n2/02-organisation.yaml,02,R,"Socle commun utile au N3 ; relire recto, verso et sources avant inclusion explicite, sans créer de doublon.","En milieu naturel en France, quelle est l’exigence minimale de fourniture de gaz à un équipier pour chaque plongeur autonome, et pour chaque plongeur encadré à plus de 20 m ?",partage_reviewed,docs/reviews/n3/00-reprises-n2.md
n2-organisation-parametres-personnels-001,P054,cards/n2/02-organisation.yaml,02,A,Adapter le contexte N2/PA20 au champ commun ou traiter par un objectif N3 ; contrôler l’effet sur le recto N2 avant tout changement.,"En milieu naturel en France, deux plongeurs PA20 partagent le même profil de plongée. Un seul équipement de contrôle, porté par l’un et consulté par les deux, suffit-il pour la profondeur, la durée et la remontée ?",adaptation_a_revoir,
n2-organisation-encadrant-detendeurs-001,P055,cards/n2/02-organisation.yaml,02,P,Acquis N2 ou détail périphérique : non inclus par défaut dans N3 ; conserver accessible dans N2 et réexaminer uniquement si un manque est démontré.,"En milieu naturel en France, quelle est la configuration respiratoire minimale exigée pour la personne qui encadre la palanquée ?",non_selectionnee,
n2-organisation-parachute-palanquee-001,P056,cards/n2/02-organisation.yaml,02,R,"Socle commun utile au N3 ; relire recto, verso et sources avant inclusion explicite, sans créer de doublon.","En milieu naturel en France, quel est le minimum exigé pour la disponibilité d’un parachute de palier ?",partage_reviewed,docs/reviews/n3/00-reprises-n2.md
n2-documents-caci-validite-medecin-001,P061,cards/n2/03-documents-environnement.yaml,03,A,Adapter le contexte N2/PA20 au champ commun ou traiter par un objectif N3 ; contrôler l’effet sur le recto N2 avant tout changement.,"Pour un adulte pratiquant la plongée N2 FFESSM à l’air, hors cas médical particulier, quelle ancienneté maximale du CACI et quelle exigence de médecin s’appliquent ?",adaptation_a_revoir,
n2-documents-licence-affiliation-001,P063,cards/n2/03-documents-environnement.yaml,03,R,"Socle commun utile au N3 ; relire recto, verso et sources avant inclusion explicite, sans créer de doublon.","Que prouve la licence FFESSM de pratique d’un plongeur pour sa période de validité, par opposition à son brevet et à son CACI ?",partage_reviewed,docs/reviews/n3/00-reprises-n2.md
n2-documents-assurance-rc-aia-001,P064,cards/n2/03-documents-environnement.yaml,03,R,"Socle commun utile au N3 ; relire recto, verso et sources avant inclusion explicite, sans créer de doublon.",Quelle répartition des risques distingue la responsabilité civile (RC) de la licence FFESSM et une assurance individuelle accident ?,partage_reviewed,docs/reviews/n3/00-reprises-n2.md
n2-documents-zones-reglementees-001,P069,cards/n2/03-documents-environnement.yaml,03,R,"Socle commun utile au N3 ; relire recto, verso et sources avant inclusion explicite, sans créer de doublon.","Pour savoir si une plongée est autorisée dans une zone marine protégée, quelle réglementation faut-il vérifier ?",partage_reviewed,docs/reviews/n3/00-reprises-n2.md
n2-documents-prelevements-observation-001,P070,cards/n2/03-documents-environnement.yaml,03,R,"Socle commun utile au N3 ; relire recto, verso et sources avant inclusion explicite, sans créer de doublon.","Lors d’une plongée d’observation, quelle conduite adopter envers les organismes et les objets naturels, même s’ils semblent sans valeur ?",partage_reviewed,docs/reviews/n3/00-reprises-n2.md
n2-documents-decouverte-archeologique-001,P071,cards/n2/03-documents-environnement.yaml,03,R,"Socle commun utile au N3 ; relire recto, verso et sources avant inclusion explicite, sans créer de doublon.","En mer en France, un plongeur découvre un objet présentant un intérêt archéologique. Que doit-il en faire, et dans quel délai doit-il déclarer la découverte ?",partage_reviewed,docs/reviews/n3/00-reprises-n2.md
n2-documents-peche-scaphandre-001,P073,cards/n2/03-documents-environnement.yaml,03,R,"Socle commun utile au N3 ; relire recto, verso et sources avant inclusion explicite, sans créer de doublon.","En pêche sous-marine de loisir en mer en France, quelles règles s’appliquent à l’usage d’un scaphandre et à la présence d’un scaphandre avec un fusil sous-marin sur le même bateau ?",partage_reviewed,docs/reviews/n3/00-reprises-n2.md
n2-documents-pavillon-alpha-001,P074,cards/n2/03-documents-environnement.yaml,03,P,Acquis N2 ou détail périphérique : non inclus par défaut dans N3 ; conserver accessible dans N2 et réexaminer uniquement si un manque est démontré.,Quelles sont les couleurs du pavillon Alpha utilisé pour signaler la plongée depuis une embarcation en mer ?,non_selectionnee,
n2-documents-distance-navires-locale-001,P076,cards/n2/03-documents-environnement.yaml,03,R,"Socle commun utile au N3 ; relire recto, verso et sources avant inclusion explicite, sans créer de doublon.","Avant une plongée sur un site côtier français, dans quels textes vérifier les distances d’approche et limitations de vitesse imposées aux navires autour des plongeurs signalés ?",partage_reviewed,docs/reviews/n3/00-reprises-n2.md
n2-documents-suivi-bloc-001,P078,cards/n2/03-documents-environnement.yaml,03,R,"Socle commun utile au N3 ; relire recto, verso et sources avant inclusion explicite, sans créer de doublon.",Une inspection visuelle à jour suffit-elle à remplacer la requalification d’un bloc de plongée arrivée à échéance ?,partage_reviewed,docs/reviews/n3/00-reprises-n2.md
n2-documents-federation-role-001,P079,cards/n2/03-documents-environnement.yaml,03,P,Acquis N2 ou détail périphérique : non inclus par défaut dans N3 ; conserver accessible dans N2 et réexaminer uniquement si un manque est démontré.,"Dans le réseau FFESSM, qui définit le cursus fédéral et qui organise localement les formations et les plongées ?",non_selectionnee,
n2-documents-cmas-role-001,P080,cards/n2/03-documents-environnement.yaml,03,P,Acquis N2 ou détail périphérique : non inclus par défaut dans N3 ; conserver accessible dans N2 et réexaminer uniquement si un manque est démontré.,Une certification de plongée porte une référence CMAS. À quoi renvoie cette référence ?,non_selectionnee,
n2-pression-force-surface-001,P096,cards/n2/04-pression.yaml,04,P,Acquis N2 ou détail périphérique : non inclus par défaut dans N3 ; conserver accessible dans N2 et réexaminer uniquement si un manque est démontré.,Une force perpendiculaire F est répartie uniformément sur une surface S. Quelle relation donne la pression moyenne P ?,non_selectionnee,
n2-pression-variation-force-surface-001,P097,cards/n2/04-pression.yaml,04,P,Acquis N2 ou détail périphérique : non inclus par défaut dans N3 ; conserver accessible dans N2 et réexaminer uniquement si un manque est démontré.,"On remplace une caisse par une autre deux fois plus lourde, dont la surface d’appui sur le sol est trois fois plus grande. Par quel facteur la pression moyenne sur le sol est-elle multipliée ?",non_selectionnee,
n2-pression-unites-001,P101,cards/n2/04-pression.yaml,04,P,Acquis N2 ou détail périphérique : non inclus par défaut dans N3 ; conserver accessible dans N2 et réexaminer uniquement si un manque est démontré.,"Sur des instruments de plongée ou de météo, que mesurent les graduations bar, psi, hPa et mmHg ?",non_selectionnee,
n2-pression-masse-force-001,P102,cards/n2/04-pression.yaml,04,P,Acquis N2 ou détail périphérique : non inclus par défaut dans N3 ; conserver accessible dans N2 et réexaminer uniquement si un manque est démontré.,"Dans la phrase « une masse de 1 kg exerce son poids sur une surface de 1 cm² », quelles sont respectivement les unités SI de la masse, du poids et de la pression ?",non_selectionnee,
n2-pression-atmosphere-origine-001,P103,cards/n2/04-pression.yaml,04,P,Acquis N2 ou détail périphérique : non inclus par défaut dans N3 ; conserver accessible dans N2 et réexaminer uniquement si un manque est démontré.,"Pourquoi subit-on une pression atmosphérique à la surface, même lorsqu’il n’y a pas de vent ?",non_selectionnee,
n2-pression-altitude-001,P105,cards/n2/04-pression.yaml,04,R,"Socle commun utile au N3 ; relire recto, verso et sources avant inclusion explicite, sans créer de doublon.","À conditions météorologiques comparables, la pression atmosphérique réelle à la surface d’un lac de montagne est-elle plus faible, égale ou plus forte qu’au niveau de la mer ?",partage_reviewed,docs/reviews/n3/00-reprises-n2.md
n2-pression-meteo-001,P106,cards/n2/04-pression.yaml,04,P,Acquis N2 ou détail périphérique : non inclus par défaut dans N3 ; conserver accessible dans N2 et réexaminer uniquement si un manque est démontré.,"Au même endroit et à la même altitude, le passage d’un système dépressionnaire à un système anticyclonique fait-il varier la pression atmosphérique ? Dans quel sens ?",non_selectionnee,
n2-pression-hydrostatique-001,P107,cards/n2/04-pression.yaml,04,R,"Socle commun utile au N3 ; relire recto, verso et sources avant inclusion explicite, sans créer de doublon.","Dans une eau au repos, que représente la pression hydrostatique ajoutée à la pression atmosphérique ?",partage_reviewed,docs/reviews/n3/00-reprises-n2.md
n2-pression-absolue-six-metres-001,P110,cards/n2/04-pression.yaml,04,R,"Socle commun utile au N3 ; relire recto, verso et sources avant inclusion explicite, sans créer de doublon.","À 6 m de profondeur, quelle est la pression absolue ambiante ? Prendre 1 bar de pression atmosphérique et une augmentation hydrostatique de 1 bar tous les 10 m.",partage_reviewed,docs/reviews/n3/00-reprises-n2.md
n2-pression-meme-profondeur-001,P111,cards/n2/04-pression.yaml,04,P,Acquis N2 ou détail périphérique : non inclus par défaut dans N3 ; conserver accessible dans N2 et réexaminer uniquement si un manque est démontré.,"Deux plongeurs sont à 10 m sous la même surface : l’un au-dessus d’un fond de 12 m, l’autre au-dessus d’un fond de 40 m. Dans la même eau au repos, de densité uniforme, comment leurs pressions ambiantes se comparent-elles ?",non_selectionnee,
n2-pression-hydrostatique-calcul-001,P114,cards/n2/04-pression.yaml,04,P,Acquis N2 ou détail périphérique : non inclus par défaut dans N3 ; conserver accessible dans N2 et réexaminer uniquement si un manque est démontré.,"À 3 m, quelle pression est ajoutée par l’eau seule ? Utiliser le modèle de 1 bar tous les 10 m.",non_selectionnee,
n2-pression-profondeur-absolue-001,P123,cards/n2/04-pression.yaml,04,R,"Socle commun utile au N3 ; relire recto, verso et sources avant inclusion explicite, sans créer de doublon.","À quelle profondeur la pression absolue vaut-elle 1,5 bar ? Prendre 1 bar à la surface et une augmentation de 1 bar tous les 10 m.",partage_reviewed,docs/reviews/n3/00-reprises-n2.md
n2-pression-profondeur-relative-001,P126,cards/n2/04-pression.yaml,04,P,Acquis N2 ou détail périphérique : non inclus par défaut dans N3 ; conserver accessible dans N2 et réexaminer uniquement si un manque est démontré.,"Un capteur mesure 2 bars de pression relative à la surface, c’est-à-dire 2 bars ajoutés par l’eau. Quelle profondeur cela représente-t-il dans le modèle de 1 bar tous les 10 m ?",non_selectionnee,
n2-pression-double-atmosphere-001,P127,cards/n2/04-pression.yaml,04,R,"Socle commun utile au N3 ; relire recto, verso et sources avant inclusion explicite, sans créer de doublon.","Sous l’eau, un capteur indique 3 bars de pression absolue. Un élève propose d’y ajouter 1 bar atmosphérique. Quelle pression ambiante faut-il finalement retenir ?",partage_reviewed,docs/reviews/n3/00-reprises-n2.md
n2-pression-boyle-pressions-001,P128,cards/n2/04-pression.yaml,04,R,"Socle commun utile au N3 ; relire recto, verso et sources avant inclusion explicite, sans créer de doublon.","Pour appliquer P₁V₁ = P₂V₂ à un gaz passant de 10 à 20 m, quelles pressions utiliser ? La température et la quantité de gaz restent constantes ; prendre 1 bar à la surface et +1 bar par 10 m.",partage_reviewed,docs/reviews/n3/00-reprises-n2.md
n2-pression-rapports-001,P129,cards/n2/04-pression.yaml,04,P,Acquis N2 ou détail périphérique : non inclus par défaut dans N3 ; conserver accessible dans N2 et réexaminer uniquement si un manque est démontré.,"Dans le modèle de 1 bar à la surface et +1 bar par 10 m, par quels facteurs la pression absolue est-elle multipliée lors des descentes 0 → 10 m, puis 10 → 20 m ?",non_selectionnee,
n2-pression-absolue-vingt-metres-001,P110,cards/n2/04-pression.yaml,04,R,"Socle commun utile au N3 ; relire recto, verso et sources avant inclusion explicite, sans créer de doublon.",Quelle est la pression absolue à 20 m de profondeur ? Utiliser le modèle simplifié : pression atmosphérique de 1 bar et augmentation hydrostatique de 1 bar tous les 10 m.,partage_reviewed,docs/reviews/n3/00-reprises-n2.md
n2-pression-absolue-trente-trois-metres-001,P110,cards/n2/04-pression.yaml,04,R,"Socle commun utile au N3 ; relire recto, verso et sources avant inclusion explicite, sans créer de doublon.",Quelle est la pression absolue à 33 m de profondeur ? Utiliser le modèle simplifié : pression atmosphérique de 1 bar et augmentation hydrostatique de 1 bar tous les 10 m.,partage_reviewed,docs/reviews/n3/00-reprises-n2.md
n2-pression-inverse-deux-huit-bars-001,P123,cards/n2/04-pression.yaml,04,R,"Socle commun utile au N3 ; relire recto, verso et sources avant inclusion explicite, sans créer de doublon.","À quelle profondeur la pression absolue atteint-elle 2,8 bars ? Utiliser le modèle simplifié : pression atmosphérique de 1 bar et augmentation hydrostatique de 1 bar tous les 10 m.",partage_reviewed,docs/reviews/n3/00-reprises-n2.md
n2-pression-inverse-quatre-bars-001,P123,cards/n2/04-pression.yaml,04,R,"Socle commun utile au N3 ; relire recto, verso et sources avant inclusion explicite, sans créer de doublon.",À quelle profondeur la pression absolue atteint-elle 4 bars ? Utiliser le modèle simplifié : pression atmosphérique de 1 bar et augmentation hydrostatique de 1 bar tous les 10 m.,partage_reviewed,docs/reviews/n3/00-reprises-n2.md
n2-pression-hydrostatique-vingt-sept-metres-001,P114,cards/n2/04-pression.yaml,04,P,Acquis N2 ou détail périphérique : non inclus par défaut dans N3 ; conserver accessible dans N2 et réexaminer uniquement si un manque est démontré.,"À 27 m de profondeur, quelle est la pression hydrostatique due à l’eau seule ? Prendre une augmentation de 1 bar tous les 10 m.",non_selectionnee,
n2-pression-variation-remontee-001,P129,cards/n2/04-pression.yaml,04,P,Acquis N2 ou détail périphérique : non inclus par défaut dans N3 ; conserver accessible dans N2 et réexaminer uniquement si un manque est démontré.,Un plongeur remonte de 30 m à 12 m. De combien de bars la pression ambiante diminue-t-elle ? Utiliser le modèle simplifié : pression atmosphérique de 1 bar et augmentation hydrostatique de 1 bar tous les 10 m.,non_selectionnee,
n2-pression-absolue-lac-001,P110,cards/n2/04-pression.yaml,04,R,"Socle commun utile au N3 ; relire recto, verso et sources avant inclusion explicite, sans créer de doublon.","Dans un lac, la pression atmosphérique à la surface vaut 0,8 bar. Quelle est la pression absolue à 18 m ? Pour cet exercice, prendre une augmentation hydrostatique de 1 bar tous les 10 m.",partage_reviewed,docs/reviews/n3/00-reprises-n2.md
n2-pression-inverse-lac-001,P123,cards/n2/04-pression.yaml,04,R,"Socle commun utile au N3 ; relire recto, verso et sources avant inclusion explicite, sans créer de doublon.","Dans un lac où la pression atmosphérique vaut 0,8 bar, un capteur indique 2,3 bars de pression absolue. À quelle profondeur se trouve-t-il ? Pour cet exercice, prendre une augmentation hydrostatique de 1 bar tous les 10 m.",partage_reviewed,docs/reviews/n3/00-reprises-n2.md
n2-flottabilite-poids-reel-apparent-001,P133,cards/n2/05-flottabilite.yaml,05,P,Acquis N2 ou détail périphérique : non inclus par défaut dans N3 ; conserver accessible dans N2 et réexaminer uniquement si un manque est démontré.,"Un bloc fermé paraît moins lourd lorsqu’on le tient immobile sous l’eau. Quelle proposition décrit correctement sa masse, son poids réel et son poids apparent ?",non_selectionnee,
n2-flottabilite-archimede-001,P134,cards/n2/05-flottabilite.yaml,05,P,Acquis N2 ou détail périphérique : non inclus par défaut dans N3 ; conserver accessible dans N2 et réexaminer uniquement si un manque est démontré.,Un objet entièrement immergé dans une eau au repos déplace 4 L d’eau. De quoi dépend la valeur de la poussée d’Archimède qu’il reçoit ?,non_selectionnee,
n2-flottabilite-relation-poids-apparent-001,P136,cards/n2/05-flottabilite.yaml,05,P,Acquis N2 ou détail périphérique : non inclus par défaut dans N3 ; conserver accessible dans N2 et réexaminer uniquement si un manque est démontré.,"En prenant le sens vers le bas comme positif, quelle relation donne le poids apparent d’un objet immergé à partir de son poids réel et de la poussée d’Archimède ?",non_selectionnee,
n2-flottabilite-signe-001,P138,cards/n2/05-flottabilite.yaml,05,P,Acquis N2 ou détail périphérique : non inclus par défaut dans N3 ; conserver accessible dans N2 et réexaminer uniquement si un manque est démontré.,"Un objet entièrement immergé est initialement immobile et libre de bouger. Son poids apparent, défini par poids réel moins poussée d’Archimède, vaut −10 N. Quelle est sa tendance initiale dans une eau au repos ?",non_selectionnee,
n2-flottabilite-calcul-cinq-kg-001,P142,cards/n2/05-flottabilite.yaml,05,P,Acquis N2 ou détail périphérique : non inclus par défaut dans N3 ; conserver accessible dans N2 et réexaminer uniquement si un manque est démontré.,Un objet a une masse de 5 kg et un volume extérieur de 3 L. Quel est son poids apparent ? Objet entièrement immergé en eau douce ; prendre 1 kg par litre d’eau et g = 10 N/kg. Le poids apparent est défini par poids réel moins poussée d’Archimède.,non_selectionnee,
n2-flottabilite-calcul-deux-kg-001,P142,cards/n2/05-flottabilite.yaml,05,P,Acquis N2 ou détail périphérique : non inclus par défaut dans N3 ; conserver accessible dans N2 et réexaminer uniquement si un manque est démontré.,Un objet a une masse de 2 kg et un volume extérieur de 3 L. Quel est son poids apparent ? Objet entièrement immergé en eau douce ; prendre 1 kg par litre d’eau et g = 10 N/kg. Le poids apparent est défini par poids réel moins poussée d’Archimède.,non_selectionnee,
n2-flottabilite-calcul-neutre-001,P142,cards/n2/05-flottabilite.yaml,05,P,Acquis N2 ou détail périphérique : non inclus par défaut dans N3 ; conserver accessible dans N2 et réexaminer uniquement si un manque est démontré.,Un objet a une masse de 3 kg et un volume extérieur de 3 L. Quel est son poids apparent ? Objet entièrement immergé en eau douce ; prendre 1 kg par litre d’eau et g = 10 N/kg. Le poids apparent est défini par poids réel moins poussée d’Archimède.,non_selectionnee,
n2-flottabilite-volume-portance-001,P145,cards/n2/05-flottabilite.yaml,05,P,Acquis N2 ou détail périphérique : non inclus par défaut dans N3 ; conserver accessible dans N2 et réexaminer uniquement si un manque est démontré.,Un objet de 8 kg et de volume extérieur 5 L est entièrement immergé en eau douce. Quel volume supplémentaire doit déplacer un flotteur fixé à l’objet pour rendre l’ensemble neutre ? Prendre 1 kg par litre d’eau ; négliger la masse du flotteur et du gaz qu’il contient.,non_selectionnee,
n2-flottabilite-lest-caisson-001,P146,cards/n2/05-flottabilite.yaml,05,P,Acquis N2 ou détail périphérique : non inclus par défaut dans N3 ; conserver accessible dans N2 et réexaminer uniquement si un manque est démontré.,"Un caisson étanche de masse 1,5 kg et de volume extérieur 3 L est entièrement immergé en eau douce. Quelle masse de lest faut-il ajouter pour rendre l’ensemble neutre ? Prendre 1 kg par litre d’eau et négliger le volume du lest ajouté.",non_selectionnee,
n2-flottabilite-volume-double-001,P147,cards/n2/05-flottabilite.yaml,05,P,Acquis N2 ou détail périphérique : non inclus par défaut dans N3 ; conserver accessible dans N2 et réexaminer uniquement si un manque est démontré.,"Un objet entièrement immergé conserve la même masse, mais son volume extérieur double. Dans la même eau, que devient sa poussée d’Archimède ?",non_selectionnee,
n2-flottabilite-neoprene-001,P151,cards/n2/05-flottabilite.yaml,05,R,"Socle commun utile au N3 ; relire recto, verso et sources avant inclusion explicite, sans créer de doublon.","À la descente, pourquoi une combinaison humide en néoprène perd-elle de sa flottabilité ?",partage_reviewed,docs/reviews/n3/00-reprises-n2.md
n2-flottabilite-gilet-001,P154,cards/n2/05-flottabilite.yaml,05,P,Acquis N2 ou détail périphérique : non inclus par défaut dans N3 ; conserver accessible dans N2 et réexaminer uniquement si un manque est démontré.,"À profondeur constante, on transfère de l’air du bloc vers le gilet, sans rejet de gaz. Pourquoi cela augmente-t-il la flottabilité de l’ensemble plongeur-équipement ?",non_selectionnee,
n2-flottabilite-poumon-ballast-001,P155,cards/n2/05-flottabilite.yaml,05,P,Acquis N2 ou détail périphérique : non inclus par défaut dans N3 ; conserver accessible dans N2 et réexaminer uniquement si un manque est démontré.,"En plongée en scaphandre à circuit ouvert, que devient la flottabilité pendant une inspiration normale, sans action sur le gilet ?",non_selectionnee,
n2-flottabilite-respiration-001,P157,cards/n2/05-flottabilite.yaml,05,R,"Socle commun utile au N3 ; relire recto, verso et sources avant inclusion explicite, sans créer de doublon.","En scaphandre à circuit ouvert, comment utiliser le poumon-ballast pour ajuster sa flottabilité ?",partage_reviewed,docs/reviews/n3/00-reprises-n2.md
n2-flottabilite-bloc-consomme-001,P158,cards/n2/05-flottabilite.yaml,05,R,"Socle commun utile au N3 ; relire recto, verso et sources avant inclusion explicite, sans créer de doublon.","Entre le début et la fin d’une plongée à circuit ouvert, le même bloc rigide contient moins d’air. À profondeur identique, quel changement explique qu’il soit moins lourd dans l’eau ?",partage_reviewed,docs/reviews/n3/00-reprises-n2.md
n2-flottabilite-combinaison-lest-001,P162,cards/n2/05-flottabilite.yaml,05,R,"Socle commun utile au N3 ; relire recto, verso et sources avant inclusion explicite, sans créer de doublon.","Un plongeur remplace sa combinaison humide par une autre, plus épaisse. Peut-il déterminer exactement son nouveau lestage à partir de la seule différence d’épaisseur ?",partage_reviewed,docs/reviews/n3/00-reprises-n2.md
n2-flottabilite-eau-douce-mer-001,P163,cards/n2/05-flottabilite.yaml,05,R,"Socle commun utile au N3 ; relire recto, verso et sources avant inclusion explicite, sans créer de doublon.","Un plongeur correctement lesté en eau douce garde le même équipement pour plonger en mer, dans une eau plus dense. Dans quel sens le besoin de lest évolue-t-il généralement ?",partage_reviewed,docs/reviews/n3/00-reprises-n2.md
n2-flottabilite-carnet-lestage-001,P166,cards/n2/05-flottabilite.yaml,05,P,Acquis N2 ou détail périphérique : non inclus par défaut dans N3 ; conserver accessible dans N2 et réexaminer uniquement si un manque est démontré.,"Pour pouvoir réutiliser un réglage de lestage noté dans son carnet, quelles informations faut-il conserver en plus des kilogrammes de lest ?",non_selectionnee,
n2-flottabilite-parachute-traction-001,P168,cards/n2/05-flottabilite.yaml,05,R,"Socle commun utile au N3 ; relire recto, verso et sources avant inclusion explicite, sans créer de doublon.",Un dévidoir accroché au plongeur se bloque pendant le lancement du parachute. Quel risque motive la consigne de le garder décroché de soi ?,partage_reviewed,docs/reviews/n3/00-reprises-n2.md
n2-flottabilite-perte-lest-001,P169,cards/n2/05-flottabilite.yaml,05,P,Acquis N2 ou détail périphérique : non inclus par défaut dans N3 ; conserver accessible dans N2 et réexaminer uniquement si un manque est démontré.,Un plongeur stabilisé perd accidentellement une poche de plombs. Pourquoi risque-t-il de partir vers la surface ?,non_selectionnee,
n2-flottabilite-surlestage-001,P170,cards/n2/05-flottabilite.yaml,05,R,"Socle commun utile au N3 ; relire recto, verso et sources avant inclusion explicite, sans créer de doublon.","Pourquoi porter trop de lest peut-il augmenter l’effort et la consommation d’air, même lorsque le plongeur compense avec son gilet ?",partage_reviewed,docs/reviews/n3/00-reprises-n2.md
n2-flottabilite-palier-bloc-allege-001,P172,cards/n2/05-flottabilite.yaml,05,R,"Socle commun utile au N3 ; relire recto, verso et sources avant inclusion explicite, sans créer de doublon.","Un plongeur était correctement stabilisé en début de plongée. En fin de plongée, il doit palmer pour rester immergé à faible profondeur, avec un gilet entièrement purgé, une combinaison humide et une respiration normale. Pourquoi un lestage vérifié seulement avec le bloc plein peut-il expliquer cette difficulté ?",partage_reviewed,docs/reviews/n3/00-reprises-n2.md
n2-flottabilite-volume-neutre-001,P145,cards/n2/05-flottabilite.yaml,05,P,Acquis N2 ou détail périphérique : non inclus par défaut dans N3 ; conserver accessible dans N2 et réexaminer uniquement si un manque est démontré.,Un objet rigide de masse 6 kg est entièrement immergé dans de l’eau de masse volumique 1 kg/L. Quel volume extérieur doit-il avoir pour être de flottabilité neutre ?,non_selectionnee,
n2-flottabilite-volume-lest-001,P146,cards/n2/05-flottabilite.yaml,05,P,Acquis N2 ou détail périphérique : non inclus par défaut dans N3 ; conserver accessible dans N2 et réexaminer uniquement si un manque est démontré.,"Un caisson de 1,5 kg et 3 L reçoit un lest dont le volume extérieur est de 0,1 L. Quelle masse doit avoir ce lest pour rendre l’ensemble neutre, entièrement immergé dans de l’eau à 1 kg/L ?",non_selectionnee,
n2-flottabilite-calcul-eau-salee-001,P163,cards/n2/05-flottabilite.yaml,05,R,"Socle commun utile au N3 ; relire recto, verso et sources avant inclusion explicite, sans créer de doublon.","Un objet de 4 kg et 4 L est entièrement immergé dans une eau salée de masse volumique 1,025 kg/L. Quel est son poids apparent ? Prendre g = 10 N/kg et poids apparent = poids réel − poussée d’Archimède.",partage_reviewed,docs/reviews/n3/00-reprises-n2.md
n2-gaz-loi-boyle-001,P175,cards/n2/06-gaz-autonomie.yaml,06,R,"Socle commun utile au N3 ; relire recto, verso et sources avant inclusion explicite, sans créer de doublon.","Une quantité fixe de gaz parfait reste à température constante. Si sa pression absolue est multipliée par 3, que devient son volume ?",partage_reviewed,docs/reviews/n3/00-reprises-n2.md
n2-gaz-conditions-001,P176,cards/n2/06-gaz-autonomie.yaml,06,R,"Socle commun utile au N3 ; relire recto, verso et sources avant inclusion explicite, sans créer de doublon.","Pour utiliser P₁V₁ = P₂V₂ entre deux états d’un même gaz parfait, quelles grandeurs doivent rester constantes ?",partage_reviewed,docs/reviews/n3/00-reprises-n2.md
n2-gaz-ballon-surface-vingt-001,P179,cards/n2/06-gaz-autonomie.yaml,06,P,Acquis N2 ou détail périphérique : non inclus par défaut dans N3 ; conserver accessible dans N2 et réexaminer uniquement si un manque est démontré.,Un ballon contient 12 L d’air à la surface. Quel volume occupe cet air à 20 m ? Le ballon est souple et fermé ; la température est constante et la tension de sa paroi négligeable. Prendre 1 bar à la surface et +1 bar tous les 10 m. Assimiler l’air à un gaz parfait.,non_selectionnee,
n2-gaz-ballon-surface-dix-001,P179,cards/n2/06-gaz-autonomie.yaml,06,P,Acquis N2 ou détail périphérique : non inclus par défaut dans N3 ; conserver accessible dans N2 et réexaminer uniquement si un manque est démontré.,Un ballon contient 6 L d’air à la surface. Quel volume occupe cet air à 10 m ? Le ballon est souple et fermé ; la température est constante et la tension de sa paroi négligeable. Prendre 1 bar à la surface et +1 bar tous les 10 m. Assimiler l’air à un gaz parfait.,non_selectionnee,
n2-gaz-ballon-surface-quarante-001,P179,cards/n2/06-gaz-autonomie.yaml,06,P,Acquis N2 ou détail périphérique : non inclus par défaut dans N3 ; conserver accessible dans N2 et réexaminer uniquement si un manque est démontré.,Un ballon contient 10 L d’air à la surface. Quel volume occupe cet air à 40 m ? Le ballon est souple et fermé ; la température est constante et la tension de sa paroi négligeable. Prendre 1 bar à la surface et +1 bar tous les 10 m. Assimiler l’air à un gaz parfait.,non_selectionnee,
n2-gaz-ballon-remontee-001,P182,cards/n2/06-gaz-autonomie.yaml,06,P,Acquis N2 ou détail périphérique : non inclus par défaut dans N3 ; conserver accessible dans N2 et réexaminer uniquement si un manque est démontré.,Un ballon contient 2 L d’air à 20 m. Quel volume occuperait cet air à la surface ? Supposer une enveloppe assez extensible pour ne pas limiter l’expansion. Le ballon est souple et fermé ; la température est constante et la tension de sa paroi négligeable. Prendre 1 bar à la surface et +1 bar tous les 10 m. Assimiler l’air à un gaz parfait.,non_selectionnee,
n2-gaz-ballon-entre-profondeurs-001,P183,cards/n2/06-gaz-autonomie.yaml,06,P,Acquis N2 ou détail périphérique : non inclus par défaut dans N3 ; conserver accessible dans N2 et réexaminer uniquement si un manque est démontré.,Un ballon contient 4 L d’air à 10 m. Quel sera son volume à 30 m ? Le ballon est souple et fermé ; la température est constante et la tension de sa paroi négligeable. Prendre 1 bar à la surface et +1 bar tous les 10 m. Assimiler l’air à un gaz parfait.,non_selectionnee,
n2-gaz-expansion-comparaison-001,P184,cards/n2/06-gaz-autonomie.yaml,06,P,Acquis N2 ou détail périphérique : non inclus par défaut dans N3 ; conserver accessible dans N2 et réexaminer uniquement si un manque est démontré.,"Deux ballons souples fermés contiennent chacun 2 L à leur profondeur de départ. L’un remonte de 10 m à la surface ; l’autre de 20 m à 10 m. Quels volumes atteignent-ils, respectivement ? Température constante, parois sans effet mécanique et assez extensibles. Prendre 1 bar à la surface et +1 bar tous les 10 m. Assimiler l’air à un gaz parfait.",non_selectionnee,
n2-gaz-bloc-rigide-001,P185,cards/n2/06-gaz-autonomie.yaml,06,P,Acquis N2 ou détail périphérique : non inclus par défaut dans N3 ; conserver accessible dans N2 et réexaminer uniquement si un manque est démontré.,"Un bloc fermé de volume intérieur 12 L est descendu de la surface à 20 m, sans fuite et à température constante. Son volume intérieur devient-il 4 L comme celui d’un ballon souple ?",non_selectionnee,
n2-gaz-gilet-descente-001,P186,cards/n2/06-gaz-autonomie.yaml,06,P,Acquis N2 ou détail périphérique : non inclus par défaut dans N3 ; conserver accessible dans N2 et réexaminer uniquement si un manque est démontré.,"Un plongeur stabilisé descend de quelques mètres et devient plus négatif sans avoir modifié le gaz de son gilet. Quel ajustement du gilet permet de retrouver la stabilisation, et pourquoi procéder progressivement ?",non_selectionnee,
n2-gaz-gilet-remontee-001,P187,cards/n2/06-gaz-autonomie.yaml,06,P,Acquis N2 ou détail périphérique : non inclus par défaut dans N3 ; conserver accessible dans N2 et réexaminer uniquement si un manque est démontré.,Un plongeur commence une remontée avec du gaz dans son gilet. Pourquoi peut-il devoir purger plusieurs fois pendant cette remontée ?,non_selectionnee,
n2-gaz-masque-descente-001,P188,cards/n2/06-gaz-autonomie.yaml,06,P,Acquis N2 ou détail périphérique : non inclus par défaut dans N3 ; conserver accessible dans N2 et réexaminer uniquement si un manque est démontré.,"À la descente, comment remettre l’intérieur du masque à la pression ambiante pour éviter son placage sur le visage ?",non_selectionnee,
n2-gaz-oreille-descente-001,P189,cards/n2/06-gaz-autonomie.yaml,06,P,Acquis N2 ou détail périphérique : non inclus par défaut dans N3 ; conserver accessible dans N2 et réexaminer uniquement si un manque est démontré.,Pourquoi faut-il équilibrer les oreilles régulièrement et sans forcer pendant la descente ?,non_selectionnee,
n2-gaz-detendeur-pression-001,P190,cards/n2/06-gaz-autonomie.yaml,06,P,Acquis N2 ou détail périphérique : non inclus par défaut dans N3 ; conserver accessible dans N2 et réexaminer uniquement si un manque est démontré.,"À 20 m, à quelle pression absolue le deuxième étage d’un détendeur délivre-t-il approximativement l’air respiré ? Prendre 1 bar à la surface et +1 bar tous les 10 m.",non_selectionnee,
n2-gaz-debit-vingt-001,P193,cards/n2/06-gaz-autonomie.yaml,06,R,"Socle commun utile au N3 ; relire recto, verso et sources avant inclusion explicite, sans créer de doublon.","À 20 m, un plongeur ventile 20 L d’air par minute mesurés à la pression ambiante. À quel débit d’air ramené à 1 bar cela correspond-il ? Prendre 1 bar à la surface et +1 bar tous les 10 m. Température supposée constante.",partage_reviewed,docs/reviews/n3/00-reprises-n2.md
n2-gaz-debit-trente-001,P193,cards/n2/06-gaz-autonomie.yaml,06,R,"Socle commun utile au N3 ; relire recto, verso et sources avant inclusion explicite, sans créer de doublon.","À 30 m, un plongeur ventile 18 L/min mesurés à la pression ambiante. Quel est le débit correspondant ramené à 1 bar ? Prendre 1 bar à la surface et +1 bar tous les 10 m. Température supposée constante.",partage_reviewed,docs/reviews/n3/00-reprises-n2.md
n2-gaz-stock-nominal-001,P195,cards/n2/06-gaz-autonomie.yaml,06,R,"Socle commun utile au N3 ; relire recto, verso et sources avant inclusion explicite, sans créer de doublon.",Un bloc de volume intérieur 12 L affiche 200 bars au manomètre. Quel stock nominal d’air ramené à 1 bar obtient-on avec l’approximation de cours volume intérieur × pression manométrique ?,partage_reviewed,docs/reviews/n3/00-reprises-n2.md
n2-gaz-stock-quinze-001,P195,cards/n2/06-gaz-autonomie.yaml,06,R,"Socle commun utile au N3 ; relire recto, verso et sources avant inclusion explicite, sans créer de doublon.",Un bloc de volume intérieur 15 L affiche 180 bars au manomètre. Quel stock nominal ramené à 1 bar donne l’approximation de cours volume intérieur × pression manométrique ?,partage_reviewed,docs/reviews/n3/00-reprises-n2.md
n2-gaz-duree-stock-donne-001,P197,cards/n2/06-gaz-autonomie.yaml,06,P,Acquis N2 ou détail périphérique : non inclus par défaut dans N3 ; conserver accessible dans N2 et réexaminer uniquement si un manque est démontré.,Une phase théorique se déroule uniquement à 10 m. On lui alloue 1 200 L d’air ramenés à 1 bar. Le débit respiratoire de référence est de 20 L/min à 1 bar et la ventilation reste identique à cette profondeur. Combien de minutes couvre ce stock pour cette seule phase ? Prendre 1 bar à la surface et +1 bar tous les 10 m.,non_selectionnee,
n2-gaz-rapport-autonomie-001,P200,cards/n2/06-gaz-autonomie.yaml,06,P,Acquis N2 ou détail périphérique : non inclus par défaut dans N3 ; conserver accessible dans N2 et réexaminer uniquement si un manque est démontré.,"Un même stock d’air alimente un plongeur dont le volume ventilé par minute reste identique. Dans un modèle à profondeur constante, quelle fraction de la durée obtenue à la surface obtient-on à 40 m ? Prendre 1 bar à la surface et +1 bar tous les 10 m. Gaz parfait et température constante.",non_selectionnee,
n2-gaz-duree-fond-planification-001,P201,cards/n2/06-gaz-autonomie.yaml,06,R,"Socle commun utile au N3 ; relire recto, verso et sources avant inclusion explicite, sans créer de doublon.",Un calcul divise tout le stock nominal du bloc par la consommation à la profondeur du fond. Pourquoi le résultat ne donne-t-il pas directement le temps disponible pour explorer ?,partage_reviewed,docs/reviews/n3/00-reprises-n2.md
n2-gaz-debit-variable-001,P203,cards/n2/06-gaz-autonomie.yaml,06,R,"Socle commun utile au N3 ; relire recto, verso et sources avant inclusion explicite, sans créer de doublon.",On utilise une consommation mesurée au calme pour prévoir une plongée froide avec du courant. Quelle limite de cette estimation doit-on prendre en compte ?,partage_reviewed,docs/reviews/n3/00-reprises-n2.md
n2-gaz-chute-pression-001,P205,cards/n2/06-gaz-autonomie.yaml,06,R,"Socle commun utile au N3 ; relire recto, verso et sources avant inclusion explicite, sans créer de doublon.","Sur une phase de 10 min à 20 m, un bloc de 12 L passe de 180 à 130 bars. Quelle consommation de référence, ramenée à une pression ambiante de 1 bar, cela représente-t-il ? Prendre 3 bars absolus à 20 m ; gaz parfait, température constante, tout l’air perdu ayant été respiré.",partage_reviewed,docs/reviews/n3/00-reprises-n2.md
n2-gaz-comparaison-equipiers-001,P206,cards/n2/06-gaz-autonomie.yaml,06,R,"Socle commun utile au N3 ; relire recto, verso et sources avant inclusion explicite, sans créer de doublon.","Pour une même phase théorique à 20 m, A a un bloc de 12 L à 150 bars et un débit de référence de 20 L/min à 1 bar ; B, un bloc de 15 L à 150 bars et un débit de 30 L/min. Chacun doit conserver 60 bars à la fin de cette phase. Qui atteint ce seuil le premier ? Gaz parfait à température constante ; prendre 3 bars absolus à 20 m.",partage_reviewed,docs/reviews/n3/00-reprises-n2.md
n2-gaz-stock-utilisable-001,P630,cards/n2/06-gaz-autonomie.yaml,06,R,"Socle commun utile au N3 ; relire recto, verso et sources avant inclusion explicite, sans créer de doublon.",Un bloc de 12 L affiche 200 bars. Un exercice impose de conserver 70 bars. Quel volume d’air peut-on prélever avant d’atteindre ce seuil ? Modèle de gaz parfait à température constante ; volumes d’air exprimés à 1 bar.,partage_reviewed,docs/reviews/n3/00-reprises-n2.md
n2-gaz-duree-avec-seuil-001,P631,cards/n2/06-gaz-autonomie.yaml,06,P,Acquis N2 ou détail périphérique : non inclus par défaut dans N3 ; conserver accessible dans N2 et réexaminer uniquement si un manque est démontré.,Un bloc de 12 L à 200 bars alimente une phase théorique uniquement à 20 m. Il doit rester au moins 70 bars à la fin. Le débit respiratoire de référence est 20 L/min à 1 bar. Quelle durée couvre le gaz alloué à cette phase ? Prendre 1 bar à la surface et +1 bar tous les 10 m. Modèle de gaz parfait à température constante ; volumes d’air exprimés à 1 bar.,non_selectionnee,
n2-gaz-pression-initiale-001,P632,cards/n2/06-gaz-autonomie.yaml,06,P,Acquis N2 ou détail périphérique : non inclus par défaut dans N3 ; conserver accessible dans N2 et réexaminer uniquement si un manque est démontré.,Une phase théorique de 15 min à 20 m doit se terminer avec au moins 60 bars dans un bloc de 12 L. Le débit respiratoire de référence vaut 20 L/min à 1 bar. Quelle pression manométrique initiale minimale faut-il pour cette seule phase ? Prendre 1 bar à la surface et +1 bar tous les 10 m. Modèle de gaz parfait à température constante ; volumes d’air exprimés à 1 bar.,non_selectionnee,
n2-gaz-deux-phases-001,P633,cards/n2/06-gaz-autonomie.yaml,06,R,"Socle commun utile au N3 ; relire recto, verso et sources avant inclusion explicite, sans créer de doublon.","Un exercice comporte deux phases : 8 min à 20 m, puis 6 min à 10 m, avec un débit respiratoire de référence de 20 L/min à 1 bar. Quel volume d’air faut-il pour ces deux phases seules, hors transitions et réserve ? Prendre 1 bar à la surface et +1 bar tous les 10 m. Modèle de gaz parfait à température constante ; volumes d’air exprimés à 1 bar.",partage_reviewed,docs/reviews/n3/00-reprises-n2.md
n2-gaz-reserve-volumes-001,P634,cards/n2/06-gaz-autonomie.yaml,06,R,"Socle commun utile au N3 ; relire recto, verso et sources avant inclusion explicite, sans créer de doublon.",Une baisse de pression de 50 bars dans un bloc de 12 L fournit-elle le même volume d’air qu’une baisse de 50 bars dans un bloc de 15 L ? Calculer les deux volumes. Modèle de gaz parfait à température constante ; volumes d’air exprimés à 1 bar.,partage_reviewed,docs/reviews/n3/00-reprises-n2.md
n2-gaz-deux-equipiers-001,P635,cards/n2/06-gaz-autonomie.yaml,06,R,"Socle commun utile au N3 ; relire recto, verso et sources avant inclusion explicite, sans créer de doublon.","Deux équipiers respirent sur le même stock pendant une phase théorique de 3 min à 20 m. Leurs débits de référence sont 30 et 40 L/min à 1 bar. Le stock alloué est de 600 L à 1 bar. Suffit-il pour cette phase seule ? Prendre 3 bars absolus, gaz parfait et température constante.",partage_reviewed,docs/reviews/n3/00-reprises-n2.md
n2-gaz-effort-recalcul-001,P636,cards/n2/06-gaz-autonomie.yaml,06,P,Acquis N2 ou détail périphérique : non inclus par défaut dans N3 ; conserver accessible dans N2 et réexaminer uniquement si un manque est démontré.,"Une phase théorique de 10 min à 20 m était calculée avec un débit de référence de 20 L/min à 1 bar. On porte cette hypothèse à 30 L/min. Quel volume supplémentaire faut-il pour cette phase ? Prendre 3 bars absolus ; gaz parfait à température constante, volumes ramenés à 1 bar.",non_selectionnee,
n2-gaz-boyle-profondeur-inverse-001,P640,cards/n2/06-gaz-autonomie.yaml,06,P,Acquis N2 ou détail périphérique : non inclus par défaut dans N3 ; conserver accessible dans N2 et réexaminer uniquement si un manque est démontré.,"Un ballon souple fermé contient 3 L à 10 m, puis 2 L à une profondeur inconnue. Quelle est cette profondeur ? Gaz parfait, quantité et température constantes, paroi sans effet mécanique ; prendre 1 bar en surface et +1 bar tous les 10 m.",non_selectionnee,
n2-gaz-consommation-remontee-001,P641,cards/n2/06-gaz-autonomie.yaml,06,R,"Socle commun utile au N3 ; relire recto, verso et sources avant inclusion explicite, sans créer de doublon.","Un exercice comporte seulement une remontée régulière de 20 m à la surface en 2 min, sans arrêt. Le débit respiratoire de référence reste 20 L/min à 1 bar. Quel volume de gaz ramené à 1 bar est consommé sur ce trajet ? Gaz parfait, température constante, 1 bar en surface et +1 bar/10 m ; profondeur décroissant linéairement avec le temps.",partage_reviewed,docs/reviews/n3/00-reprises-n2.md
n2-barotraumatismes-mecanisme-001,P207,cards/n2/07-barotraumatismes.yaml,07,R,"Socle commun utile au N3 ; relire recto, verso et sources avant inclusion explicite, sans créer de doublon.",Qu’est-ce qui provoque une lésion barotraumatique dans une cavité contenant du gaz ?,partage_reviewed,docs/reviews/n3/00-reprises-n2.md
n2-barotraumatismes-placage-masque-001,P211,cards/n2/07-barotraumatismes.yaml,07,P,Acquis N2 ou détail périphérique : non inclus par défaut dans N3 ; conserver accessible dans N2 et réexaminer uniquement si un manque est démontré.,"À la descente, le masque se plaque douloureusement sur le visage malgré une sangle correctement réglée. Quel déséquilibre explique cet effet ventouse ?",non_selectionnee,
n2-barotraumatismes-sinus-communication-001,P215,cards/n2/07-barotraumatismes.yaml,07,P,Acquis N2 ou détail périphérique : non inclus par défaut dans N3 ; conserver accessible dans N2 et réexaminer uniquement si un manque est démontré.,Par quelle voie l’air des sinus paranasaux communique-t-il avec l’air des fosses nasales pour suivre les variations de pression ?,non_selectionnee,
n2-barotraumatismes-sinus-alerte-001,P218,cards/n2/07-barotraumatismes.yaml,07,P,Acquis N2 ou détail périphérique : non inclus par défaut dans N3 ; conserver accessible dans N2 et réexaminer uniquement si un manque est démontré.,Quels signes peuvent faire suspecter un barotraumatisme des sinus pendant ou après une plongée ?,non_selectionnee,
n2-barotraumatismes-sinus-descente-001,P220,cards/n2/07-barotraumatismes.yaml,07,R,"Socle commun utile au N3 ; relire recto, verso et sources avant inclusion explicite, sans créer de doublon.",Une douleur localisée aux sinus apparaît pendant la descente et ne s’efface pas spontanément. Quelle conduite adopter ?,partage_reviewed,docs/reviews/n3/00-reprises-n2.md
n2-barotraumatismes-sinus-remontee-001,P221,cards/n2/07-barotraumatismes.yaml,07,P,Acquis N2 ou détail périphérique : non inclus par défaut dans N3 ; conserver accessible dans N2 et réexaminer uniquement si un manque est démontré.,Une descente sans douleur exclut-elle un barotraumatisme des sinus pendant la remontée ?,non_selectionnee,
n2-barotraumatismes-trompe-eustache-001,P224,cards/n2/07-barotraumatismes.yaml,07,P,Acquis N2 ou détail périphérique : non inclus par défaut dans N3 ; conserver accessible dans N2 et réexaminer uniquement si un manque est démontré.,"Lors de l’équilibrage, par quel conduit l’air atteint-il l’oreille moyenne depuis l’arrière du nez ?",non_selectionnee,
n2-barotraumatismes-rhume-equilibrage-001,P230,cards/n2/07-barotraumatismes.yaml,07,R,"Socle commun utile au N3 ; relire recto, verso et sources avant inclusion explicite, sans créer de doublon.",Pourquoi être capable de respirer par le nez malgré un rhume ne garantit-il pas que les oreilles et les sinus s’équilibreront correctement ?,partage_reviewed,docs/reviews/n3/00-reprises-n2.md
n2-barotraumatismes-position-descente-001,P231,cards/n2/07-barotraumatismes.yaml,07,P,Acquis N2 ou détail périphérique : non inclus par défaut dans N3 ; conserver accessible dans N2 et réexaminer uniquement si un manque est démontré.,Pourquoi une descente lente tête en haut facilite-t-elle généralement l’équilibrage des oreilles par rapport à une descente tête en bas ?,non_selectionnee,
n2-barotraumatismes-vertige-alternobarique-001,P233,cards/n2/07-barotraumatismes.yaml,07,R,"Socle commun utile au N3 ; relire recto, verso et sources avant inclusion explicite, sans créer de doublon.",Quel déséquilibre définit le vertige alternobarique en plongée ?,partage_reviewed,docs/reviews/n3/00-reprises-n2.md
n2-barotraumatismes-bouchons-oreilles-001,P236,cards/n2/07-barotraumatismes.yaml,07,P,Acquis N2 ou détail périphérique : non inclus par défaut dans N3 ; conserver accessible dans N2 et réexaminer uniquement si un manque est démontré.,Pourquoi des bouchons étanches dans les oreilles peuvent-ils provoquer un barotraumatisme malgré un bon équilibrage de l’oreille moyenne ?,non_selectionnee,
n2-barotraumatismes-dents-gaz-001,P237,cards/n2/07-barotraumatismes.yaml,07,P,Acquis N2 ou détail périphérique : non inclus par défaut dans N3 ; conserver accessible dans N2 et réexaminer uniquement si un manque est démontré.,Comment une obturation dentaire défectueuse peut-elle provoquer une douleur liée à la pression pendant une plongée ?,non_selectionnee,
n2-barotraumatismes-douleur-dentaire-suivi-001,P239,cards/n2/07-barotraumatismes.yaml,07,P,Acquis N2 ou détail périphérique : non inclus par défaut dans N3 ; conserver accessible dans N2 et réexaminer uniquement si un manque est démontré.,"Après une douleur dentaire aiguë apparue à la remontée, pourquoi faut-il faire contrôler la dent avant de replonger, même si la douleur a cessé en surface ?",non_selectionnee,
n2-barotraumatismes-gaz-digestifs-001,P240,cards/n2/07-barotraumatismes.yaml,07,P,Acquis N2 ou détail périphérique : non inclus par défaut dans N3 ; conserver accessible dans N2 et réexaminer uniquement si un manque est démontré.,"À la remontée, pourquoi du gaz avalé ou déjà présent dans le tube digestif peut-il provoquer une distension douloureuse ?",non_selectionnee,
n2-barotraumatismes-surpression-mecanisme-001,P243,cards/n2/07-barotraumatismes.yaml,07,R,"Socle commun utile au N3 ; relire recto, verso et sources avant inclusion explicite, sans créer de doublon.",Quel mécanisme peut provoquer une surpression pulmonaire chez un plongeur remontant après avoir respiré de l’air comprimé ?,partage_reviewed,docs/reviews/n3/00-reprises-n2.md
n2-barotraumatismes-faible-profondeur-001,P245,cards/n2/07-barotraumatismes.yaml,07,R,"Socle commun utile au N3 ; relire recto, verso et sources avant inclusion explicite, sans créer de doublon.","Une surpression pulmonaire est-elle possible après une remontée de quelques mètres seulement en scaphandre, par exemple depuis le fond d’une piscine ?",partage_reviewed,docs/reviews/n3/00-reprises-n2.md
n2-barotraumatismes-signes-respiratoires-001,P249,cards/n2/07-barotraumatismes.yaml,07,R,"Socle commun utile au N3 ; relire recto, verso et sources avant inclusion explicite, sans créer de doublon.","Après une plongée avec paliers respectés, une douleur thoracique et une difficulté respiratoire apparaissent, parfois avec du sang dans les crachats. Quelle interprétation justifie une alerte urgente ?",partage_reviewed,docs/reviews/n3/00-reprises-n2.md
n2-barotraumatismes-signes-neurologiques-001,P250,cards/n2/07-barotraumatismes.yaml,07,R,"Socle commun utile au N3 ; relire recto, verso et sources avant inclusion explicite, sans créer de doublon.","Juste après la sortie de l’eau, un plongeur devient confus et perd la force d’un bras. Il ne se plaint pas de douleur thoracique. Peut-on écarter une complication grave de surpression pulmonaire ?",partage_reviewed,docs/reviews/n3/00-reprises-n2.md
n2-barotraumatismes-alerte-oxygene-001,P252,cards/n2/07-barotraumatismes.yaml,07,R,"Socle commun utile au N3 ; relire recto, verso et sources avant inclusion explicite, sans créer de doublon.","À la surface, un plongeur conscient qui respire présente des signes faisant suspecter un barotraumatisme pulmonaire. Quelles actions prioritaires faut-il engager ?",partage_reviewed,docs/reviews/n3/00-reprises-n2.md
n2-barotraumatismes-amelioration-symptomes-001,P252,cards/n2/07-barotraumatismes.yaml,07,R,"Socle commun utile au N3 ; relire recto, verso et sources avant inclusion explicite, sans créer de doublon.","Après une suspicion d’accident pulmonaire ou neurologique de plongée, les symptômes diminuent sous oxygène. Peut-on annuler l’évaluation médicale urgente ?",partage_reviewed,docs/reviews/n3/00-reprises-n2.md
n2-barotraumatismes-victime-non-respirante-001,P252,cards/n2/07-barotraumatismes.yaml,07,R,"Socle commun utile au N3 ; relire recto, verso et sources avant inclusion explicite, sans créer de doublon.",Une victime d’accident de plongée est inconsciente et ne respire pas normalement. Quels gestes doivent être engagés en priorité ?,partage_reviewed,docs/reviews/n3/00-reprises-n2.md
n2-essoufflement-profondeur-001,P261,cards/n2/08-essoufflement.yaml,08,R,"Socle commun utile au N3 ; relire recto, verso et sources avant inclusion explicite, sans créer de doublon.","À ventilation comparable, pourquoi respirer devient-il plus exigeant lorsque la profondeur augmente ?",partage_reviewed,docs/reviews/n3/00-reprises-n2.md
n2-essoufflement-co2-001,P262,cards/n2/08-essoufflement.yaml,08,R,"Socle commun utile au N3 ; relire recto, verso et sources avant inclusion explicite, sans créer de doublon.",Pourquoi une respiration très rapide et superficielle peut-elle entretenir l’essoufflement au lieu de l’arrêter ?,partage_reviewed,docs/reviews/n3/00-reprises-n2.md
n2-essoufflement-effort-001,P263,cards/n2/08-essoufflement.yaml,08,R,"Socle commun utile au N3 ; relire recto, verso et sources avant inclusion explicite, sans créer de doublon.",Un plongeur peu entraîné accélère fortement son palmage pour suivre une palanquée. Pourquoi cela favorise-t-il l’essoufflement ?,partage_reviewed,docs/reviews/n3/00-reprises-n2.md
n2-essoufflement-air-pollue-001,P267,cards/n2/08-essoufflement.yaml,08,R,"Socle commun utile au N3 ; relire recto, verso et sources avant inclusion explicite, sans créer de doublon.",Plusieurs plongeurs dont les blocs ont été gonflés au même endroit présentent un malaise ou une gêne respiratoire. Quelle hypothèse supplémentaire faut-il transmettre aux secours ?,partage_reviewed,docs/reviews/n3/00-reprises-n2.md
n2-essoufflement-signes-001,P268,cards/n2/08-essoufflement.yaml,08,R,"Socle commun utile au N3 ; relire recto, verso et sources avant inclusion explicite, sans créer de doublon.",Quels signes peuvent annoncer un essoufflement en immersion avant une perte de contrôle ?,partage_reviewed,docs/reviews/n3/00-reprises-n2.md
n2-essoufflement-panique-001,P270,cards/n2/08-essoufflement.yaml,08,R,"Socle commun utile au N3 ; relire recto, verso et sources avant inclusion explicite, sans créer de doublon.",Un plongeur essoufflé ressent une envie de retirer son détendeur et de remonter précipitamment. Pourquoi doit-il conserver une source de gaz et demander de l’aide ?,partage_reviewed,docs/reviews/n3/00-reprises-n2.md
n2-essoufflement-premiers-signes-001,P272,cards/n2/08-essoufflement.yaml,08,R,"Socle commun utile au N3 ; relire recto, verso et sources avant inclusion explicite, sans créer de doublon.","En immersion, un plongeur présente un essoufflement pendant un palmage soutenu. Quelles premières actions engager avec la palanquée ?",partage_reviewed,docs/reviews/n3/00-reprises-n2.md
n2-essoufflement-assistance-001,P274,cards/n2/08-essoufflement.yaml,08,R,"Socle commun utile au N3 ; relire recto, verso et sources avant inclusion explicite, sans créer de doublon.",Pourquoi une remontée assistée pour un plongeur essoufflé doit-elle rester contrôlée ?,partage_reviewed,docs/reviews/n3/00-reprises-n2.md
n2-essoufflement-courant-001,P277,cards/n2/08-essoufflement.yaml,08,R,"Socle commun utile au N3 ; relire recto, verso et sources avant inclusion explicite, sans créer de doublon.",La palanquée rencontre un courant contre lequel elle doit palmer fortement pour maintenir le trajet. Que faut-il remettre en cause avant l’épuisement ?,partage_reviewed,docs/reviews/n3/00-reprises-n2.md
n2-froid-bilan-thermique-001,P281,cards/n2/09-froid.yaml,09,P,Acquis N2 ou détail périphérique : non inclus par défaut dans N3 ; conserver accessible dans N2 et réexaminer uniquement si un manque est démontré.,Pourquoi peut-on se refroidir même en bougeant pendant une plongée ?,non_selectionnee,
n2-froid-signes-001,P283,cards/n2/09-froid.yaml,09,R,"Socle commun utile au N3 ; relire recto, verso et sources avant inclusion explicite, sans créer de doublon.","En eau froide, un plongeur frissonne et n’arrive plus à manipuler ses attaches ou le dévidoir du parachute. Que doit faire la palanquée ?",partage_reviewed,docs/reviews/n3/00-reprises-n2.md
n2-froid-fin-frissons-001,P286,cards/n2/09-froid.yaml,09,R,"Socle commun utile au N3 ; relire recto, verso et sources avant inclusion explicite, sans créer de doublon.",Un plongeur toujours très froid devient confus et cesse de frissonner. Pourquoi cela ne prouve-t-il pas qu’il se réchauffe ?,partage_reviewed,docs/reviews/n3/00-reprises-n2.md
n2-froid-protection-001,P289,cards/n2/09-froid.yaml,09,R,"Socle commun utile au N3 ; relire recto, verso et sources avant inclusion explicite, sans créer de doublon.","Pourquoi choisir une protection thermique en fonction de la température et de la durée prévues, plutôt que de la seule épaisseur écrite sur la combinaison ?",partage_reviewed,docs/reviews/n3/00-reprises-n2.md
n2-froid-fatigue-001,P291,cards/n2/09-froid.yaml,09,P,Acquis N2 ou détail périphérique : non inclus par défaut dans N3 ; conserver accessible dans N2 et réexaminer uniquement si un manque est démontré.,Pourquoi partir fatigué ou avec des apports alimentaires insuffisants réduit-il la marge face au froid ?,non_selectionnee,
n2-froid-interactions-001,P292,cards/n2/09-froid.yaml,09,R,"Socle commun utile au N3 ; relire recto, verso et sources avant inclusion explicite, sans créer de doublon.",Pourquoi le froid peut-il compliquer une plongée profonde au-delà du seul inconfort ?,partage_reviewed,docs/reviews/n3/00-reprises-n2.md
n2-froid-sortie-001,P293,cards/n2/09-froid.yaml,09,R,"Socle commun utile au N3 ; relire recto, verso et sources avant inclusion explicite, sans créer de doublon.","À la sortie d’eau, quelles mesures limitent les pertes de chaleur d’un plongeur refroidi qui reste conscient ?",partage_reviewed,docs/reviews/n3/00-reprises-n2.md
n2-froid-rechauffement-001,P295,cards/n2/09-froid.yaml,09,R,"Socle commun utile au N3 ; relire recto, verso et sources avant inclusion explicite, sans créer de doublon.","Après sa sortie de l’eau, un plongeur hypothermique reste confus. Quelle prise en charge engager en attendant les secours ?",partage_reviewed,docs/reviews/n3/00-reprises-n2.md
n2-froid-boisson-001,P296,cards/n2/09-froid.yaml,09,P,Acquis N2 ou détail périphérique : non inclus par défaut dans N3 ; conserver accessible dans N2 et réexaminer uniquement si un manque est démontré.,Dans quelles conditions peut-on proposer une boisson tiède non alcoolisée à un plongeur légèrement refroidi ?,non_selectionnee,
n2-narcose-air-001,P299,cards/n2/10-narcose.yaml,10,P,Acquis N2 ou détail périphérique : non inclus par défaut dans N3 ; conserver accessible dans N2 et réexaminer uniquement si un manque est démontré.,Quelle composition approximative de l’air sec faut-il distinguer du modèle simplifié utilisé dans certains exercices ?,non_selectionnee,
n2-narcose-dalton-001,P302,cards/n2/10-narcose.yaml,10,R,"Socle commun utile au N3 ; relire recto, verso et sources avant inclusion explicite, sans créer de doublon.","Dans un mélange gazeux idéal, comment calcule-t-on la pression partielle d’un gaz ?",partage_reviewed,docs/reviews/n3/00-reprises-n2.md
n2-narcose-oxygene-trente-001,P304,cards/n2/10-narcose.yaml,10,P,Acquis N2 ou détail périphérique : non inclus par défaut dans N3 ; conserver accessible dans N2 et réexaminer uniquement si un manque est démontré.,"Dans le modèle d’air à 20 % d’oxygène, quelle est la pression partielle d’O₂ à 30 m ? Prendre 1 bar à la surface et +1 bar par 10 m.",non_selectionnee,
n2-narcose-azote-quarante-001,P306,cards/n2/10-narcose.yaml,10,P,Acquis N2 ou détail périphérique : non inclus par défaut dans N3 ; conserver accessible dans N2 et réexaminer uniquement si un manque est démontré.,"Dans le modèle d’air à 80 % d’azote, quelle est la pression partielle d’azote à 40 m ? Prendre 1 bar à la surface et +1 bar par 10 m.",non_selectionnee,
n2-narcose-partielle-vingt-001,P302,cards/n2/10-narcose.yaml,10,R,"Socle commun utile au N3 ; relire recto, verso et sources avant inclusion explicite, sans créer de doublon.",Un mélange idéal contient 21 % d’oxygène. Quelle est sa pression partielle d’oxygène à une pression totale de 3 bars absolus ?,partage_reviewed,docs/reviews/n3/00-reprises-n2.md
n2-narcose-fraction-pression-001,P307,cards/n2/10-narcose.yaml,10,P,Acquis N2 ou détail périphérique : non inclus par défaut dans N3 ; conserver accessible dans N2 et réexaminer uniquement si un manque est démontré.,"À composition d’air inchangée, pourquoi la pression partielle d’azote augmente-t-elle à la descente ?",non_selectionnee,
n2-narcose-effets-001,P308,cards/n2/10-narcose.yaml,10,R,"Socle commun utile au N3 ; relire recto, verso et sources avant inclusion explicite, sans créer de doublon.",Pourquoi la narcose à l’air s’accentue-t-elle généralement avec la profondeur ?,partage_reviewed,docs/reviews/n3/00-reprises-n2.md
n2-narcose-variabilite-001,P309,cards/n2/10-narcose.yaml,10,R,"Socle commun utile au N3 ; relire recto, verso et sources avant inclusion explicite, sans créer de doublon.",Un plongeur n’a jamais ressenti de narcose à 30 m. Peut-il considérer cette profondeur comme un seuil garanti sans effet pour ses prochaines plongées ?,partage_reviewed,docs/reviews/n3/00-reprises-n2.md
n2-narcose-capacites-001,P313,cards/n2/10-narcose.yaml,10,R,"Socle commun utile au N3 ; relire recto, verso et sources avant inclusion explicite, sans créer de doublon.",Pourquoi une euphorie inhabituelle en profondeur peut-elle être aussi inquiétante qu’une angoisse ?,partage_reviewed,docs/reviews/n3/00-reprises-n2.md
n2-narcose-conditions-001,P316,cards/n2/10-narcose.yaml,10,R,"Socle commun utile au N3 ; relire recto, verso et sources avant inclusion explicite, sans créer de doublon.","Pourquoi fatigue, anxiété et manque de pratique récente doivent-ils inciter à choisir une plongée moins exigeante ?",partage_reviewed,docs/reviews/n3/00-reprises-n2.md
n2-narcose-medicaments-001,P319,cards/n2/10-narcose.yaml,10,R,"Socle commun utile au N3 ; relire recto, verso et sources avant inclusion explicite, sans créer de doublon.",Un plongeur prend un médicament provoquant somnolence ou ralentissement. Quelle démarche permet d’évaluer sa compatibilité avec une plongée profonde ?,partage_reviewed,docs/reviews/n3/00-reprises-n2.md
n2-narcose-reaction-001,P321,cards/n2/10-narcose.yaml,10,R,"Socle commun utile au N3 ; relire recto, verso et sources avant inclusion explicite, sans créer de doublon.","Lorsqu’une narcose est suspectée en immersion, quel changement de profondeur aide généralement à réduire ses effets ?",partage_reviewed,docs/reviews/n3/00-reprises-n2.md
n2-narcose-equipier-001,P325,cards/n2/10-narcose.yaml,10,R,"Socle commun utile au N3 ; relire recto, verso et sources avant inclusion explicite, sans créer de doublon.","En profondeur, un équipier répond lentement aux signes et répète une manipulation inutile. Quelle conduite adopter face à cette altération inhabituelle ?",partage_reviewed,docs/reviews/n3/00-reprises-n2.md
n2-narcose-apres-sortie-001,P326,cards/n2/10-narcose.yaml,10,R,"Socle commun utile au N3 ; relire recto, verso et sources avant inclusion explicite, sans créer de doublon.",Pourquoi une confusion ou une faiblesse persistante après la sortie de l’eau ne doit-elle pas être simplement attribuée à une narcose vécue au fond ?,partage_reviewed,docs/reviews/n3/00-reprises-n2.md
n2-add-henry-001,P328,cards/n2/11-add.yaml,11,R,"Socle commun utile au N3 ; relire recto, verso et sources avant inclusion explicite, sans créer de doublon.","À température constante, quel effet a une augmentation de la pression partielle d’un gaz sur sa quantité dissoute à l’équilibre dans un liquide ?",partage_reviewed,docs/reviews/n3/00-reprises-n2.md
n2-add-bouteille-001,P330,cards/n2/11-add.yaml,11,P,Acquis N2 ou détail périphérique : non inclus par défaut dans N3 ; conserver accessible dans N2 et réexaminer uniquement si un manque est démontré.,Pourquoi des bulles apparaissent-elles à l’ouverture d’une bouteille d’eau gazeuse ?,non_selectionnee,
n2-add-profondeur-001,P333,cards/n2/11-add.yaml,11,R,"Socle commun utile au N3 ; relire recto, verso et sources avant inclusion explicite, sans créer de doublon.","À durée et mélange respiré comparables, pourquoi une plongée plus profonde tend-elle à augmenter la charge en azote ?",partage_reviewed,docs/reviews/n3/00-reprises-n2.md
n2-add-duree-001,P334,cards/n2/11-add.yaml,11,R,"Socle commun utile au N3 ; relire recto, verso et sources avant inclusion explicite, sans créer de doublon.","À profondeur constante, pourquoi prolonger une plongée peut-il augmenter les obligations de désaturation ?",partage_reviewed,docs/reviews/n3/00-reprises-n2.md
n2-add-tissus-001,P335,cards/n2/11-add.yaml,11,R,"Socle commun utile au N3 ; relire recto, verso et sources avant inclusion explicite, sans créer de doublon.",Pourquoi tous les tissus ne se chargent-ils pas en azote à la même vitesse ?,partage_reviewed,docs/reviews/n3/00-reprises-n2.md
n2-add-apres-sortie-001,P336,cards/n2/11-add.yaml,11,R,"Socle commun utile au N3 ; relire recto, verso et sources avant inclusion explicite, sans créer de doublon.",Pourquoi sortir de l’eau ne signifie-t-il pas que tout l’azote supplémentaire a été éliminé ?,partage_reviewed,docs/reviews/n3/00-reprises-n2.md
n2-add-poumons-001,P337,cards/n2/11-add.yaml,11,R,"Socle commun utile au N3 ; relire recto, verso et sources avant inclusion explicite, sans créer de doublon.",Par quel trajet l’azote dissous dans les tissus est-il éliminé pendant la désaturation ?,partage_reviewed,docs/reviews/n3/00-reprises-n2.md
n2-add-bulles-001,P338,cards/n2/11-add.yaml,11,R,"Socle commun utile au N3 ; relire recto, verso et sources avant inclusion explicite, sans créer de doublon.",Pourquoi une diminution trop rapide de pression favorise-t-elle un accident de désaturation ?,partage_reviewed,docs/reviews/n3/00-reprises-n2.md
n2-add-froid-effort-001,P341,cards/n2/11-add.yaml,11,R,"Socle commun utile au N3 ; relire recto, verso et sources avant inclusion explicite, sans créer de doublon.",Pourquoi la température et l’effort doivent-ils être pris en compte dans le risque de désaturation ?,partage_reviewed,docs/reviews/n3/00-reprises-n2.md
n2-add-modele-001,P343,cards/n2/11-add.yaml,11,R,"Socle commun utile au N3 ; relire recto, verso et sources avant inclusion explicite, sans créer de doublon.",Un plongeur a respecté les indications de son ordinateur. Pourquoi un accident de désaturation reste-t-il possible ?,partage_reviewed,docs/reviews/n3/00-reprises-n2.md
n2-add-retard-001,P344,cards/n2/11-add.yaml,11,R,"Socle commun utile au N3 ; relire recto, verso et sources avant inclusion explicite, sans créer de doublon.",Pourquoi l’absence de symptôme immédiat au retour au bateau n’écarte-t-elle pas un accident de désaturation ?,partage_reviewed,docs/reviews/n3/00-reprises-n2.md
n2-add-peau-001,P346,cards/n2/11-add.yaml,11,R,"Socle commun utile au N3 ; relire recto, verso et sources avant inclusion explicite, sans créer de doublon.","Après une plongée, des démangeaisons s’accompagnent de marbrures inhabituelles sur le tronc. Pourquoi faut-il les signaler rapidement ?",partage_reviewed,docs/reviews/n3/00-reprises-n2.md
n2-add-oreille-interne-001,P350,cards/n2/11-add.yaml,11,R,"Socle commun utile au N3 ; relire recto, verso et sources avant inclusion explicite, sans créer de doublon.","Un vertige persiste après la sortie de l’eau, avec baisse d’audition. Pourquoi ne faut-il pas conclure à un simple problème d’équilibrage ?",partage_reviewed,docs/reviews/n3/00-reprises-n2.md
n2-add-fatigue-001,P354,cards/n2/11-add.yaml,11,R,"Socle commun utile au N3 ; relire recto, verso et sources avant inclusion explicite, sans créer de doublon.","Après une plongée, un équipier devient anormalement épuisé et se comporte différemment d’habitude. Pourquoi faut-il le signaler au responsable ?",partage_reviewed,docs/reviews/n3/00-reprises-n2.md
n2-add-oxygene-001,P359,cards/n2/11-add.yaml,11,R,"Socle commun utile au N3 ; relire recto, verso et sources avant inclusion explicite, sans créer de doublon.","En cas de suspicion d’accident de désaturation, pourquoi administrer de l’oxygène en surface ?",partage_reviewed,docs/reviews/n3/00-reprises-n2.md
n2-add-position-001,P360,cards/n2/11-add.yaml,11,V,Revalidation obligatoire des recommandations de secours/remontée : divergences G03–G06 du plan N3.,"Une victime consciente et qui respire présente un malaise après plongée. Quelle position lui proposer, notamment si elle est gênée pour respirer ?",verification_en_attente,
n2-add-eau-001,P361,cards/n2/11-add.yaml,11,V,Revalidation obligatoire des recommandations de secours/remontée : divergences G03–G06 du plan N3.,Quelles conditions faut-il réunir avant de proposer de l’eau à une victime d’accident de plongée ?,verification_en_attente,
n2-add-transmission-001,P362,cards/n2/11-add.yaml,11,R,"Socle commun utile au N3 ; relire recto, verso et sources avant inclusion explicite, sans créer de doublon.",Quelles informations conserver pour les secours lorsqu’un symptôme apparaît après une plongée ?,partage_reviewed,docs/reviews/n3/00-reprises-n2.md
n2-add-equipiers-001,P365,cards/n2/11-add.yaml,11,R,"Socle commun utile au N3 ; relire recto, verso et sources avant inclusion explicite, sans créer de doublon.",Pourquoi surveiller également les autres membres de la palanquée lorsqu’un accident de désaturation est suspecté ?,partage_reviewed,docs/reviews/n3/00-reprises-n2.md
n2-add-evacuation-001,P368,cards/n2/11-add.yaml,11,R,"Socle commun utile au N3 ; relire recto, verso et sources avant inclusion explicite, sans créer de doublon.",Pourquoi faut-il organiser l’évacuation d’un accidenté avec les secours plutôt que partir spontanément vers le premier caisson trouvé ?,partage_reviewed,docs/reviews/n3/00-reprises-n2.md
n2-add-remontee-001,P369,cards/n2/11-add.yaml,11,R,"Socle commun utile au N3 ; relire recto, verso et sources avant inclusion explicite, sans créer de doublon.",Pourquoi respecter à la fois les paliers et la vitesse de remontée prévue par son moyen de désaturation ?,partage_reviewed,docs/reviews/n3/00-reprises-n2.md
n2-add-effort-surface-001,P370,cards/n2/11-add.yaml,11,R,"Socle commun utile au N3 ; relire recto, verso et sources avant inclusion explicite, sans créer de doublon.",Pourquoi éviter de porter seul des charges lourdes juste après une plongée ?,partage_reviewed,docs/reviews/n3/00-reprises-n2.md
n2-add-apnee-001,P371,cards/n2/11-add.yaml,11,R,"Socle commun utile au N3 ; relire recto, verso et sources avant inclusion explicite, sans créer de doublon.",Pourquoi éviter d’enchaîner une séance d’apnée profonde après une plongée bouteille ?,partage_reviewed,docs/reviews/n3/00-reprises-n2.md
n2-add-yoyo-001,P374,cards/n2/11-add.yaml,11,R,"Socle commun utile au N3 ; relire recto, verso et sources avant inclusion explicite, sans créer de doublon.",Pourquoi les remontées et redescendes répétées ne doivent-elles pas être considérées comme équivalentes à une plongée stable à la même profondeur maximale ?,partage_reviewed,docs/reviews/n3/00-reprises-n2.md
n2-add-avion-001,P376,cards/n2/11-add.yaml,11,R,"Socle commun utile au N3 ; relire recto, verso et sources avant inclusion explicite, sans créer de doublon.",Un plongeur sans symptôme a fait plusieurs plongées sans palier dans la journée. Quel intervalle minimal de surface recommande DAN avant un vol dont la pression en cabine correspond à une altitude de 610 à 2 438 m ?,partage_reviewed,docs/reviews/n3/00-reprises-n2.md
n2-add-articulation-001,P377,cards/n2/11-add.yaml,11,R,"Socle commun utile au N3 ; relire recto, verso et sources avant inclusion explicite, sans créer de doublon.",Une douleur profonde inhabituelle à l’épaule apparaît après une plongée. Le plongeur la met sur le compte du portage du bloc. Quelle décision prendre ?,partage_reviewed,docs/reviews/n3/00-reprises-n2.md
n2-tables-profil-carre-001,P381,cards/n2/12-tables.yaml,12,R,"Socle commun utile au N3 ; relire recto, verso et sources avant inclusion explicite, sans créer de doublon.","Dans la lecture classique des MN90, pourquoi retient-on la profondeur maximale plutôt que la profondeur moyenne ?",partage_reviewed,docs/reviews/n3/00-reprises-n2.md
n2-tables-duree-001,P384,cards/n2/12-tables.yaml,12,R,"Socle commun utile au N3 ; relire recto, verso et sources avant inclusion explicite, sans créer de doublon.","Dans une plongée simple MN90 à remontée normale, entre quels instants compte-t-on la durée utilisée pour entrer dans la table ?",partage_reviewed,docs/reviews/n3/00-reprises-n2.md
n2-tables-arrondis-001,P386,cards/n2/12-tables.yaml,12,R,"Socle commun utile au N3 ; relire recto, verso et sources avant inclusion explicite, sans créer de doublon.","Exercice MN90 : la profondeur maximale est 19 m et la durée avant remontée 31 min 10 s. La table comporte 18 et 20 m, puis 30 et 35 min à 20 m. Quelle ligne retenir ?",partage_reviewed,docs/reviews/n3/00-reprises-n2.md
n2-tables-domaine-001,P388,cards/n2/12-tables.yaml,12,R,"Socle commun utile au N3 ; relire recto, verso et sources avant inclusion explicite, sans créer de doublon.",Pour quelles conditions de gaz et d’effort les tables MN90 ont-elles été établies ?,partage_reviewed,docs/reviews/n3/00-reprises-n2.md
n2-tables-deux-plongees-001,P375,cards/n2/12-tables.yaml,12,P,Acquis N2 ou détail périphérique : non inclus par défaut dans N3 ; conserver accessible dans N2 et réexaminer uniquement si un manque est démontré.,La limite de deux plongées par 24 heures des tables MN90 devient-elle automatiquement une limite identique pour tout ordinateur ?,non_selectionnee,
n2-tables-sans-palier-001,P390,cards/n2/12-tables.yaml,12,P,Acquis N2 ou détail périphérique : non inclus par défaut dans N3 ; conserver accessible dans N2 et réexaminer uniquement si un manque est démontré.,Que signifie une durée située dans la zone sans palier obligatoire d’une table ?,non_selectionnee,
n2-tables-dtr-001,P394,cards/n2/12-tables.yaml,12,P,Acquis N2 ou détail périphérique : non inclus par défaut dans N3 ; conserver accessible dans N2 et réexaminer uniquement si un manque est démontré.,"Que comprend la durée totale de remontée, ou DTR, d’un exercice de tables MN90 ?",non_selectionnee,
n2-tables-gps-001,P395,cards/n2/12-tables.yaml,12,R,"Socle commun utile au N3 ; relire recto, verso et sources avant inclusion explicite, sans créer de doublon.","À quoi sert le groupe de plongée successive, ou GPS, donné par une lettre à la sortie d’une plongée MN90 ?",partage_reviewed,docs/reviews/n3/00-reprises-n2.md
n2-tables-vitesses-001,P396,cards/n2/12-tables.yaml,12,P,Acquis N2 ou détail périphérique : non inclus par défaut dans N3 ; conserver accessible dans N2 et réexaminer uniquement si un manque est démontré.,"Dans les MN90 au niveau de la mer, quelles vitesses distingue-t-on pour remonter du fond puis entre les paliers ?",non_selectionnee,
n2-tables-ordinateur-001,P398,cards/n2/12-tables.yaml,12,P,Acquis N2 ou détail périphérique : non inclus par défaut dans N3 ; conserver accessible dans N2 et réexaminer uniquement si un manque est démontré.,Un ordinateur impose une vitesse de remontée inférieure à celle des MN90. Quelle référence suivre pendant cette plongée conduite à l’ordinateur ?,non_selectionnee,
n2-tables-intervalles-001,P399,cards/n2/12-tables.yaml,12,P,Acquis N2 ou détail périphérique : non inclus par défaut dans N3 ; conserver accessible dans N2 et réexaminer uniquement si un manque est démontré.,"Dans les exercices MN90, à quelles catégories appartiennent deux plongées séparées par exactement 15 min de surface, puis par exactement 12 h ?",non_selectionnee,
n2-tables-majoration-001,P405,cards/n2/12-tables.yaml,12,R,"Socle commun utile au N3 ; relire recto, verso et sources avant inclusion explicite, sans créer de doublon.","Dans une plongée successive MN90, que représente la majoration ajoutée au temps de la deuxième plongée ?",partage_reviewed,docs/reviews/n3/00-reprises-n2.md
n2-tables-temps-fictif-001,P406,cards/n2/12-tables.yaml,12,P,Acquis N2 ou détail périphérique : non inclus par défaut dans N3 ; conserver accessible dans N2 et réexaminer uniquement si un manque est démontré.,"Exercice de successive : majoration 13 min, durée réelle de la deuxième plongée 22 min. Quelle durée sert à lire ses paliers ?",non_selectionnee,
n2-tables-variables-001,P407,cards/n2/12-tables.yaml,12,R,"Socle commun utile au N3 ; relire recto, verso et sources avant inclusion explicite, sans créer de doublon.",Quelles trois données faut-il connaître pour déterminer la majoration MN90 d’une deuxième plongée ?,partage_reviewed,docs/reviews/n3/00-reprises-n2.md
n2-tables-remontee-lente-001,P408,cards/n2/12-tables.yaml,12,P,Acquis N2 ou détail périphérique : non inclus par défaut dans N3 ; conserver accessible dans N2 et réexaminer uniquement si un manque est démontré.,"Exercice MN90 : 20 min jusqu’au départ du fond, puis 4 min de remontée lente jusqu’au premier palier. Quelle durée retenir avant les arrondis de lecture ?",non_selectionnee,
n2-tables-courbe-001,P412,cards/n2/12-tables.yaml,12,P,Acquis N2 ou détail périphérique : non inclus par défaut dans N3 ; conserver accessible dans N2 et réexaminer uniquement si un manque est démontré.,Extrait MN90 à 20 m : 40 min sans palier ; 45 min avec 1 min à 3 m. Une plongée simple dure 41 min avant une remontée normale. Faut-il lire une ligne avec palier ?,non_selectionnee,
n2-tables-calcul-dtr-001,P413,cards/n2/12-tables.yaml,12,P,Acquis N2 ou détail périphérique : non inclus par défaut dans N3 ; conserver accessible dans N2 et réexaminer uniquement si un manque est démontré.,"Exercice MN90 : départ de 30 m, un seul palier de 9 min à 3 m. Employer 15 m/min jusqu’au palier, puis 6 m/min à la surface, et arrondir la somme à la minute supérieure. Quelle DTR ?",non_selectionnee,
n2-tables-successive-001,P414,cards/n2/12-tables.yaml,12,R,"Socle commun utile au N3 ; relire recto, verso et sources avant inclusion explicite, sans créer de doublon.","Exercice MN90 : GPS H, intervalle de surface 2 h, deuxième plongée prévue à 20 m pendant 20 min. Extraits : H/2 h → azote résiduel 0,98 ; tableau II, 0,99/20 m → majoration 22 min ; à 20 m, 40 min → sans palier, 45 min → 1 min à 3 m. Quels paliers lire pour la seconde ?",partage_reviewed,docs/reviews/n3/00-reprises-n2.md
n2-tables-intervalle-arrondi-001,P414,cards/n2/12-tables.yaml,12,R,"Socle commun utile au N3 ; relire recto, verso et sources avant inclusion explicite, sans créer de doublon.","Exercice MN90 : GPS H, intervalle réel 2 h 10. Tableau I : H/2 h = 0,98 ; H/2 h 30 = 0,95. Quel intervalle tabulé retenir pour lire l’azote résiduel ?",partage_reviewed,docs/reviews/n3/00-reprises-n2.md
n2-tables-successive-duree-maximale-001,P642,cards/n2/12-tables.yaml,12,R,"Socle commun utile au N3 ; relire recto, verso et sources avant inclusion explicite, sans créer de doublon.","Exercice MN90 : à 20 m, la dernière ligne sans palier obligatoire est 40 min. Pour une deuxième plongée à 20 m, la majoration calculée vaut 22 min. Quelle durée réelle maximale avant remontée reste dans cette ligne sans palier ?",partage_reviewed,docs/reviews/n3/00-reprises-n2.md
n2-tables-dtr-plusieurs-paliers-001,P643,cards/n2/12-tables.yaml,12,P,Acquis N2 ou détail périphérique : non inclus par défaut dans N3 ; conserver accessible dans N2 et réexaminer uniquement si un manque est démontré.,"Exercice MN90 de calcul de trajet : départ du fond à 28 m, arrêts imposés par l’énoncé de 1 min à 6 m puis 4 min à 3 m. Employer 15 m/min jusqu’au premier arrêt, puis 6 m/min entre les arrêts et jusqu’à la surface. Arrondir la somme à la minute supérieure. Quelle durée totale de remontée ?",non_selectionnee,
n2-ordinateurs-profil-001,P415,cards/n2/13-ordinateurs.yaml,13,R,"Socle commun utile au N3 ; relire recto, verso et sources avant inclusion explicite, sans créer de doublon.",Pourquoi un ordinateur peut-il donner une décompression différente d’une table pour une plongée qui remonte progressivement le long d’un tombant ?,partage_reviewed,docs/reviews/n3/00-reprises-n2.md
n2-ordinateurs-affichages-001,P418,cards/n2/13-ordinateurs.yaml,13,R,"Socle commun utile au N3 ; relire recto, verso et sources avant inclusion explicite, sans créer de doublon.",Un écran affiche temps de plongée 24 min et temps restant sans palier 6 min à la profondeur actuelle. Que représentent ces deux valeurs ?,partage_reviewed,docs/reviews/n3/00-reprises-n2.md
n2-ordinateurs-alarme-vitesse-001,P422,cards/n2/13-ordinateurs.yaml,13,P,Acquis N2 ou détail périphérique : non inclus par défaut dans N3 ; conserver accessible dans N2 et réexaminer uniquement si un manque est démontré.,"Sur un Suunto Zoop Novo, une alarme sonore s’accompagne du message SLOW. Que signale-t-elle et quelle action attend-elle ?",non_selectionnee,
n2-ordinateurs-gaz-001,P423,cards/n2/13-ordinateurs.yaml,13,R,"Socle commun utile au N3 ; relire recto, verso et sources avant inclusion explicite, sans créer de doublon.","Pourquoi vérifier le gaz sélectionné sur l’ordinateur avant de plonger, même si la profondeur affichée paraît correcte ?",partage_reviewed,docs/reviews/n3/00-reprises-n2.md
n2-ordinateurs-salinite-001,P424,cards/n2/13-ordinateurs.yaml,13,P,Acquis N2 ou détail périphérique : non inclus par défaut dans N3 ; conserver accessible dans N2 et réexaminer uniquement si un manque est démontré.,"Sur un appareil offrant un réglage de salinité, à quoi sert ce réglage dans l’affichage de profondeur ?",non_selectionnee,
n2-ordinateurs-historique-001,P427,cards/n2/13-ordinateurs.yaml,13,R,"Socle commun utile au N3 ; relire recto, verso et sources avant inclusion explicite, sans créer de doublon.","Entre deux plongées rapprochées, pourquoi remplacer son ordinateur par celui d’un équipier peut-il fausser la décompression affichée ?",partage_reviewed,docs/reviews/n3/00-reprises-n2.md
n2-ordinateurs-controle-001,P430,cards/n2/13-ordinateurs.yaml,13,R,"Socle commun utile au N3 ; relire recto, verso et sources avant inclusion explicite, sans créer de doublon.","Avant immersion, quel ensemble de contrôles couvre le fonctionnement et les paramètres utilisés par l’ordinateur pour la plongée prévue ?",partage_reviewed,docs/reviews/n3/00-reprises-n2.md
n2-ordinateurs-collectif-001,P432,cards/n2/13-ordinateurs.yaml,13,R,"Socle commun utile au N3 ; relire recto, verso et sources avant inclusion explicite, sans créer de doublon.","Votre ordinateur n’indique plus de palier obligatoire, mais celui de votre équipier en impose encore un. Comment organiser la fin de plongée, avec du gaz suffisant ?",partage_reviewed,docs/reviews/n3/00-reprises-n2.md
n2-ordinateurs-differences-001,P433,cards/n2/13-ordinateurs.yaml,13,R,"Socle commun utile au N3 ; relire recto, verso et sources avant inclusion explicite, sans créer de doublon.",Deux plongeurs restent côte à côte pendant une plongée mais leurs ordinateurs annoncent des paliers différents. Quelles différences peuvent l’expliquer ?,partage_reviewed,docs/reviews/n3/00-reprises-n2.md
n2-ordinateurs-dtr-augmente-001,P438,cards/n2/13-ordinateurs.yaml,13,R,"Socle commun utile au N3 ; relire recto, verso et sources avant inclusion explicite, sans créer de doublon.","Pendant l’exploration, la durée totale de remontée affichée augmente. Quelle conséquence pour la décision de rester au fond ?",partage_reviewed,docs/reviews/n3/00-reprises-n2.md
n2-ordinateurs-ndl-air-001,P439,cards/n2/13-ordinateurs.yaml,13,R,"Socle commun utile au N3 ; relire recto, verso et sources avant inclusion explicite, sans créer de doublon.","Un ordinateur annonce 12 min sans palier, mais la réserve de gaz convenue sera atteinte dans 4 min à la consommation actuelle. Quelle contrainte commande la décision de fin d’exploration ?",partage_reviewed,docs/reviews/n3/00-reprises-n2.md
n2-ordinateurs-sonde-001,P440,cards/n2/13-ordinateurs.yaml,13,R,"Socle commun utile au N3 ; relire recto, verso et sources avant inclusion explicite, sans créer de doublon.",Pourquoi un ordinateur sans liaison de pression avec le bloc ne peut-il pas connaître directement le gaz encore disponible ?,partage_reviewed,docs/reviews/n3/00-reprises-n2.md
n2-ordinateurs-verrouillage-001,P441,cards/n2/13-ordinateurs.yaml,13,P,Acquis N2 ou détail périphérique : non inclus par défaut dans N3 ; conserver accessible dans N2 et réexaminer uniquement si un manque est démontré.,Un Suunto Zoop Novo reste plus de 3 min au-dessus de son plafond de décompression et affiche ER. Quelle information de décompression devient indisponible et pour quelle durée annoncée par le manuel ?,non_selectionnee,
n2-ordinateurs-manuel-001,P443,cards/n2/13-ordinateurs.yaml,13,R,"Socle commun utile au N3 ; relire recto, verso et sources avant inclusion explicite, sans créer de doublon.",Vous empruntez pour la première fois un modèle d’ordinateur différent. Quelles informations de son manuel devez-vous maîtriser pour gérer la remontée ?,partage_reviewed,docs/reviews/n3/00-reprises-n2.md
n2-ordinateurs-lisibilite-001,P445,cards/n2/13-ordinateurs.yaml,13,P,Acquis N2 ou détail périphérique : non inclus par défaut dans N3 ; conserver accessible dans N2 et réexaminer uniquement si un manque est démontré.,Pourquoi tester la lecture de l’écran avec son masque et sa correction visuelle avant de choisir un ordinateur ?,non_selectionnee,
n2-ordinateurs-modes-001,P446,cards/n2/13-ordinateurs.yaml,13,P,Acquis N2 ou détail périphérique : non inclus par défaut dans N3 ; conserver accessible dans N2 et réexaminer uniquement si un manque est démontré.,Vous voulez utiliser plus tard un mélange contenant plus de 21 % d’oxygène avec calcul de décompression. Quelle fonction de l’ordinateur faut-il vérifier ?,non_selectionnee,
n2-ordinateurs-gf-principe-001,P637,cards/n2/13-ordinateurs.yaml,13,P,Acquis N2 ou détail périphérique : non inclus par défaut dans N3 ; conserver accessible dans N2 et réexaminer uniquement si un manque est démontré.,"Dans un modèle Bühlmann à gradient factors, que représente le pourcentage d’un GF par rapport à la pression ambiante et à la limite du modèle ?",non_selectionnee,
n2-ordinateurs-gf-air-ffessm-001,P638,cards/n2/13-ordinateurs.yaml,13,A,Adapter le contexte N2/PA20 au champ commun ou traiter par un objectif N3 ; contrôler l’effet sur le recto N2 avant tout changement.,"Pour une planification PA20 FFESSM à l’air avec un ordinateur réglable par gradient factors, quelle relation et quelle plage de valeurs sont indiquées pour GF bas et GF haut ?",adaptation_a_revoir,
n2-ordinateurs-plafond-lecture-001,P644,cards/n2/13-ordinateurs.yaml,13,R,"Socle commun utile au N3 ; relire recto, verso et sources avant inclusion explicite, sans créer de doublon.","Pendant une décompression, un Suunto Zoop Novo affiche CEILING 6 m. Le plongeur est à 7 m. Rejoindre 5 m respecterait-il ce plafond ?",partage_reviewed,docs/reviews/n3/00-reprises-n2.md
n2-ordinateurs-plafonds-differents-001,P645,cards/n2/13-ordinateurs.yaml,13,R,"Socle commun utile au N3 ; relire recto, verso et sources avant inclusion explicite, sans créer de doublon.","Deux équipiers utilisent des ordinateurs avec un plafond de décompression à ne pas franchir. A indique 6 m, B indique 3 m. Ils sont ensemble à 7 m, avec du gaz suffisant. Peuvent-ils rejoindre ensemble 3 m à cet instant ?",partage_reviewed,docs/reviews/n3/00-reprises-n2.md
n2-remontees-anormales-references-001,P454,cards/n2/14-remontees-anormales.yaml,14,R,"Socle commun utile au N3 ; relire recto, verso et sources avant inclusion explicite, sans créer de doublon.",Pourquoi distinguer les anciennes procédures MN90 et les préconisations fédérales de remontée anormale à l’air avec ordinateur adoptées en 2024 ?,partage_reviewed,docs/reviews/n3/00-reprises-n2.md
n2-remontees-anormales-seuil-001,P456,cards/n2/14-remontees-anormales.yaml,14,V,Revalidation obligatoire des recommandations de secours/remontée : divergences G03–G06 du plan N3.,"En plongée à l’air avec ordinateur, quels critères définissent la remontée trop rapide dans les préconisations fédérales de 2024 ?",verification_en_attente,
n2-remontees-anormales-rattrapage-001,P458,cards/n2/14-remontees-anormales.yaml,14,V,Revalidation obligatoire des recommandations de secours/remontée : divergences G03–G06 du plan N3.,"Après une remontée trop rapide répondant aux critères fédéraux de 2024, à l’air avec ordinateur, quel rattrapage prévoit le texte si le plongeur n’a aucun signe d’accident et que la réimmersion est réalisable avec assistance et gaz suffisants pour rejoindre la mi-profondeur en moins de 3 min ?",verification_en_attente,
n2-remontees-anormales-impossible-001,P461,cards/n2/14-remontees-anormales.yaml,14,V,Revalidation obligatoire des recommandations de secours/remontée : divergences G03–G06 du plan N3.,"Après une remontée trop rapide répondant aux critères fédéraux de 2024, à l’air avec ordinateur, que prévoit le texte lorsque la réimmersion est impossible ?",verification_en_attente,
n2-remontees-anormales-yoyos-001,P463,cards/n2/14-remontees-anormales.yaml,14,R,"Socle commun utile au N3 ; relire recto, verso et sources avant inclusion explicite, sans créer de doublon.",Quel profil appelle-t-on « multi-yoyos » lors d’exercices de remontée assistée ?,partage_reviewed,docs/reviews/n3/00-reprises-n2.md
n2-remontees-anormales-six-metres-001,P464,cards/n2/14-remontees-anormales.yaml,14,V,Revalidation obligatoire des recommandations de secours/remontée : divergences G03–G06 du plan N3.,"Pour des exercices comportant plusieurs remontées, quelle limite de proximité de la surface les préconisations fédérales de 2024 demandent-elles de respecter dans la mesure du possible ?",verification_en_attente,
n2-remontees-anormales-confort-001,P465,cards/n2/14-remontees-anormales.yaml,14,R,"Socle commun utile au N3 ; relire recto, verso et sources avant inclusion explicite, sans créer de doublon.",Pourquoi un palier de décompression obligatoire manqué et un simple palier de confort interrompu ne déclenchent-ils pas automatiquement la même procédure ?,partage_reviewed,docs/reviews/n3/00-reprises-n2.md
n2-remontees-anormales-interruption-001,P466,cards/n2/14-remontees-anormales.yaml,14,V,Revalidation obligatoire des recommandations de secours/remontée : divergences G03–G06 du plan N3.,Un palier obligatoire est interrompu lors d’une plongée à l’air avec ordinateur. Le plongeur est sans signe d’accident ; le gaz et l’assistance permettent de regagner le palier en moins de 3 min. Quelle reprise prévoit la recommandation fédérale de 2024 ?,verification_en_attente,
n2-remontees-anormales-observation-001,P468,cards/n2/14-remontees-anormales.yaml,14,V,Revalidation obligatoire des recommandations de secours/remontée : divergences G03–G06 du plan N3.,"En mer, jusqu’à 3 min de palier obligatoire ont été manquées à l’air avec ordinateur. Sans signe d’accident et sans réimmersion possible, quel suivi associe le texte de 2024 et l’avis médical demandé par le RIFAP 2026 ?",verification_en_attente,
n2-remontees-anormales-symptomes-001,P472,cards/n2/14-remontees-anormales.yaml,14,R,"Socle commun utile au N3 ; relire recto, verso et sources avant inclusion explicite, sans créer de doublon.","Après un palier obligatoire manqué, le plongeur présente une faiblesse ou des fourmillements. Faut-il le réimmerger pour finir ses paliers ?",partage_reviewed,docs/reviews/n3/00-reprises-n2.md
n2-gonflage-blocs-compresseur-001,P474,cards/n2/15-gonflage-blocs.yaml,15,R,"Socle commun utile au N3 ; relire recto, verso et sources avant inclusion explicite, sans créer de doublon.",Pourquoi une station de gonflage aspire-t-elle l’air loin de sources de fumées ou d’échappement ?,partage_reviewed,docs/reviews/n3/00-reprises-n2.md
n2-gonflage-blocs-tampons-001,P477,cards/n2/15-gonflage-blocs.yaml,15,P,Acquis N2 ou détail périphérique : non inclus par défaut dans N3 ; conserver accessible dans N2 et réexaminer uniquement si un manque est démontré.,Quelle différence entre gonfler directement avec un compresseur et utiliser une batterie de bouteilles tampons ?,non_selectionnee,
n2-gonflage-blocs-pression-001,P479,cards/n2/15-gonflage-blocs.yaml,15,R,"Socle commun utile au N3 ; relire recto, verso et sources avant inclusion explicite, sans créer de doublon.",Un bloc porte PS 230 bar et PT 345 bar. Quelle proposition interprète correctement sa limite admissible de gonflage ?,partage_reviewed,docs/reviews/n3/00-reprises-n2.md
n2-gonflage-blocs-habilitation-001,P480,cards/n2/15-gonflage-blocs.yaml,15,P,Acquis N2 ou détail périphérique : non inclus par défaut dans N3 ; conserver accessible dans N2 et réexaminer uniquement si un manque est démontré.,Le brevet N2 suffit-il à autoriser l’utilisation autonome d’une station de gonflage du club ?,non_selectionnee,
n2-gonflage-blocs-materiau-001,P483,cards/n2/15-gonflage-blocs.yaml,15,R,"Socle commun utile au N3 ; relire recto, verso et sources avant inclusion explicite, sans créer de doublon.",Le seul mot « aluminium » suffit-il à conclure qu’un bloc sera plus léger et moins négatif qu’un bloc acier ?,partage_reviewed,docs/reviews/n3/00-reprises-n2.md
n2-gonflage-blocs-bi-001,P484,cards/n2/15-gonflage-blocs.yaml,15,R,"Socle commun utile au N3 ; relire recto, verso et sources avant inclusion explicite, sans créer de doublon.",Deux bouteilles réunies en bi-bloc garantissent-elles automatiquement deux réserves indépendantes ?,partage_reviewed,docs/reviews/n3/00-reprises-n2.md
n2-gonflage-blocs-chaleur-chocs-001,P494,cards/n2/15-gonflage-blocs.yaml,15,R,"Socle commun utile au N3 ; relire recto, verso et sources avant inclusion explicite, sans créer de doublon.",Pourquoi éviter de laisser un bloc gonflé dans un véhicule surchauffé et de le faire tomber ?,partage_reviewed,docs/reviews/n3/00-reprises-n2.md
n2-gonflage-blocs-eau-001,P495,cards/n2/15-gonflage-blocs.yaml,15,P,Acquis N2 ou détail périphérique : non inclus par défaut dans N3 ; conserver accessible dans N2 et réexaminer uniquement si un manque est démontré.,Pourquoi un bloc vide ne doit-il pas rester robinet ouvert dans l’eau ou au fond d’un bateau mouillé ?,non_selectionnee,
n2-gonflage-blocs-vidange-001,P496,cards/n2/15-gonflage-blocs.yaml,15,P,Acquis N2 ou détail périphérique : non inclus par défaut dans N3 ; conserver accessible dans N2 et réexaminer uniquement si un manque est démontré.,Pourquoi ne faut-il pas vider brutalement un bloc en ouvrant grand son robinet à l’air libre ?,non_selectionnee,
n2-gonflage-blocs-corrosion-001,P497,cards/n2/15-gonflage-blocs.yaml,15,P,Acquis N2 ou détail périphérique : non inclus par défaut dans N3 ; conserver accessible dans N2 et réexaminer uniquement si un manque est démontré.,Des éclats de peinture et de la rouille apparaissent sous le culot d’un bloc. Pourquoi ne suffit-il pas de recouvrir la zone de peinture ?,non_selectionnee,
n2-gonflage-blocs-periodicites-001,P500,cards/n2/15-gonflage-blocs.yaml,15,R,"Socle commun utile au N3 ; relire recto, verso et sources avant inclusion explicite, sans créer de doublon.","En France, pour un bloc métallique de plongée suivi selon le cahier des charges donnant droit au régime de six ans, quelles échéances distinguer de la requalification ordinaire ?",partage_reviewed,docs/reviews/n3/00-reprises-n2.md
n2-gonflage-blocs-transport-001,P502,cards/n2/15-gonflage-blocs.yaml,15,P,Acquis N2 ou détail périphérique : non inclus par défaut dans N3 ; conserver accessible dans N2 et réexaminer uniquement si un manque est démontré.,"Pour transporter personnellement un bloc d’air gonflé en voiture, quelle précaution matérielle est essentielle ?",non_selectionnee,
n2-gonflage-blocs-date-depassee-001,P505,cards/n2/15-gonflage-blocs.yaml,15,R,"Socle commun utile au N3 ; relire recto, verso et sources avant inclusion explicite, sans créer de doublon.","La date de requalification d’un bloc a dépassé l’échéance de son régime de suivi, mais il garde sa pression sans fuite. Peut-on le faire gonfler pour une dernière plongée ?",partage_reviewed,docs/reviews/n3/00-reprises-n2.md
n2-detendeurs-pressions-001,P508,cards/n2/16-detendeurs.yaml,16,R,"Socle commun utile au N3 ; relire recto, verso et sources avant inclusion explicite, sans créer de doublon.","Sur ce schéma conceptuel d’un détendeur à deux étages, quelle réduction de pression réalise A, puis B ?

<svg xmlns=""http://www.w3.org/2000/svg"" viewBox=""0 0 640 180"" role=""img"" aria-label=""Bloc vers étage A, flexible vers étage B, puis bouche"" style=""width:100%;max-width:640px;height:auto""><rect width=""640"" height=""180"" fill=""#ffffff""/><defs><marker id=""fleche"" markerWidth=""8"" markerHeight=""8"" refX=""7"" refY=""4"" orient=""auto""><path d=""M0,0 L8,4 L0,8"" fill=""#2878a0""/></marker></defs><g fill=""#eaf5fa"" stroke=""#2878a0"" stroke-width=""2""><rect x=""10"" y=""55"" width=""110"" height=""70"" rx=""8""/><rect x=""190"" y=""55"" width=""110"" height=""70"" rx=""8""/><rect x=""370"" y=""55"" width=""110"" height=""70"" rx=""8""/><rect x=""545"" y=""55"" width=""85"" height=""70"" rx=""8""/></g><g stroke=""#2878a0"" stroke-width=""3"" marker-end=""url(#fleche)""><path d=""M120 90 H180""/><path d=""M300 90 H360""/><path d=""M480 90 H535""/></g><g fill=""#16394a"" text-anchor=""middle"" font-family=""sans-serif"" font-size=""18""><text x=""65"" y=""96"">Bloc</text><text x=""245"" y=""96"">Étage A</text><text x=""425"" y=""96"">Étage B</text><text x=""588"" y=""96"">Bouche</text><text x=""335"" y=""152"">Flexible</text></g></svg>",partage_reviewed,docs/reviews/n3/00-reprises-n2.md
n2-detendeurs-relative-absolue-001,P512,cards/n2/16-detendeurs.yaml,16,R,"Socle commun utile au N3 ; relire recto, verso et sources avant inclusion explicite, sans créer de doublon.","Une pression intermédiaire est annoncée « 9,5 bar au-dessus de l’ambiante ». Pourquoi sa valeur absolue augmente-t-elle avec la profondeur ?",partage_reviewed,docs/reviews/n3/00-reprises-n2.md
n2-detendeurs-fixations-001,P514,cards/n2/16-detendeurs.yaml,16,P,Acquis N2 ou détail périphérique : non inclus par défaut dans N3 ; conserver accessible dans N2 et réexaminer uniquement si un manque est démontré.,Quelle différence mécanique entre une fixation DIN et une fixation par étrier du premier étage ?,non_selectionnee,
n2-detendeurs-membrane-piston-001,P515,cards/n2/16-detendeurs.yaml,16,P,Acquis N2 ou détail périphérique : non inclus par défaut dans N3 ; conserver accessible dans N2 et réexaminer uniquement si un manque est démontré.,"Dans un premier étage, quelle distinction entre un mécanisme à piston et un mécanisme à membrane ?",non_selectionnee,
n2-detendeurs-cycle-001,P519,cards/n2/16-detendeurs.yaml,16,P,Acquis N2 ou détail périphérique : non inclus par défaut dans N3 ; conserver accessible dans N2 et réexaminer uniquement si un manque est démontré.,"Dans un modèle conceptuel de premier étage à membrane, comment la consommation d’air déclenche-t-elle puis arrête-t-elle l’arrivée de gaz depuis le bloc ?",non_selectionnee,
n2-detendeurs-inspiration-001,P521,cards/n2/16-detendeurs.yaml,16,P,Acquis N2 ou détail périphérique : non inclus par défaut dans N3 ; conserver accessible dans N2 et réexaminer uniquement si un manque est démontré.,Comment l’inspiration commande-t-elle l’arrivée de gaz dans un second étage classique à membrane et levier ?,non_selectionnee,
n2-detendeurs-purge-001,P523,cards/n2/16-detendeurs.yaml,16,P,Acquis N2 ou détail périphérique : non inclus par défaut dans N3 ; conserver accessible dans N2 et réexaminer uniquement si un manque est démontré.,Comment le bouton de purge d’un second étage provoque-t-il un débit sans inspiration ?,non_selectionnee,
n2-detendeurs-eau-second-etage-001,P524,cards/n2/16-detendeurs.yaml,16,P,Acquis N2 ou détail périphérique : non inclus par défaut dans N3 ; conserver accessible dans N2 et réexaminer uniquement si un manque est démontré.,Un second étage a été immergé hors de la bouche. Que faut-il faire avant d’inspirer à nouveau dedans ?,non_selectionnee,
n2-detendeurs-rincage-001,P525,cards/n2/16-detendeurs.yaml,16,P,Acquis N2 ou détail périphérique : non inclus par défaut dans N3 ; conserver accessible dans N2 et réexaminer uniquement si un manque est démontré.,"Le manuel SCUBAPRO prévoit le rinçage d’un détendeur démonté du bloc, avec un second étage R195 ou G260 doté d’un dispositif anti-marquage. Quelle configuration demande-t-il ?",non_selectionnee,
n2-detendeurs-compensation-001,P526,cards/n2/16-detendeurs.yaml,16,R,"Socle commun utile au N3 ; relire recto, verso et sources avant inclusion explicite, sans créer de doublon.",Quel intérêt a la compensation d’un premier étage lorsque la pression du bloc diminue ?,partage_reviewed,docs/reviews/n3/00-reprises-n2.md
n2-detendeurs-eau-froide-001,P532,cards/n2/16-detendeurs.yaml,16,R,"Socle commun utile au N3 ; relire recto, verso et sources avant inclusion explicite, sans créer de doublon.","Pour déterminer si un détendeur est adapté à une plongée en eau froide, quel élément faut-il vérifier au-delà du type piston ou membrane ?",partage_reviewed,docs/reviews/n3/00-reprises-n2.md
n2-detendeurs-soins-001,P537,cards/n2/16-detendeurs.yaml,16,P,Acquis N2 ou détail périphérique : non inclus par défaut dans N3 ; conserver accessible dans N2 et réexaminer uniquement si un manque est démontré.,"Pourquoi sécher et ranger son détendeur loin de la chaleur, du soleil direct et des contraintes sur les flexibles ?",non_selectionnee,
n2-detendeurs-revision-001,P539,cards/n2/16-detendeurs.yaml,16,R,"Socle commun utile au N3 ; relire recto, verso et sources avant inclusion explicite, sans créer de doublon.","Pour les détendeurs concernés par le manuel SCUBAPRO de juillet 2025, quelle échéance de révision agréée est indiquée, avec un suivi plus rapproché en usage fréquent ?",partage_reviewed,docs/reviews/n3/00-reprises-n2.md
n2-detendeurs-debit-continu-001,P540,cards/n2/16-detendeurs.yaml,16,R,"Socle commun utile au N3 ; relire recto, verso et sources avant inclusion explicite, sans créer de doublon.",Un détendeur se met en débit continu hors de la bouche. Pourquoi ce constat ne permet-il pas de diagnostiquer à lui seul un givrage ?,partage_reviewed,docs/reviews/n3/00-reprises-n2.md
n2-detendeurs-fuite-montage-001,P541,cards/n2/16-detendeurs.yaml,16,P,Acquis N2 ou détail périphérique : non inclus par défaut dans N3 ; conserver accessible dans N2 et réexaminer uniquement si un manque est démontré.,Des bulles sortent au raccord bloc–premier étage après montage. Pourquoi faut-il contrôler l’étanchéité et le montage plutôt que serrer toujours plus fort ?,non_selectionnee,
n2-detendeurs-inspiration-difficile-001,P542,cards/n2/16-detendeurs.yaml,16,R,"Socle commun utile au N3 ; relire recto, verso et sources avant inclusion explicite, sans créer de doublon.","Avant de plonger, respirer sur le détendeur demande un effort inhabituel. Que faut-il contrôler avant de décider de s’immerger ?",partage_reviewed,docs/reviews/n3/00-reprises-n2.md
n2-detendeurs-incident-immersion-001,P543,cards/n2/16-detendeurs.yaml,16,R,"Socle commun utile au N3 ; relire recto, verso et sources avant inclusion explicite, sans créer de doublon.","En immersion, un débit continu persistant fait chuter rapidement la pression du bloc. Quelle priorité pour la palanquée ?",partage_reviewed,docs/reviews/n3/00-reprises-n2.md
n2-detendeurs-bouche-001,P545,cards/n2/16-detendeurs.yaml,16,P,Acquis N2 ou détail périphérique : non inclus par défaut dans N3 ; conserver accessible dans N2 et réexaminer uniquement si un manque est démontré.,"À 20 m dans le modèle 1 bar en surface et +1 bar/10 m, un détendeur a une MP de 9,5 bar au-dessus de l’ambiante. Délivre-t-il 12,5 bar absolus dans la bouche ?",non_selectionnee,
n2-detendeurs-mp-vingt-001,P627,cards/n2/16-detendeurs.yaml,16,P,Acquis N2 ou détail périphérique : non inclus par défaut dans N3 ; conserver accessible dans N2 et réexaminer uniquement si un manque est démontré.,"Modèle fictif : premier étage réglé à 9 bar au-dessus de l’ambiante, à 20 m. Prendre 1 bar en surface et +1 bar/10 m. Quelle est sa MP absolue ?",non_selectionnee,
n2-detendeurs-mp-quarante-001,P627,cards/n2/16-detendeurs.yaml,16,P,Acquis N2 ou détail périphérique : non inclus par défaut dans N3 ; conserver accessible dans N2 et réexaminer uniquement si un manque est démontré.,"Modèle fictif : à 40 m, la MP absolue vaut 14 bar. Prendre 1 bar en surface et +1 bar/10 m. Quelle est la MP relative à l’ambiante ?",non_selectionnee,
n2-competences-transversales-communication-001,P555,cards/n2/17-competences-transversales.yaml,17,R,"Socle commun utile au N3 ; relire recto, verso et sources avant inclusion explicite, sans créer de doublon.",Deux équipiers utilisent des ordinateurs différents. Pourquoi convenir avant immersion de la façon de communiquer profondeur et durée des paliers ?,partage_reviewed,docs/reviews/n3/00-reprises-n2.md
n2-competences-transversales-retour-001,P561,cards/n2/17-competences-transversales.yaml,17,R,"Socle commun utile au N3 ; relire recto, verso et sources avant inclusion explicite, sans créer de doublon.","Pourquoi faut-il prévoir le parcours de retour et une solution de sortie alternative avant de descendre, plutôt qu’attendre le seuil de réserve pour décider ?",partage_reviewed,docs/reviews/n3/00-reprises-n2.md
n2-competences-transversales-reperes-001,P562,cards/n2/17-competences-transversales.yaml,17,R,"Socle commun utile au N3 ; relire recto, verso et sources avant inclusion explicite, sans créer de doublon.",Pourquoi choisir plusieurs repères fixes alignés plutôt que suivre seulement une impression de direction sous l’eau ?,partage_reviewed,docs/reviews/n3/00-reprises-n2.md
n2-competences-transversales-cap-retour-001,P563,cards/n2/17-competences-transversales.yaml,17,R,"Socle commun utile au N3 ; relire recto, verso et sources avant inclusion explicite, sans créer de doublon.","Exercice d’orientation : trajet rectiligne à cap 70°, sans dérive ni obstacle. Quel cap réciproque permet de revenir sur la même ligne ?",partage_reviewed,docs/reviews/n3/00-reprises-n2.md
n2-competences-transversales-cap-retour-ouest-001,P563,cards/n2/17-competences-transversales.yaml,17,R,"Socle commun utile au N3 ; relire recto, verso et sources avant inclusion explicite, sans créer de doublon.","Exercice d’orientation : aller rectiligne à cap 300°, sans dérive ni obstacle. Quel cap réciproque correspond au retour ?",partage_reviewed,docs/reviews/n3/00-reprises-n2.md
n2-competences-transversales-separation-001,P564,cards/n2/17-competences-transversales.yaml,17,R,"Socle commun utile au N3 ; relire recto, verso et sources avant inclusion explicite, sans créer de doublon.",Pourquoi convenir d’une procédure de perte de palanquée avant immersion plutôt que prolonger chacun une recherche improvisée ?,partage_reviewed,docs/reviews/n3/00-reprises-n2.md
n2-competences-transversales-renoncer-001,P569,cards/n2/17-competences-transversales.yaml,17,R,"Socle commun utile au N3 ; relire recto, verso et sources avant inclusion explicite, sans créer de doublon.","Le directeur de plongée vous autorise une exploration conforme à vos aptitudes, mais vous vous sentez inhabituellement fatigué et gêné pour respirer. Quelle décision vous appartient encore ?",partage_reviewed,docs/reviews/n3/00-reprises-n2.md
n2-competences-transversales-paliers-profonds-air-001,P639,cards/n2/17-competences-transversales.yaml,17,A,Adapter le contexte N2/PA20 au champ commun ou traiter par un objectif N3 ; contrôler l’effet sur le recto N2 avant tout changement.,"En planification PA20 FFESSM à l’air, faut-il programmer des paliers profonds supplémentaires ?",adaptation_a_revoir,
n2-lecture-pannes-eau-bouche-001,P573,cards/n2/18-lecture-pannes.yaml,18,P,Acquis N2 ou détail périphérique : non inclus par défaut dans N3 ; conserver accessible dans N2 et réexaminer uniquement si un manque est démontré.,De l’eau entre dans la bouche à l’inspiration sur un second étage. Quelle interprétation est justifiée avant contrôle du matériel ?,non_selectionnee,
n2-lecture-pannes-chambre-humide-001,P578,cards/n2/18-lecture-pannes.yaml,18,P,Acquis N2 ou détail périphérique : non inclus par défaut dans N3 ; conserver accessible dans N2 et réexaminer uniquement si un manque est démontré.,"Dans un modèle de premier étage à piston dont la chambre humide est ouverte à l’eau, des bulles d’air sortent durablement par ses orifices. Que suggère ce passage de gaz ?",non_selectionnee,
n2-lecture-pannes-flexible-001,P580,cards/n2/18-lecture-pannes.yaml,18,R,"Socle commun utile au N3 ; relire recto, verso et sources avant inclusion explicite, sans créer de doublon.",Un flexible présente une fissure ou un renflement visible. Pourquoi ne faut-il pas l’utiliser jusqu’à l’apparition d’une fuite importante ?,partage_reviewed,docs/reviews/n3/00-reprises-n2.md
